target_cohort	target_subjects	source_cohort	source_subjects	method	method_label	roc_auc_delta_vs_raw	roc_auc_mean	roc_auc_std	average_precision_mean	average_precision_std	balanced_accuracy_mean	balanced_accuracy_std	brier_score_mean	brier_score_std	expected_calibration_error_mean	expected_calibration_error_std
phase1-n62-primary	62	abide1-dparsf-filt_global-fc-low-motion-n834-v1	834	raw_fc_logistic	Raw OA FC + logistic	0.0	0.5702861952861952	0.07757020598646956	0.7905033409080134	0.03301795706918003	0.5328282828282829	0.10626333438716318	0.28409769400670337	0.04216382183908253	0.27151784937354834	0.03316818610564607
phase1-n62-primary	62	abide1-dparsf-filt_global-fc-low-motion-n834-v1	834	oa_internal_fc_ssl_logistic	OA train-fold SSL + logistic	0.0012626262626262985	0.5715488215488215	0.04248757698281892	0.8033973720729474	0.024187432973929286	0.5462962962962964	0.03627350408487415	0.2538540500905593	0.009963039542752183	0.24558008079193547	0.040054252259295306
phase1-n62-primary	62	abide1-dparsf-filt_global-fc-low-motion-n834-v1	834	abide_external_fc_ssl_logistic	Fixed ABIDE SSL + logistic	0.07196969696969713	0.6422558922558923	0.07659817033944356	0.8218810806093552	0.05496844722073562	0.5980639730639731	0.07949867685570183	0.25171268400980246	0.0380663167627986	0.24020972206575267	0.06277972784563361
phase1-n62-primary	62	abide1-dparsf-filt_global-fc-low-motion-n834-v1	834	abide_external_fc_ssl_oa_finetune_logistic	ABIDE SSL + OA train-fold fine-tune + logistic	-0.03240740740740722	0.537878787878788	0.05824526562965047	0.7572457791655435	0.039852794843926724	0.5311447811447813	0.028015890977512836	0.2651514866093665	0.022486372059220536	0.24466130717418602	0.04263650511767498
phase1-n62-primary	62	abide1-dparsf-filt_global-fc-primary-n972-v1	972	raw_fc_logistic	Raw OA FC + logistic	0.0	0.5702861952861952	0.07757020598646956	0.7905033409080134	0.03301795706918003	0.5328282828282829	0.10626333438716318	0.28409769400670337	0.04216382183908253	0.27151784937354834	0.03316818610564607
phase1-n62-primary	62	abide1-dparsf-filt_global-fc-primary-n972-v1	972	oa_internal_fc_ssl_logistic	OA train-fold SSL + logistic	0.0012626262626262985	0.5715488215488215	0.04248757698281892	0.8033973720729474	0.024187432973929286	0.5462962962962964	0.03627350408487415	0.2538540500905593	0.009963039542752183	0.24558008079193547	0.040054252259295306
phase1-n62-primary	62	abide1-dparsf-filt_global-fc-primary-n972-v1	972	abide_external_fc_ssl_logistic	Fixed ABIDE SSL + logistic	0.03409090909090917	0.6043771043771043	0.12090484340333603	0.8109476269227543	0.07348721313059946	0.5593434343434344	0.09115427094838403	0.27061458724802623	0.04955334196488074	0.24204333191748173	0.04117182454282893
phase1-n62-primary	62	abide1-dparsf-filt_global-fc-primary-n972-v1	972	abide_external_fc_ssl_oa_finetune_logistic	ABIDE SSL + OA train-fold fine-tune + logistic	0.05218855218855234	0.6224747474747475	0.0682636060147135	0.818187420493404	0.04618798688395818	0.5446127946127947	0.06415002990995845	0.24450343329851817	0.020738329435506155	0.19485541666302686	0.03053078082837773
phase1-n64-sensitivity	64	abide1-dparsf-filt_global-fc-low-motion-n834-v1	834	raw_fc_logistic	Raw OA FC + logistic	0.0	0.5921900161030597	0.06420684846490422	0.787673363536371	0.06287590396764331	0.5462962962962964	0.05614751488441593	0.26949032906651155	0.03298781037433856	0.2520772114901354	0.029497653358961668
phase1-n64-sensitivity	64	abide1-dparsf-filt_global-fc-low-motion-n834-v1	834	oa_internal_fc_ssl_logistic	OA train-fold SSL + logistic	-0.011674718196457379	0.5805152979066023	0.02168314494282645	0.8068383920467901	0.01870574053696641	0.535024154589372	0.022626804342023178	0.2529873010454387	0.007603678478202546	0.21224196611718746	0.00935640199855979
phase1-n64-sensitivity	64	abide1-dparsf-filt_global-fc-low-motion-n834-v1	834	abide_external_fc_ssl_logistic	Fixed ABIDE SSL + logistic	0.10829307568437996	0.7004830917874396	0.003195351824957249	0.8474903552941857	0.028591141065486467	0.6610305958132046	0.030225425675838875	0.22165548691521575	0.0057974804381533155	0.1977261877495313	0.023821274945516936
phase1-n64-sensitivity	64	abide1-dparsf-filt_global-fc-low-motion-n834-v1	834	abide_external_fc_ssl_oa_finetune_logistic	ABIDE SSL + OA train-fold fine-tune + logistic	-0.005636070853462183	0.5865539452495975	0.04673356476950549	0.7963264822888728	0.033043871094824345	0.5652173913043478	0.01977138350693825	0.2525439472195962	0.0188260752343604	0.2464329977782865	0.04180409261075544
phase1-n64-sensitivity	64	abide1-dparsf-filt_global-fc-primary-n972-v1	972	raw_fc_logistic	Raw OA FC + logistic	0.0	0.5921900161030597	0.06420684846490422	0.787673363536371	0.06287590396764331	0.5462962962962964	0.05614751488441593	0.26949032906651155	0.03298781037433856	0.2520772114901354	0.029497653358961668
phase1-n64-sensitivity	64	abide1-dparsf-filt_global-fc-primary-n972-v1	972	oa_internal_fc_ssl_logistic	OA train-fold SSL + logistic	-0.011674718196457379	0.5805152979066023	0.02168314494282645	0.8068383920467901	0.01870574053696641	0.535024154589372	0.022626804342023178	0.2529873010454387	0.007603678478202546	0.21224196611718746	0.00935640199855979
phase1-n64-sensitivity	64	abide1-dparsf-filt_global-fc-primary-n972-v1	972	abide_external_fc_ssl_logistic	Fixed ABIDE SSL + logistic	0.06763285024154586	0.6598228663446055	0.043147110706805	0.8380263759723583	0.03896027863841433	0.5982286634460547	0.03501026988928645	0.23645886707212996	0.015977198289160624	0.20691125210264738	0.015714338422378592
phase1-n64-sensitivity	64	abide1-dparsf-filt_global-fc-primary-n972-v1	972	abide_external_fc_ssl_oa_finetune_logistic	ABIDE SSL + OA train-fold fine-tune + logistic	0.01207729468599017	0.6042673107890498	0.052993502969096086	0.8034345788715268	0.059063892008887904	0.5301932367149758	0.011894755799270648	0.2553218157410666	0.022943979468467803	0.2199118272631354	0.03705668214451802
