group,path,type,delivery
研究报告与方案,docs/ABIDE_TRANSFER.md,md,already_in_git
研究报告与方案,docs/BRAIN_IMAGING_SERVER_MAC_HANDOFF.md,md,already_in_git
研究报告与方案,docs/COVERAGE_COHORT_CANDIDATES_2026-07-27.md,md,already_in_git
研究报告与方案,docs/DATA_ACCESS.md,md,already_in_git
研究报告与方案,docs/DATASET_ROLES_AND_DISEASES_2026-09-09.md,md,already_in_git
研究报告与方案,docs/DECISION_PHASE1_N62_N64_2026-07-27.md,md,already_in_git
研究报告与方案,docs/DS005713_CONFIRMATORY_AND_SRPBS_EXTERNAL_PROTOCOL_2026-08-24.md,md,already_in_git
研究报告与方案,docs/DS005713_OA_EXPLORATORY_PROTOCOL_2026-08-24.md,md,already_in_git
研究报告与方案,docs/DS005713_STAGE_REPORT_2026-09-08.md,md,already_in_git
研究报告与方案,docs/EXECUTION_STATUS_2026-09-12.md,md,already_in_git
研究报告与方案,docs/EXISTING_SITE_PERFORMANCE_2026-09-09.md,md,already_in_git
研究报告与方案,docs/HANDOFF.md,md,already_in_git
研究报告与方案,docs/HANDOFF_CODEX_2026-07-27.md,md,already_in_git
研究报告与方案,docs/HOSPITAL_DATA_REQUIREMENTS_2026-09-09.md,md,already_in_git
研究报告与方案,docs/HOSPITAL_INITIAL_REVIEW_2026-09-09.md,md,already_in_git
研究报告与方案,docs/JOINT_SOURCE_TARGET_2026-09-11.md,md,already_in_git
研究报告与方案,docs/JOINT_SOURCE_TARGET_RESULTS_2026-09-11.csv,csv,already_in_git
研究报告与方案,docs/JOINT_SOURCE_TARGET_RESULTS_2026-09-11.json,json,already_in_git
研究报告与方案,docs/MATCHED_FINETUNING_2026-09-09.md,md,already_in_git
研究报告与方案,docs/MATCHED_SOURCE_ANALYSIS_2026-09-09.md,md,already_in_git
研究报告与方案,docs/MEETING_REVIEW_2026-09-08.md,md,already_in_git
研究报告与方案,docs/NEXT_PROCESSING_AND_TARGETS_2026-09-11.md,md,already_in_git
研究报告与方案,docs/OA_SOURCE_REPROCESSING_2026-09-12.md,md,already_in_git
研究报告与方案,docs/PROJECT_PLAN.md,md,already_in_git
研究报告与方案,docs/PROJECT_WORKFLOW.md,md,already_in_git
研究报告与方案,docs/RECENT_RESEARCH_HISTORY_2026-09-08.md,md,already_in_git
研究报告与方案,docs/ROADMAP.md,md,already_in_git
研究报告与方案,docs/SITE_TRANSFER_2026-09-09.md,md,already_in_git
研究报告与方案,docs/SOURCE50_RESULTS_2026-09-11.csv,csv,already_in_git
研究报告与方案,docs/SOURCE50_RESULTS_2026-09-11.json,json,already_in_git
研究报告与方案,docs/SOURCE50_TRAINING_2026-09-11.md,md,already_in_git
研究报告与方案,docs/SRPBS_ACCESS_AND_CONTRACT.md,md,already_in_git
研究报告与方案,docs/SRPBS_CLINICAL24_START_AND_CLEANUP_2026-09-04.md,md,already_in_git
研究报告与方案,docs/SRPBS_CLINICAL_SMOKE_2026-09-04.md,md,already_in_git
研究报告与方案,docs/SRPBS_INTEGRATION_DETAILED_PLAN_2026-08-23.md,md,already_in_git
研究报告与方案,docs/SRPBS_NO_IMAGE_ALTERNATIVES_EXPLORATORY_PLAN_2026-08-24.md,md,already_in_git
研究报告与方案,docs/SRPBS_QC_POLICY_2026-09-03.md,md,already_in_git
研究报告与方案,docs/SRPBS_QC_REVIEW_AND_CLINICAL_SCOPE_2026-09-03.md,md,already_in_git
研究报告与方案,docs/SRPBS_TECHNICAL_REPAIR_2026-09-03.md,md,already_in_git
研究报告与方案,docs/SRPBS_TRANSFER_LAUNCH_2026-08-20.md,md,already_in_git
研究报告与方案,docs/STAGE_REPORT_2026-09-07.md,md,already_in_git
研究报告与方案,docs/SUPERVISED_CLASSIFICATION_2026-09-09.md,md,new
研究报告与方案,docs/SUPERVISED_CLASSIFICATION_RESULTS_2026-09-09.md,md,new
研究报告与方案,docs/TN_SUPERVISED_DEVELOPMENT_2026-09-11.md,md,new
研究报告与方案,docs/TRAINING_RESULTS_INDEX.md,md,new
研究报告与方案,docs/TRANSFER_INPUT_AUDIT_2026-09-09.md,md,new
研究报告与方案,docs/TRANSFER_NEXT_STEP_2026-09-08.md,md,new
研究报告与方案,docs/TRANSFER_OPTIMIZATION_RESULTS_2026-09-09.md,md,new
研究报告与方案,docs/WINDOWS_TMP_RESCUE_2026-07-27.md,md,already_in_git
既有结果与图表,reports/.gitkeep,,already_in_git
既有结果与图表,reports/BASELINE_REPORT.md,md,already_in_git
既有结果与图表,reports/PHASE1_INDEPENDENT_REVIEW.md,md,already_in_git
既有结果与图表,reports/QUALITY_REPORT.md,md,already_in_git
既有结果与图表,reports/SUB23_DPABI_AAL116_空间校正处理报告_2026-07-15.artifact.json,json,already_in_git
既有结果与图表,reports/SUB23_DPABI_AAL116_空间校正处理报告_2026-07-15.html,html,already_in_git
既有结果与图表,reports/SUB23_DPABI_AAL116_空间校正处理报告_2026-07-15.report_data.sql,sql,already_in_git
既有结果与图表,reports/SUB23_DPABI_AAL116_空间校正处理报告_2026-07-15.source_notes.md,md,already_in_git
既有结果与图表,reports/abide-external-transfer-permutations/primary/20260810T012139Z/EXTERNAL_TRANSFER_PERMUTATION_REPORT.md,md,already_in_git
既有结果与图表,reports/abide-external-transfer-permutations/primary/20260810T012139Z/artifact_manifest.json,json,already_in_git
既有结果与图表,reports/abide-external-transfer-permutations/primary/20260810T012139Z/external_transfer_permutation_summary.json,json,already_in_git
既有结果与图表,reports/abide-external-transfer-permutations/primary/20260810T012139Z/external_transfer_permutations.tsv,tsv,already_in_git
既有结果与图表,reports/abide-external-transfer-summary/20260810T003343Z/artifact_manifest.json,json,already_in_git
既有结果与图表,reports/abide-external-transfer-summary/20260810T003343Z/external_transfer_metrics.tsv,tsv,already_in_git
既有结果与图表,reports/abide-external-transfer-summary/20260810T003343Z/external_transfer_summary.json,json,already_in_git
既有结果与图表,reports/abide-external-transfer-summary/20260810T003343Z/external_transfer_summary.sqlite,sqlite,already_in_git
既有结果与图表,reports/alignment_repair_report/artifact.json,json,already_in_git
既有结果与图表,reports/alignment_repair_report/source_audit.json,json,already_in_git
既有结果与图表,reports/baseline_nested_cv.json,json,already_in_git
既有结果与图表,reports/baseline_nested_cv_pooled.tsv,tsv,already_in_git
既有结果与图表,reports/baseline_nested_cv_predictions.tsv,tsv,already_in_git
既有结果与图表,reports/brainhgt/07-14-16-01-20/07-14-16-01-20,,already_in_git
既有结果与图表,reports/brainhgt/07-14-16-02-16/07-14-16-02-16,,already_in_git
既有结果与图表,reports/brainhgt/07-14-16-04-19/07-14-16-04-19,,already_in_git
既有结果与图表,reports/chinese_quality_report/artifact.json,json,already_in_git
既有结果与图表,reports/dpabi_imaging_qc/aal90_coverage_heatmap.png,png,already_in_git
既有结果与图表,reports/dpabi_imaging_qc/dpabi_full_cohort_imaging_qc.json,json,already_in_git
既有结果与图表,reports/dpabi_imaging_qc/dpabi_full_cohort_imaging_qc.tsv,tsv,already_in_git
既有结果与图表,reports/dpabi_imaging_qc/dpabi_full_cohort_qc_summary.png,png,already_in_git
既有结果与图表,reports/dpabi_imaging_qc/dpabi_sample_aal90_coverage.tsv,tsv,already_in_git
既有结果与图表,reports/dpabi_imaging_qc/dpabi_sample_imaging_qc.json,json,already_in_git
既有结果与图表,reports/dpabi_imaging_qc/dpabi_sample_imaging_qc.tsv,tsv,already_in_git
既有结果与图表,reports/dpabi_imaging_qc/normalization_01.png,png,already_in_git
既有结果与图表,reports/dpabi_imaging_qc/normalization_03.png,png,already_in_git
既有结果与图表,reports/dpabi_imaging_qc/normalization_05.png,png,already_in_git
既有结果与图表,reports/dpabi_imaging_qc/normalization_35.png,png,already_in_git
既有结果与图表,reports/dpabi_imaging_qc/normalization_76.png,png,already_in_git
既有结果与图表,reports/dpabi_imaging_qc/normalization_check_contact_sheet.png,png,already_in_git
既有结果与图表,reports/dpabi_imaging_qc/normalized_mean_epi_aal90_montage.png,png,already_in_git
既有结果与图表,reports/ds005713-confirmatory-srpbs/20260824T035000Z/REPORT.md,md,already_in_git
既有结果与图表,reports/ds005713-confirmatory-srpbs/20260824T035000Z/artifact_manifest.json,json,already_in_git
既有结果与图表,reports/ds005713-confirmatory-srpbs/20260824T035000Z/source_receipt.json,json,already_in_git
既有结果与图表,reports/ds005713-confirmatory-srpbs/20260824T035000Z/validation_summary.json,json,already_in_git
既有结果与图表,reports/ds005713-oa-exploratory/20260824T030619Z/DS005713_OA_EXPLORATORY_PROTOCOL_2026-08-24.md,md,already_in_git
既有结果与图表,reports/ds005713-oa-exploratory/20260824T030619Z/REPORT.md,md,already_in_git
既有结果与图表,reports/ds005713-oa-exploratory/20260824T030619Z/artifact.json,json,already_in_git
既有结果与图表,reports/ds005713-oa-exploratory/20260824T030619Z/exploratory_summary.json,json,already_in_git
既有结果与图表,reports/ds005713-oa-exploratory/20260824T030619Z/exploratory_summary.sqlite,sqlite,already_in_git
既有结果与图表,reports/ds005713-oa-exploratory/20260824T030619Z/outer_fold_metrics.tsv,tsv,already_in_git
既有结果与图表,reports/ds005713-oa-exploratory/20260824T030619Z/repeat_metrics.tsv,tsv,already_in_git
既有结果与图表,reports/ds005713-oa-exploratory/20260824T030619Z/validation_receipt.json,json,already_in_git
既有结果与图表,reports/hydra/2026-07-14/16-04-18/.hydra/config.yaml,yaml,already_in_git
既有结果与图表,reports/hydra/2026-07-14/16-04-18/.hydra/hydra.yaml,yaml,already_in_git
既有结果与图表,reports/hydra/2026-07-14/16-04-18/.hydra/overrides.yaml,yaml,already_in_git
既有结果与图表,reports/hydra/2026-07-14/16-04-18/__main__.log,log,already_in_git
既有结果与图表,reports/phase1-common-n64/node_feature_verify_final.log,log,already_in_git
既有结果与图表,reports/phase1-n62-n64/FINAL_VALIDATION_REPORT.md,md,already_in_git
既有结果与图表,reports/phase1-n62-n64/final_validation_audit.json,json,already_in_git
既有结果与图表,reports/phase1-n62-n64/pytest-brainhgt-local.log,log,already_in_git
既有结果与图表,reports/phase1-n62-n64/pytest-server.log,log,already_in_git
既有结果与图表,reports/phase1-n62-primary/BASELINE_REPORT.md,md,already_in_git
既有结果与图表,reports/phase1-n62-primary/baseline_nested_cv.json,json,already_in_git
既有结果与图表,reports/phase1-n62-primary/baseline_nested_cv_pooled.tsv,tsv,already_in_git
既有结果与图表,reports/phase1-n62-primary/baseline_nested_cv_predictions.tsv,tsv,already_in_git
既有结果与图表,reports/phase1-n62-primary/brainhgt-permutation-sanity/PERMUTATION_SANITY.md,md,already_in_git
既有结果与图表,reports/phase1-n62-primary/brainhgt-permutation-sanity/permutation-01/BRAINHGT_REPORT.md,md,already_in_git
既有结果与图表,reports/phase1-n62-primary/brainhgt-permutation-sanity/permutation-01/brainhgt_nested_cv.json,json,already_in_git
既有结果与图表,reports/phase1-n62-primary/brainhgt-permutation-sanity/permutation-01/brainhgt_nested_cv_predictions.tsv,tsv,already_in_git
既有结果与图表,reports/phase1-n62-primary/brainhgt-permutation-sanity/permutation-01/brainhgt_nested_cv_progress.tsv,tsv,already_in_git
既有结果与图表,reports/phase1-n62-primary/brainhgt-permutation-sanity/permutation-01/inputs/fold_assignments.tsv,tsv,already_in_git
既有结果与图表,reports/phase1-n62-primary/brainhgt-permutation-sanity/permutation-01/inputs/oa_aal90_permuted.npz,npz,already_in_git
既有结果与图表,reports/phase1-n62-primary/brainhgt-permutation-sanity/permutation-01/inputs/permuted_labels.tsv,tsv,already_in_git
既有结果与图表,reports/phase1-n62-primary/brainhgt-permutation-sanity/permutation-02/BRAINHGT_REPORT.md,md,already_in_git
既有结果与图表,reports/phase1-n62-primary/brainhgt-permutation-sanity/permutation-02/brainhgt_nested_cv.json,json,already_in_git
既有结果与图表,reports/phase1-n62-primary/brainhgt-permutation-sanity/permutation-02/brainhgt_nested_cv_predictions.tsv,tsv,already_in_git
既有结果与图表,reports/phase1-n62-primary/brainhgt-permutation-sanity/permutation-02/brainhgt_nested_cv_progress.tsv,tsv,already_in_git
既有结果与图表,reports/phase1-n62-primary/brainhgt-permutation-sanity/permutation-02/inputs/fold_assignments.tsv,tsv,already_in_git
既有结果与图表,reports/phase1-n62-primary/brainhgt-permutation-sanity/permutation-02/inputs/oa_aal90_permuted.npz,npz,already_in_git
既有结果与图表,reports/phase1-n62-primary/brainhgt-permutation-sanity/permutation-02/inputs/permuted_labels.tsv,tsv,already_in_git
既有结果与图表,reports/phase1-n62-primary/brainhgt-permutation-sanity/permutation-03/BRAINHGT_REPORT.md,md,already_in_git
既有结果与图表,reports/phase1-n62-primary/brainhgt-permutation-sanity/permutation-03/brainhgt_nested_cv.json,json,already_in_git
既有结果与图表,reports/phase1-n62-primary/brainhgt-permutation-sanity/permutation-03/brainhgt_nested_cv_predictions.tsv,tsv,already_in_git
既有结果与图表,reports/phase1-n62-primary/brainhgt-permutation-sanity/permutation-03/brainhgt_nested_cv_progress.tsv,tsv,already_in_git
既有结果与图表,reports/phase1-n62-primary/brainhgt-permutation-sanity/permutation-03/inputs/fold_assignments.tsv,tsv,already_in_git
既有结果与图表,reports/phase1-n62-primary/brainhgt-permutation-sanity/permutation-03/inputs/oa_aal90_permuted.npz,npz,already_in_git
既有结果与图表,reports/phase1-n62-primary/brainhgt-permutation-sanity/permutation-03/inputs/permuted_labels.tsv,tsv,already_in_git
既有结果与图表,reports/phase1-n62-primary/brainhgt-permutation-sanity/permutation-04/BRAINHGT_REPORT.md,md,already_in_git
既有结果与图表,reports/phase1-n62-primary/brainhgt-permutation-sanity/permutation-04/brainhgt_nested_cv.json,json,already_in_git
既有结果与图表,reports/phase1-n62-primary/brainhgt-permutation-sanity/permutation-04/brainhgt_nested_cv_predictions.tsv,tsv,already_in_git
既有结果与图表,reports/phase1-n62-primary/brainhgt-permutation-sanity/permutation-04/brainhgt_nested_cv_progress.tsv,tsv,already_in_git
既有结果与图表,reports/phase1-n62-primary/brainhgt-permutation-sanity/permutation-04/inputs/fold_assignments.tsv,tsv,already_in_git
既有结果与图表,reports/phase1-n62-primary/brainhgt-permutation-sanity/permutation-04/inputs/oa_aal90_permuted.npz,npz,already_in_git
既有结果与图表,reports/phase1-n62-primary/brainhgt-permutation-sanity/permutation-04/inputs/permuted_labels.tsv,tsv,already_in_git
既有结果与图表,reports/phase1-n62-primary/brainhgt-permutation-sanity/permutation-05/BRAINHGT_REPORT.md,md,already_in_git
既有结果与图表,reports/phase1-n62-primary/brainhgt-permutation-sanity/permutation-05/brainhgt_nested_cv.json,json,already_in_git
既有结果与图表,reports/phase1-n62-primary/brainhgt-permutation-sanity/permutation-05/brainhgt_nested_cv_predictions.tsv,tsv,already_in_git
既有结果与图表,reports/phase1-n62-primary/brainhgt-permutation-sanity/permutation-05/brainhgt_nested_cv_progress.tsv,tsv,already_in_git
既有结果与图表,reports/phase1-n62-primary/brainhgt-permutation-sanity/permutation-05/inputs/fold_assignments.tsv,tsv,already_in_git
既有结果与图表,reports/phase1-n62-primary/brainhgt-permutation-sanity/permutation-05/inputs/oa_aal90_permuted.npz,npz,already_in_git
既有结果与图表,reports/phase1-n62-primary/brainhgt-permutation-sanity/permutation-05/inputs/permuted_labels.tsv,tsv,already_in_git
既有结果与图表,reports/phase1-n62-primary/brainhgt-permutation-sanity/permutation_sanity.json,json,already_in_git
既有结果与图表,reports/phase1-n62-primary/brainhgt-smoke/BRAINHGT_REPORT.md,md,already_in_git
既有结果与图表,reports/phase1-n62-primary/brainhgt-smoke/brainhgt_nested_cv.json,json,already_in_git
既有结果与图表,reports/phase1-n62-primary/brainhgt-smoke/brainhgt_nested_cv_predictions.tsv,tsv,already_in_git
既有结果与图表,reports/phase1-n62-primary/brainhgt-smoke/brainhgt_nested_cv_progress.tsv,tsv,already_in_git
既有结果与图表,reports/phase1-n62-primary/brainhgt/BRAINHGT_REPORT.md,md,already_in_git
既有结果与图表,reports/phase1-n62-primary/brainhgt/brainhgt_nested_cv.json,json,already_in_git
既有结果与图表,reports/phase1-n62-primary/brainhgt/brainhgt_nested_cv_predictions.tsv,tsv,already_in_git
既有结果与图表,reports/phase1-n62-primary/brainhgt/brainhgt_nested_cv_progress.tsv,tsv,already_in_git
既有结果与图表,reports/phase1-n62-primary/graph-baselines-permutation-sanity/PERMUTATION_SANITY.md,md,already_in_git
既有结果与图表,reports/phase1-n62-primary/graph-baselines-permutation-sanity/permutation-01/GRAPH_BASELINES_REPORT.md,md,already_in_git
既有结果与图表,reports/phase1-n62-primary/graph-baselines-permutation-sanity/permutation-01/graph_baselines_nested_cv.json,json,already_in_git
既有结果与图表,reports/phase1-n62-primary/graph-baselines-permutation-sanity/permutation-01/graph_baselines_nested_cv_predictions.tsv,tsv,already_in_git
既有结果与图表,reports/phase1-n62-primary/graph-baselines-permutation-sanity/permutation-01/graph_baselines_nested_cv_progress.tsv,tsv,already_in_git
既有结果与图表,reports/phase1-n62-primary/graph-baselines-permutation-sanity/permutation-02/GRAPH_BASELINES_REPORT.md,md,already_in_git
既有结果与图表,reports/phase1-n62-primary/graph-baselines-permutation-sanity/permutation-02/graph_baselines_nested_cv.json,json,already_in_git
既有结果与图表,reports/phase1-n62-primary/graph-baselines-permutation-sanity/permutation-02/graph_baselines_nested_cv_predictions.tsv,tsv,already_in_git
既有结果与图表,reports/phase1-n62-primary/graph-baselines-permutation-sanity/permutation-02/graph_baselines_nested_cv_progress.tsv,tsv,already_in_git
既有结果与图表,reports/phase1-n62-primary/graph-baselines-permutation-sanity/permutation-03/GRAPH_BASELINES_REPORT.md,md,already_in_git
既有结果与图表,reports/phase1-n62-primary/graph-baselines-permutation-sanity/permutation-03/graph_baselines_nested_cv.json,json,already_in_git
既有结果与图表,reports/phase1-n62-primary/graph-baselines-permutation-sanity/permutation-03/graph_baselines_nested_cv_predictions.tsv,tsv,already_in_git
既有结果与图表,reports/phase1-n62-primary/graph-baselines-permutation-sanity/permutation-03/graph_baselines_nested_cv_progress.tsv,tsv,already_in_git
既有结果与图表,reports/phase1-n62-primary/graph-baselines-permutation-sanity/permutation-04/GRAPH_BASELINES_REPORT.md,md,already_in_git
既有结果与图表,reports/phase1-n62-primary/graph-baselines-permutation-sanity/permutation-04/graph_baselines_nested_cv.json,json,already_in_git
既有结果与图表,reports/phase1-n62-primary/graph-baselines-permutation-sanity/permutation-04/graph_baselines_nested_cv_predictions.tsv,tsv,already_in_git
既有结果与图表,reports/phase1-n62-primary/graph-baselines-permutation-sanity/permutation-04/graph_baselines_nested_cv_progress.tsv,tsv,already_in_git
既有结果与图表,reports/phase1-n62-primary/graph-baselines-permutation-sanity/permutation-05/GRAPH_BASELINES_REPORT.md,md,already_in_git
既有结果与图表,reports/phase1-n62-primary/graph-baselines-permutation-sanity/permutation-05/graph_baselines_nested_cv.json,json,already_in_git
既有结果与图表,reports/phase1-n62-primary/graph-baselines-permutation-sanity/permutation-05/graph_baselines_nested_cv_predictions.tsv,tsv,already_in_git
既有结果与图表,reports/phase1-n62-primary/graph-baselines-permutation-sanity/permutation-05/graph_baselines_nested_cv_progress.tsv,tsv,already_in_git
既有结果与图表,reports/phase1-n62-primary/graph-baselines-permutation-sanity/permutation_sanity.json,json,already_in_git
既有结果与图表,reports/phase1-n62-primary/graph-baselines-smoke/GRAPH_BASELINES_REPORT.md,md,already_in_git
既有结果与图表,reports/phase1-n62-primary/graph-baselines-smoke/graph_baselines_nested_cv.json,json,already_in_git
既有结果与图表,reports/phase1-n62-primary/graph-baselines-smoke/graph_baselines_nested_cv_predictions.tsv,tsv,already_in_git
既有结果与图表,reports/phase1-n62-primary/graph-baselines-smoke/graph_baselines_nested_cv_progress.tsv,tsv,already_in_git
既有结果与图表,reports/phase1-n62-primary/graph-baselines/GRAPH_BASELINES_REPORT.md,md,already_in_git
既有结果与图表,reports/phase1-n62-primary/graph-baselines/graph_baselines_nested_cv.json,json,already_in_git
既有结果与图表,reports/phase1-n62-primary/graph-baselines/graph_baselines_nested_cv_predictions.tsv,tsv,already_in_git
既有结果与图表,reports/phase1-n62-primary/graph-baselines/graph_baselines_nested_cv_progress.tsv,tsv,already_in_git
既有结果与图表,reports/phase1-n64-sensitivity/BASELINE_REPORT.md,md,already_in_git
既有结果与图表,reports/phase1-n64-sensitivity/baseline_nested_cv.json,json,already_in_git
既有结果与图表,reports/phase1-n64-sensitivity/baseline_nested_cv_pooled.tsv,tsv,already_in_git
既有结果与图表,reports/phase1-n64-sensitivity/baseline_nested_cv_predictions.tsv,tsv,already_in_git
既有结果与图表,reports/phase1-n64-sensitivity/brainhgt-smoke/BRAINHGT_REPORT.md,md,already_in_git
既有结果与图表,reports/phase1-n64-sensitivity/brainhgt-smoke/brainhgt_nested_cv.json,json,already_in_git
既有结果与图表,reports/phase1-n64-sensitivity/brainhgt-smoke/brainhgt_nested_cv_predictions.tsv,tsv,already_in_git
既有结果与图表,reports/phase1-n64-sensitivity/brainhgt-smoke/brainhgt_nested_cv_progress.tsv,tsv,already_in_git
既有结果与图表,reports/phase1-n64-sensitivity/brainhgt/BRAINHGT_REPORT.md,md,already_in_git
既有结果与图表,reports/phase1-n64-sensitivity/brainhgt/brainhgt_nested_cv.json,json,already_in_git
既有结果与图表,reports/phase1-n64-sensitivity/brainhgt/brainhgt_nested_cv_predictions.tsv,tsv,already_in_git
既有结果与图表,reports/phase1-n64-sensitivity/brainhgt/brainhgt_nested_cv_progress.tsv,tsv,already_in_git
既有结果与图表,reports/phase1-n64-sensitivity/graph-baselines/GRAPH_BASELINES_REPORT.md,md,already_in_git
既有结果与图表,reports/phase1-n64-sensitivity/graph-baselines/graph_baselines_nested_cv.json,json,already_in_git
既有结果与图表,reports/phase1-n64-sensitivity/graph-baselines/graph_baselines_nested_cv_predictions.tsv,tsv,already_in_git
既有结果与图表,reports/phase1-n64-sensitivity/graph-baselines/graph_baselines_nested_cv_progress.tsv,tsv,already_in_git
既有结果与图表,reports/quality_report.json,json,already_in_git
既有结果与图表,reports/source_audit.json,json,already_in_git
既有结果与图表,reports/srpbs-bal140-roi-evidence/20260824/README.md,md,already_in_git
既有结果与图表,reports/srpbs-bal140-roi-evidence/20260824/bal140_roi_evidence_summary.json,json,already_in_git
既有结果与图表,reports/srpbs-bal140-roi-evidence/20260824/bal140_roi_order.tsv,tsv,already_in_git
既有结果与图表,reports/骨关节炎_fMRI_数据质量技术报告.html,html,already_in_git
