experiment_id	cohort_version	feature_set	repeat	outer_fold	split_seed	subject_id	true_label	probability	predicted_label	selected_epochs	selection_validation_auc	model_seed
50fb1a07b92dabc3e154	phase1-n62-primary-label-permutation-03	combined	1	1	20260727	04	1	0.03607047349	0	17	0.8095238095	20261737
50fb1a07b92dabc3e154	phase1-n62-primary-label-permutation-03	combined	1	1	20260727	07	0	0.9939240813	1	17	0.8095238095	20261737
50fb1a07b92dabc3e154	phase1-n62-primary-label-permutation-03	combined	1	1	20260727	08	1	0.06624175608	0	17	0.8095238095	20261737
50fb1a07b92dabc3e154	phase1-n62-primary-label-permutation-03	combined	1	1	20260727	22	0	0.994790554	1	17	0.8095238095	20261737
50fb1a07b92dabc3e154	phase1-n62-primary-label-permutation-03	combined	1	1	20260727	24	1	0.9913119078	1	17	0.8095238095	20261737
50fb1a07b92dabc3e154	phase1-n62-primary-label-permutation-03	combined	1	1	20260727	25	0	0.9956883788	1	17	0.8095238095	20261737
50fb1a07b92dabc3e154	phase1-n62-primary-label-permutation-03	combined	1	1	20260727	37	1	0.04845254123	0	17	0.8095238095	20261737
50fb1a07b92dabc3e154	phase1-n62-primary-label-permutation-03	combined	1	1	20260727	41	0	0.994572103	1	17	0.8095238095	20261737
50fb1a07b92dabc3e154	phase1-n62-primary-label-permutation-03	combined	1	1	20260727	46	1	0.2613590956	0	17	0.8095238095	20261737
50fb1a07b92dabc3e154	phase1-n62-primary-label-permutation-03	combined	1	1	20260727	66	1	0.9924025536	1	17	0.8095238095	20261737
50fb1a07b92dabc3e154	phase1-n62-primary-label-permutation-03	combined	1	1	20260727	69	1	0.0551575087	0	17	0.8095238095	20261737
50fb1a07b92dabc3e154	phase1-n62-primary-label-permutation-03	combined	1	1	20260727	71	1	0.995795846	1	17	0.8095238095	20261737
50fb1a07b92dabc3e154	phase1-n62-primary-label-permutation-03	combined	1	1	20260727	75	1	0.9807806611	1	17	0.8095238095	20261737
50fb1a07b92dabc3e154	phase1-n62-primary-label-permutation-03	combined	1	2	20260727	09	1	0.9709828496	1	17	0.5714285714	20261747
50fb1a07b92dabc3e154	phase1-n62-primary-label-permutation-03	combined	1	2	20260727	11	1	0.9729349017	1	17	0.5714285714	20261747
50fb1a07b92dabc3e154	phase1-n62-primary-label-permutation-03	combined	1	2	20260727	13	1	0.1589659154	0	17	0.5714285714	20261747
50fb1a07b92dabc3e154	phase1-n62-primary-label-permutation-03	combined	1	2	20260727	18	1	0.9727894068	1	17	0.5714285714	20261747
50fb1a07b92dabc3e154	phase1-n62-primary-label-permutation-03	combined	1	2	20260727	26	0	0.01132242475	0	17	0.5714285714	20261747
50fb1a07b92dabc3e154	phase1-n62-primary-label-permutation-03	combined	1	2	20260727	36	1	0.3598389924	0	17	0.5714285714	20261747
50fb1a07b92dabc3e154	phase1-n62-primary-label-permutation-03	combined	1	2	20260727	40	1	0.009179363027	0	17	0.5714285714	20261747
50fb1a07b92dabc3e154	phase1-n62-primary-label-permutation-03	combined	1	2	20260727	42	1	0.6193960309	1	17	0.5714285714	20261747
50fb1a07b92dabc3e154	phase1-n62-primary-label-permutation-03	combined	1	2	20260727	45	0	0.9751983285	1	17	0.5714285714	20261747
50fb1a07b92dabc3e154	phase1-n62-primary-label-permutation-03	combined	1	2	20260727	53	1	0.9760536551	1	17	0.5714285714	20261747
50fb1a07b92dabc3e154	phase1-n62-primary-label-permutation-03	combined	1	2	20260727	55	0	0.9765121937	1	17	0.5714285714	20261747
50fb1a07b92dabc3e154	phase1-n62-primary-label-permutation-03	combined	1	2	20260727	61	1	0.9576134682	1	17	0.5714285714	20261747
50fb1a07b92dabc3e154	phase1-n62-primary-label-permutation-03	combined	1	2	20260727	72	0	0.9756156802	1	17	0.5714285714	20261747
50fb1a07b92dabc3e154	phase1-n62-primary-label-permutation-03	combined	1	3	20260727	02	1	0.0585636124	0	12	0.4761904762	20261757
50fb1a07b92dabc3e154	phase1-n62-primary-label-permutation-03	combined	1	3	20260727	05	1	0.9659180641	1	12	0.4761904762	20261757
50fb1a07b92dabc3e154	phase1-n62-primary-label-permutation-03	combined	1	3	20260727	17	0	0.950886786	1	12	0.4761904762	20261757
50fb1a07b92dabc3e154	phase1-n62-primary-label-permutation-03	combined	1	3	20260727	20	1	0.9680457115	1	12	0.4761904762	20261757
50fb1a07b92dabc3e154	phase1-n62-primary-label-permutation-03	combined	1	3	20260727	31	0	0.891068399	1	12	0.4761904762	20261757
50fb1a07b92dabc3e154	phase1-n62-primary-label-permutation-03	combined	1	3	20260727	34	1	0.9692581892	1	12	0.4761904762	20261757
50fb1a07b92dabc3e154	phase1-n62-primary-label-permutation-03	combined	1	3	20260727	39	1	0.6240090132	1	12	0.4761904762	20261757
50fb1a07b92dabc3e154	phase1-n62-primary-label-permutation-03	combined	1	3	20260727	43	1	0.9709425569	1	12	0.4761904762	20261757
50fb1a07b92dabc3e154	phase1-n62-primary-label-permutation-03	combined	1	3	20260727	56	1	0.970948875	1	12	0.4761904762	20261757
50fb1a07b92dabc3e154	phase1-n62-primary-label-permutation-03	combined	1	3	20260727	59	0	0.968213439	1	12	0.4761904762	20261757
50fb1a07b92dabc3e154	phase1-n62-primary-label-permutation-03	combined	1	3	20260727	60	1	0.9591112733	1	12	0.4761904762	20261757
50fb1a07b92dabc3e154	phase1-n62-primary-label-permutation-03	combined	1	3	20260727	62	1	0.9675335884	1	12	0.4761904762	20261757
50fb1a07b92dabc3e154	phase1-n62-primary-label-permutation-03	combined	1	4	20260727	10	0	0.9525846243	1	12	0.619047619	20261767
50fb1a07b92dabc3e154	phase1-n62-primary-label-permutation-03	combined	1	4	20260727	14	1	0.5688082576	1	12	0.619047619	20261767
50fb1a07b92dabc3e154	phase1-n62-primary-label-permutation-03	combined	1	4	20260727	19	1	0.9529753327	1	12	0.619047619	20261767
50fb1a07b92dabc3e154	phase1-n62-primary-label-permutation-03	combined	1	4	20260727	23	1	0.9477434158	1	12	0.619047619	20261767
50fb1a07b92dabc3e154	phase1-n62-primary-label-permutation-03	combined	1	4	20260727	27	1	0.9387785792	1	12	0.619047619	20261767
50fb1a07b92dabc3e154	phase1-n62-primary-label-permutation-03	combined	1	4	20260727	28	1	0.9478705525	1	12	0.619047619	20261767
50fb1a07b92dabc3e154	phase1-n62-primary-label-permutation-03	combined	1	4	20260727	38	0	0.7924073339	1	12	0.619047619	20261767
50fb1a07b92dabc3e154	phase1-n62-primary-label-permutation-03	combined	1	4	20260727	49	1	0.8958857059	1	12	0.619047619	20261767
50fb1a07b92dabc3e154	phase1-n62-primary-label-permutation-03	combined	1	4	20260727	63	1	0.8397417068	1	12	0.619047619	20261767
50fb1a07b92dabc3e154	phase1-n62-primary-label-permutation-03	combined	1	4	20260727	64	0	0.9547336698	1	12	0.619047619	20261767
50fb1a07b92dabc3e154	phase1-n62-primary-label-permutation-03	combined	1	4	20260727	65	1	0.9487769008	1	12	0.619047619	20261767
50fb1a07b92dabc3e154	phase1-n62-primary-label-permutation-03	combined	1	4	20260727	74	1	0.8081465364	1	12	0.619047619	20261767
50fb1a07b92dabc3e154	phase1-n62-primary-label-permutation-03	combined	1	5	20260727	01	1	0.7964856625	1	10	0.2380952381	20261777
50fb1a07b92dabc3e154	phase1-n62-primary-label-permutation-03	combined	1	5	20260727	03	0	0.7879447341	1	10	0.2380952381	20261777
50fb1a07b92dabc3e154	phase1-n62-primary-label-permutation-03	combined	1	5	20260727	12	1	0.7929195762	1	10	0.2380952381	20261777
50fb1a07b92dabc3e154	phase1-n62-primary-label-permutation-03	combined	1	5	20260727	16	0	0.7911502719	1	10	0.2380952381	20261777
50fb1a07b92dabc3e154	phase1-n62-primary-label-permutation-03	combined	1	5	20260727	35	1	0.7921937704	1	10	0.2380952381	20261777
50fb1a07b92dabc3e154	phase1-n62-primary-label-permutation-03	combined	1	5	20260727	47	1	0.5153433084	1	10	0.2380952381	20261777
50fb1a07b92dabc3e154	phase1-n62-primary-label-permutation-03	combined	1	5	20260727	50	1	0.4741427302	0	10	0.2380952381	20261777
50fb1a07b92dabc3e154	phase1-n62-primary-label-permutation-03	combined	1	5	20260727	51	1	0.7934448123	1	10	0.2380952381	20261777
50fb1a07b92dabc3e154	phase1-n62-primary-label-permutation-03	combined	1	5	20260727	57	1	0.7621297836	1	10	0.2380952381	20261777
50fb1a07b92dabc3e154	phase1-n62-primary-label-permutation-03	combined	1	5	20260727	58	0	0.620824039	1	10	0.2380952381	20261777
50fb1a07b92dabc3e154	phase1-n62-primary-label-permutation-03	combined	1	5	20260727	67	0	0.6879095435	1	10	0.2380952381	20261777
50fb1a07b92dabc3e154	phase1-n62-primary-label-permutation-03	combined	1	5	20260727	68	1	0.4317708611	0	10	0.2380952381	20261777
50fb1a07b92dabc3e154	phase1-n62-primary-label-permutation-03	combined	2	1	20261727	09	1	0.7808000445	1	10	0.4285714286	20262737
50fb1a07b92dabc3e154	phase1-n62-primary-label-permutation-03	combined	2	1	20261727	10	0	0.8105558157	1	10	0.4285714286	20262737
50fb1a07b92dabc3e154	phase1-n62-primary-label-permutation-03	combined	2	1	20261727	13	1	0.836224854	1	10	0.4285714286	20262737
50fb1a07b92dabc3e154	phase1-n62-primary-label-permutation-03	combined	2	1	20261727	22	0	0.8465223908	1	10	0.4285714286	20262737
50fb1a07b92dabc3e154	phase1-n62-primary-label-permutation-03	combined	2	1	20261727	25	0	0.7972761393	1	10	0.4285714286	20262737
50fb1a07b92dabc3e154	phase1-n62-primary-label-permutation-03	combined	2	1	20261727	46	1	0.8400841355	1	10	0.4285714286	20262737
50fb1a07b92dabc3e154	phase1-n62-primary-label-permutation-03	combined	2	1	20261727	47	1	0.4261217117	0	10	0.4285714286	20262737
50fb1a07b92dabc3e154	phase1-n62-primary-label-permutation-03	combined	2	1	20261727	50	1	0.5940110087	1	10	0.4285714286	20262737
50fb1a07b92dabc3e154	phase1-n62-primary-label-permutation-03	combined	2	1	20261727	57	1	0.840013206	1	10	0.4285714286	20262737
50fb1a07b92dabc3e154	phase1-n62-primary-label-permutation-03	combined	2	1	20261727	58	0	0.2851855457	0	10	0.4285714286	20262737
50fb1a07b92dabc3e154	phase1-n62-primary-label-permutation-03	combined	2	1	20261727	66	1	0.7988860011	1	10	0.4285714286	20262737
50fb1a07b92dabc3e154	phase1-n62-primary-label-permutation-03	combined	2	1	20261727	69	1	0.3383715451	0	10	0.4285714286	20262737
50fb1a07b92dabc3e154	phase1-n62-primary-label-permutation-03	combined	2	1	20261727	74	1	0.6616577506	1	10	0.4285714286	20262737
50fb1a07b92dabc3e154	phase1-n62-primary-label-permutation-03	combined	2	2	20261727	02	1	0.5037125349	1	10	0.09523809524	20262747
50fb1a07b92dabc3e154	phase1-n62-primary-label-permutation-03	combined	2	2	20261727	04	1	0.6495316029	1	10	0.09523809524	20262747
50fb1a07b92dabc3e154	phase1-n62-primary-label-permutation-03	combined	2	2	20261727	08	1	0.9408659935	1	10	0.09523809524	20262747
50fb1a07b92dabc3e154	phase1-n62-primary-label-permutation-03	combined	2	2	20261727	11	1	0.9144402146	1	10	0.09523809524	20262747
50fb1a07b92dabc3e154	phase1-n62-primary-label-permutation-03	combined	2	2	20261727	16	0	0.9447398782	1	10	0.09523809524	20262747
50fb1a07b92dabc3e154	phase1-n62-primary-label-permutation-03	combined	2	2	20261727	20	1	0.8582432866	1	10	0.09523809524	20262747
50fb1a07b92dabc3e154	phase1-n62-primary-label-permutation-03	combined	2	2	20261727	27	1	0.6383854747	1	10	0.09523809524	20262747
50fb1a07b92dabc3e154	phase1-n62-primary-label-permutation-03	combined	2	2	20261727	31	0	0.9472306967	1	10	0.09523809524	20262747
50fb1a07b92dabc3e154	phase1-n62-primary-label-permutation-03	combined	2	2	20261727	35	1	0.937779665	1	10	0.09523809524	20262747
50fb1a07b92dabc3e154	phase1-n62-primary-label-permutation-03	combined	2	2	20261727	36	1	0.9536147714	1	10	0.09523809524	20262747
50fb1a07b92dabc3e154	phase1-n62-primary-label-permutation-03	combined	2	2	20261727	38	0	0.4520901442	0	10	0.09523809524	20262747
50fb1a07b92dabc3e154	phase1-n62-primary-label-permutation-03	combined	2	2	20261727	43	1	0.9417596459	1	10	0.09523809524	20262747
50fb1a07b92dabc3e154	phase1-n62-primary-label-permutation-03	combined	2	2	20261727	59	0	0.8941333294	1	10	0.09523809524	20262747
50fb1a07b92dabc3e154	phase1-n62-primary-label-permutation-03	combined	2	3	20261727	12	1	0.9888668656	1	17	0.2857142857	20262757
50fb1a07b92dabc3e154	phase1-n62-primary-label-permutation-03	combined	2	3	20261727	14	1	0.1053269878	0	17	0.2857142857	20262757
50fb1a07b92dabc3e154	phase1-n62-primary-label-permutation-03	combined	2	3	20261727	17	0	0.9862411022	1	17	0.2857142857	20262757
50fb1a07b92dabc3e154	phase1-n62-primary-label-permutation-03	combined	2	3	20261727	18	1	0.9893607497	1	17	0.2857142857	20262757
50fb1a07b92dabc3e154	phase1-n62-primary-label-permutation-03	combined	2	3	20261727	39	1	0.9898403287	1	17	0.2857142857	20262757
50fb1a07b92dabc3e154	phase1-n62-primary-label-permutation-03	combined	2	3	20261727	41	0	0.1169706881	0	17	0.2857142857	20262757
50fb1a07b92dabc3e154	phase1-n62-primary-label-permutation-03	combined	2	3	20261727	45	0	0.9806610346	1	17	0.2857142857	20262757
50fb1a07b92dabc3e154	phase1-n62-primary-label-permutation-03	combined	2	3	20261727	53	1	0.9865096211	1	17	0.2857142857	20262757
50fb1a07b92dabc3e154	phase1-n62-primary-label-permutation-03	combined	2	3	20261727	61	1	0.9897796512	1	17	0.2857142857	20262757
50fb1a07b92dabc3e154	phase1-n62-primary-label-permutation-03	combined	2	3	20261727	62	1	0.5752720833	1	17	0.2857142857	20262757
50fb1a07b92dabc3e154	phase1-n62-primary-label-permutation-03	combined	2	3	20261727	71	1	0.9898641706	1	17	0.2857142857	20262757
50fb1a07b92dabc3e154	phase1-n62-primary-label-permutation-03	combined	2	3	20261727	75	1	0.9899958372	1	17	0.2857142857	20262757
50fb1a07b92dabc3e154	phase1-n62-primary-label-permutation-03	combined	2	4	20261727	01	1	0.975651741	1	13	0.6666666667	20262767
50fb1a07b92dabc3e154	phase1-n62-primary-label-permutation-03	combined	2	4	20261727	03	0	0.975335598	1	13	0.6666666667	20262767
50fb1a07b92dabc3e154	phase1-n62-primary-label-permutation-03	combined	2	4	20261727	07	0	0.9752439857	1	13	0.6666666667	20262767
50fb1a07b92dabc3e154	phase1-n62-primary-label-permutation-03	combined	2	4	20261727	19	1	0.9535728693	1	13	0.6666666667	20262767
50fb1a07b92dabc3e154	phase1-n62-primary-label-permutation-03	combined	2	4	20261727	23	1	0.910672605	1	13	0.6666666667	20262767
50fb1a07b92dabc3e154	phase1-n62-primary-label-permutation-03	combined	2	4	20261727	40	1	0.09635916352	0	13	0.6666666667	20262767
50fb1a07b92dabc3e154	phase1-n62-primary-label-permutation-03	combined	2	4	20261727	42	1	0.9741565585	1	13	0.6666666667	20262767
50fb1a07b92dabc3e154	phase1-n62-primary-label-permutation-03	combined	2	4	20261727	51	1	0.9671353698	1	13	0.6666666667	20262767
50fb1a07b92dabc3e154	phase1-n62-primary-label-permutation-03	combined	2	4	20261727	60	1	0.9621329308	1	13	0.6666666667	20262767
50fb1a07b92dabc3e154	phase1-n62-primary-label-permutation-03	combined	2	4	20261727	63	1	0.8587504625	1	13	0.6666666667	20262767
50fb1a07b92dabc3e154	phase1-n62-primary-label-permutation-03	combined	2	4	20261727	65	1	0.9747391343	1	13	0.6666666667	20262767
50fb1a07b92dabc3e154	phase1-n62-primary-label-permutation-03	combined	2	4	20261727	67	0	0.5605838895	1	13	0.6666666667	20262767
50fb1a07b92dabc3e154	phase1-n62-primary-label-permutation-03	combined	2	5	20261727	05	1	0.7593893409	1	10	0.4285714286	20262777
50fb1a07b92dabc3e154	phase1-n62-primary-label-permutation-03	combined	2	5	20261727	24	1	0.8274425864	1	10	0.4285714286	20262777
50fb1a07b92dabc3e154	phase1-n62-primary-label-permutation-03	combined	2	5	20261727	26	0	0.6491203308	1	10	0.4285714286	20262777
50fb1a07b92dabc3e154	phase1-n62-primary-label-permutation-03	combined	2	5	20261727	28	1	0.7496233582	1	10	0.4285714286	20262777
50fb1a07b92dabc3e154	phase1-n62-primary-label-permutation-03	combined	2	5	20261727	34	1	0.7456364036	1	10	0.4285714286	20262777
50fb1a07b92dabc3e154	phase1-n62-primary-label-permutation-03	combined	2	5	20261727	37	1	0.3906494081	0	10	0.4285714286	20262777
50fb1a07b92dabc3e154	phase1-n62-primary-label-permutation-03	combined	2	5	20261727	49	1	0.7843155861	1	10	0.4285714286	20262777
50fb1a07b92dabc3e154	phase1-n62-primary-label-permutation-03	combined	2	5	20261727	55	0	0.748067677	1	10	0.4285714286	20262777
50fb1a07b92dabc3e154	phase1-n62-primary-label-permutation-03	combined	2	5	20261727	56	1	0.8258033395	1	10	0.4285714286	20262777
50fb1a07b92dabc3e154	phase1-n62-primary-label-permutation-03	combined	2	5	20261727	64	0	0.7623618841	1	10	0.4285714286	20262777
50fb1a07b92dabc3e154	phase1-n62-primary-label-permutation-03	combined	2	5	20261727	68	1	0.8094767928	1	10	0.4285714286	20262777
50fb1a07b92dabc3e154	phase1-n62-primary-label-permutation-03	combined	2	5	20261727	72	0	0.8213236332	1	10	0.4285714286	20262777
50fb1a07b92dabc3e154	phase1-n62-primary-label-permutation-03	combined	3	1	20262727	03	0	0.9976534247	1	22	0.5714285714	20263737
50fb1a07b92dabc3e154	phase1-n62-primary-label-permutation-03	combined	3	1	20262727	13	1	0.9960825443	1	22	0.5714285714	20263737
50fb1a07b92dabc3e154	phase1-n62-primary-label-permutation-03	combined	3	1	20262727	17	0	0.9976198077	1	22	0.5714285714	20263737
50fb1a07b92dabc3e154	phase1-n62-primary-label-permutation-03	combined	3	1	20262727	19	1	0.9974375963	1	22	0.5714285714	20263737
50fb1a07b92dabc3e154	phase1-n62-primary-label-permutation-03	combined	3	1	20262727	20	1	0.9974783063	1	22	0.5714285714	20263737
50fb1a07b92dabc3e154	phase1-n62-primary-label-permutation-03	combined	3	1	20262727	24	1	0.9951509237	1	22	0.5714285714	20263737
50fb1a07b92dabc3e154	phase1-n62-primary-label-permutation-03	combined	3	1	20262727	26	0	0.9969941378	1	22	0.5714285714	20263737
50fb1a07b92dabc3e154	phase1-n62-primary-label-permutation-03	combined	3	1	20262727	39	1	0.9401325583	1	22	0.5714285714	20263737
50fb1a07b92dabc3e154	phase1-n62-primary-label-permutation-03	combined	3	1	20262727	40	1	0.1087541133	0	22	0.5714285714	20263737
50fb1a07b92dabc3e154	phase1-n62-primary-label-permutation-03	combined	3	1	20262727	47	1	0.9975036979	1	22	0.5714285714	20263737
50fb1a07b92dabc3e154	phase1-n62-primary-label-permutation-03	combined	3	1	20262727	50	1	0.0162535347	0	22	0.5714285714	20263737
50fb1a07b92dabc3e154	phase1-n62-primary-label-permutation-03	combined	3	1	20262727	65	1	0.9971631169	1	22	0.5714285714	20263737
50fb1a07b92dabc3e154	phase1-n62-primary-label-permutation-03	combined	3	1	20262727	67	0	0.7491517663	1	22	0.5714285714	20263737
50fb1a07b92dabc3e154	phase1-n62-primary-label-permutation-03	combined	3	2	20262727	01	1	0.9857757092	1	15	0.7619047619	20263747
50fb1a07b92dabc3e154	phase1-n62-primary-label-permutation-03	combined	3	2	20262727	02	1	0.114152424	0	15	0.7619047619	20263747
50fb1a07b92dabc3e154	phase1-n62-primary-label-permutation-03	combined	3	2	20262727	12	1	0.9812446833	1	15	0.7619047619	20263747
50fb1a07b92dabc3e154	phase1-n62-primary-label-permutation-03	combined	3	2	20262727	18	1	0.9783830047	1	15	0.7619047619	20263747
50fb1a07b92dabc3e154	phase1-n62-primary-label-permutation-03	combined	3	2	20262727	22	0	0.9283754826	1	15	0.7619047619	20263747
50fb1a07b92dabc3e154	phase1-n62-primary-label-permutation-03	combined	3	2	20262727	31	0	0.9856941104	1	15	0.7619047619	20263747
50fb1a07b92dabc3e154	phase1-n62-primary-label-permutation-03	combined	3	2	20262727	36	1	0.9854969382	1	15	0.7619047619	20263747
50fb1a07b92dabc3e154	phase1-n62-primary-label-permutation-03	combined	3	2	20262727	37	1	0.08230746537	0	15	0.7619047619	20263747
50fb1a07b92dabc3e154	phase1-n62-primary-label-permutation-03	combined	3	2	20262727	42	1	0.9855620861	1	15	0.7619047619	20263747
50fb1a07b92dabc3e154	phase1-n62-primary-label-permutation-03	combined	3	2	20262727	45	0	0.7519865036	1	15	0.7619047619	20263747
50fb1a07b92dabc3e154	phase1-n62-primary-label-permutation-03	combined	3	2	20262727	53	1	0.9818286896	1	15	0.7619047619	20263747
50fb1a07b92dabc3e154	phase1-n62-primary-label-permutation-03	combined	3	2	20262727	58	0	0.3435957432	0	15	0.7619047619	20263747
50fb1a07b92dabc3e154	phase1-n62-primary-label-permutation-03	combined	3	2	20262727	69	1	0.06325324625	0	15	0.7619047619	20263747
50fb1a07b92dabc3e154	phase1-n62-primary-label-permutation-03	combined	3	3	20262727	07	0	0.9533168674	1	10	0.4761904762	20263757
50fb1a07b92dabc3e154	phase1-n62-primary-label-permutation-03	combined	3	3	20262727	09	1	0.9536342025	1	10	0.4761904762	20263757
50fb1a07b92dabc3e154	phase1-n62-primary-label-permutation-03	combined	3	3	20262727	16	0	0.9541888237	1	10	0.4761904762	20263757
50fb1a07b92dabc3e154	phase1-n62-primary-label-permutation-03	combined	3	3	20262727	28	1	0.9114857316	1	10	0.4761904762	20263757
50fb1a07b92dabc3e154	phase1-n62-primary-label-permutation-03	combined	3	3	20262727	35	1	0.950142622	1	10	0.4761904762	20263757
50fb1a07b92dabc3e154	phase1-n62-primary-label-permutation-03	combined	3	3	20262727	49	1	0.06219416857	0	10	0.4761904762	20263757
50fb1a07b92dabc3e154	phase1-n62-primary-label-permutation-03	combined	3	3	20262727	57	1	0.9499688745	1	10	0.4761904762	20263757
50fb1a07b92dabc3e154	phase1-n62-primary-label-permutation-03	combined	3	3	20262727	63	1	0.4362277985	0	10	0.4761904762	20263757
50fb1a07b92dabc3e154	phase1-n62-primary-label-permutation-03	combined	3	3	20262727	66	1	0.6910902858	1	10	0.4761904762	20263757
50fb1a07b92dabc3e154	phase1-n62-primary-label-permutation-03	combined	3	3	20262727	71	1	0.9495379925	1	10	0.4761904762	20263757
50fb1a07b92dabc3e154	phase1-n62-primary-label-permutation-03	combined	3	3	20262727	72	0	0.9435563087	1	10	0.4761904762	20263757
50fb1a07b92dabc3e154	phase1-n62-primary-label-permutation-03	combined	3	3	20262727	75	1	0.9517075419	1	10	0.4761904762	20263757
50fb1a07b92dabc3e154	phase1-n62-primary-label-permutation-03	combined	3	4	20262727	04	1	0.8933524489	1	13	0.6666666667	20263767
50fb1a07b92dabc3e154	phase1-n62-primary-label-permutation-03	combined	3	4	20262727	05	1	0.8868194818	1	13	0.6666666667	20263767
50fb1a07b92dabc3e154	phase1-n62-primary-label-permutation-03	combined	3	4	20262727	08	1	0.8962141275	1	13	0.6666666667	20263767
50fb1a07b92dabc3e154	phase1-n62-primary-label-permutation-03	combined	3	4	20262727	14	1	0.8955248594	1	13	0.6666666667	20263767
50fb1a07b92dabc3e154	phase1-n62-primary-label-permutation-03	combined	3	4	20262727	23	1	0.7954261303	1	13	0.6666666667	20263767
50fb1a07b92dabc3e154	phase1-n62-primary-label-permutation-03	combined	3	4	20262727	38	0	0.8949385285	1	13	0.6666666667	20263767
50fb1a07b92dabc3e154	phase1-n62-primary-label-permutation-03	combined	3	4	20262727	43	1	0.891993463	1	13	0.6666666667	20263767
50fb1a07b92dabc3e154	phase1-n62-primary-label-permutation-03	combined	3	4	20262727	51	1	0.8964802623	1	13	0.6666666667	20263767
50fb1a07b92dabc3e154	phase1-n62-primary-label-permutation-03	combined	3	4	20262727	55	0	0.8967386484	1	13	0.6666666667	20263767
50fb1a07b92dabc3e154	phase1-n62-primary-label-permutation-03	combined	3	4	20262727	60	1	0.8952878118	1	13	0.6666666667	20263767
50fb1a07b92dabc3e154	phase1-n62-primary-label-permutation-03	combined	3	4	20262727	62	1	0.8902423978	1	13	0.6666666667	20263767
50fb1a07b92dabc3e154	phase1-n62-primary-label-permutation-03	combined	3	4	20262727	64	0	0.7650598884	1	13	0.6666666667	20263767
50fb1a07b92dabc3e154	phase1-n62-primary-label-permutation-03	combined	3	5	20262727	10	0	0.7208828926	1	10	0.6666666667	20263777
50fb1a07b92dabc3e154	phase1-n62-primary-label-permutation-03	combined	3	5	20262727	11	1	0.7129945755	1	10	0.6666666667	20263777
50fb1a07b92dabc3e154	phase1-n62-primary-label-permutation-03	combined	3	5	20262727	25	0	0.7472811937	1	10	0.6666666667	20263777
50fb1a07b92dabc3e154	phase1-n62-primary-label-permutation-03	combined	3	5	20262727	27	1	0.705258131	1	10	0.6666666667	20263777
50fb1a07b92dabc3e154	phase1-n62-primary-label-permutation-03	combined	3	5	20262727	34	1	0.7207232118	1	10	0.6666666667	20263777
50fb1a07b92dabc3e154	phase1-n62-primary-label-permutation-03	combined	3	5	20262727	41	0	0.7103930116	1	10	0.6666666667	20263777
50fb1a07b92dabc3e154	phase1-n62-primary-label-permutation-03	combined	3	5	20262727	46	1	0.7002390623	1	10	0.6666666667	20263777
50fb1a07b92dabc3e154	phase1-n62-primary-label-permutation-03	combined	3	5	20262727	56	1	0.7512102723	1	10	0.6666666667	20263777
50fb1a07b92dabc3e154	phase1-n62-primary-label-permutation-03	combined	3	5	20262727	59	0	0.708730638	1	10	0.6666666667	20263777
50fb1a07b92dabc3e154	phase1-n62-primary-label-permutation-03	combined	3	5	20262727	61	1	0.74891752	1	10	0.6666666667	20263777
50fb1a07b92dabc3e154	phase1-n62-primary-label-permutation-03	combined	3	5	20262727	68	1	0.739258945	1	10	0.6666666667	20263777
50fb1a07b92dabc3e154	phase1-n62-primary-label-permutation-03	combined	3	5	20262727	74	1	0.7225401998	1	10	0.6666666667	20263777
