method_id	method_label	repeat	roc_auc	delta_vs_raw_auc	balanced_accuracy	brier_score	average_precision
raw_fc_logistic	Raw OA FC	1	0.6578282828282828	0.0	0.6351010101010102	0.23817592303507346	0.8262785820065757
raw_fc_logistic	Raw OA FC	2	0.51010101010101	0.0	0.422979797979798	0.32106504532797336	0.7612014931717073
raw_fc_logistic	Raw OA FC	3	0.5429292929292929	0.0	0.5404040404040404	0.2930521136570633	0.7840299475457572
oa_internal_fc_ssl_logistic	OA-fold SSL	1	0.6161616161616161	-0.04166666666666663	0.5606060606060606	0.24468765350314464	0.8313249493184759
oa_internal_fc_ssl_logistic	OA-fold SSL	2	0.5315656565656566	0.02146464646464652	0.5050505050505051	0.2644576335158108	0.7891695081491801
oa_internal_fc_ssl_logistic	OA-fold SSL	3	0.5669191919191918	0.023989898989898895	0.5732323232323233	0.2524168632527224	0.7896976587511861
abide_external_fc_ssl_logistic	Fixed DS005713 SSL	1	0.8232323232323232	0.16540404040404044	0.7815656565656566	0.17092755021757325	0.9243587233891974
abide_external_fc_ssl_logistic	Fixed DS005713 SSL	2	0.6502525252525253	0.14015151515151525	0.5568181818181819	0.2625425460989755	0.8289982928245512
abide_external_fc_ssl_logistic	Fixed DS005713 SSL	3	0.779040404040404	0.23611111111111105	0.6805555555555556	0.19656723133851955	0.9040939675827967
abide_external_fc_ssl_oa_finetune_logistic	DS005713 + OA-fold fine-tune	1	0.6843434343434344	0.026515151515151603	0.6174242424242424	0.2123688382210627	0.8392051039117712
abide_external_fc_ssl_oa_finetune_logistic	DS005713 + OA-fold fine-tune	2	0.61489898989899	0.10479797979797989	0.5227272727272727	0.2488887889980669	0.8248984210343424
abide_external_fc_ssl_oa_finetune_logistic	DS005713 + OA-fold fine-tune	3	0.6426767676767677	0.0997474747474748	0.5505050505050505	0.22059285450338945	0.833803802906284
