feature_set	repeat	fold	subject_id	true_label	probability	predicted_label	best_params
demographics	1	1	07	0	0.4869821309	0	"{""model__C"":0.01}"
demographics	1	1	08	0	0.5088406765	1	"{""model__C"":0.01}"
demographics	1	1	13	0	0.5088406765	1	"{""model__C"":0.01}"
demographics	1	1	22	1	0.5085204871	1	"{""model__C"":0.01}"
demographics	1	1	27	1	0.4879423843	0	"{""model__C"":0.01}"
demographics	1	1	45	1	0.489863151	0	"{""model__C"":0.01}"
demographics	1	1	55	1	0.4866620674	0	"{""model__C"":0.01}"
demographics	1	1	60	1	0.5056384994	1	"{""model__C"":0.01}"
demographics	1	1	69	1	0.5094810333	1	"{""model__C"":0.01}"
demographics	1	2	01	0	0.5044671757	1	"{""model__C"":0.01}"
demographics	1	2	04	0	0.4938842027	0	"{""model__C"":0.01}"
demographics	1	2	18	0	0.4929470458	0	"{""model__C"":0.01}"
demographics	1	2	25	1	0.505196134	1	"{""model__C"":0.01}"
demographics	1	2	35	1	0.4922181799	0	"{""model__C"":0.01}"
demographics	1	2	41	1	0.5048837258	1	"{""model__C"":0.01}"
demographics	1	2	59	1	0.5045713138	1	"{""model__C"":0.01}"
demographics	1	2	62	1	0.4920099384	0	"{""model__C"":0.01}"
demographics	1	2	67	1	0.4937800719	0	"{""model__C"":0.01}"
demographics	1	3	02	0	0.4962950558	0	"{""model__C"":0.01}"
demographics	1	3	12	0	0.5088909698	1	"{""model__C"":0.01}"
demographics	1	3	19	0	0.5088909698	1	"{""model__C"":0.01}"
demographics	1	3	37	1	0.5049688051	1	"{""model__C"":0.01}"
demographics	1	3	46	1	0.4892788587	0	"{""model__C"":0.01}"
demographics	1	3	50	1	0.502353659	1	"{""model__C"":0.01}"
demographics	1	3	58	1	0.4905859739	0	"{""model__C"":0.01}"
demographics	1	3	72	1	0.4832248251	0	"{""model__C"":0.01}"
demographics	1	3	75	1	0.5232592153	1	"{""model__C"":0.01}"
demographics	1	4	03	0	0.4898006532	0	"{""model__C"":0.01}"
demographics	1	4	16	0	0.5065614039	1	"{""model__C"":0.01}"
demographics	1	4	38	1	0.4898006532	0	"{""model__C"":0.01}"
demographics	1	4	39	1	0.4889150588	0	"{""model__C"":0.01}"
demographics	1	4	49	1	0.4890134548	0	"{""model__C"":0.01}"
demographics	1	4	51	1	0.5068566828	1	"{""model__C"":0.01}"
demographics	1	4	61	1	0.506758257	1	"{""model__C"":0.01}"
demographics	1	4	65	1	0.4884230916	0	"{""model__C"":0.01}"
demographics	1	4	68	1	0.5070535327	1	"{""model__C"":0.01}"
demographics	1	5	14	0	0.4986305925	0	"{""model__C"":0.01}"
demographics	1	5	17	0	0.5006677758	1	"{""model__C"":0.01}"
demographics	1	5	53	1	0.4984453953	0	"{""model__C"":0.01}"
demographics	1	5	56	1	0.4982085795	0	"{""model__C"":0.01}"
demographics	1	5	57	1	0.4996901624	0	"{""model__C"":0.01}"
demographics	1	5	63	1	0.5026533186	1	"{""model__C"":0.01}"
demographics	1	5	71	1	0.5013569485	1	"{""model__C"":0.01}"
demographics	1	5	74	1	0.4993197652	0	"{""model__C"":0.01}"
demographics	2	1	07	0	0.4952130533	0	"{""model__C"":0.1}"
demographics	2	1	13	0	0.5114937429	1	"{""model__C"":0.1}"
demographics	2	1	17	0	0.4987517653	0	"{""model__C"":0.1}"
demographics	2	1	22	1	0.5132620845	1	"{""model__C"":0.1}"
demographics	2	1	41	1	0.5167977277	1	"{""model__C"":0.1}"
demographics	2	1	59	1	0.5114937429	1	"{""model__C"":0.1}"
demographics	2	1	60	1	0.5291569293	1	"{""model__C"":0.1}"
demographics	2	1	67	1	0.4987517653	0	"{""model__C"":0.1}"
demographics	2	1	75	1	0.490263865	0	"{""model__C"":0.1}"
demographics	2	2	03	0	0.4436695529	0	"{""model__C"":1.0}"
demographics	2	2	08	0	0.5249953186	1	"{""model__C"":1.0}"
demographics	2	2	14	0	0.508001704	1	"{""model__C"":1.0}"
demographics	2	2	25	1	0.4766035274	0	"{""model__C"":1.0}"
demographics	2	2	27	1	0.4596605125	0	"{""model__C"":1.0}"
demographics	2	2	50	1	0.4927301887	0	"{""model__C"":1.0}"
demographics	2	2	63	1	0.4207586715	0	"{""model__C"":1.0}"
demographics	2	2	71	1	0.4766035274	0	"{""model__C"":1.0}"
demographics	2	2	74	1	0.5650042916	1	"{""model__C"":1.0}"
demographics	2	3	04	0	0.4197075143	0	"{""model__C"":1.0}"
demographics	2	3	12	0	0.596315026	1	"{""model__C"":1.0}"
demographics	2	3	19	0	0.596315026	1	"{""model__C"":1.0}"
demographics	2	3	35	1	0.2994966154	0	"{""model__C"":1.0}"
demographics	2	3	38	1	0.3880765305	0	"{""model__C"":1.0}"
demographics	2	3	45	1	0.3277750223	0	"{""model__C"":1.0}"
demographics	2	3	49	1	0.3277750223	0	"{""model__C"":1.0}"
demographics	2	3	56	1	0.5153846683	1	"{""model__C"":1.0}"
demographics	2	3	61	1	0.5883810331	1	"{""model__C"":1.0}"
demographics	2	4	01	0	0.5119426094	1	"{""model__C"":0.01}"
demographics	2	4	16	0	0.5131580757	1	"{""model__C"":0.01}"
demographics	2	4	39	1	0.4879709876	0	"{""model__C"":0.01}"
demographics	2	4	51	1	0.5119426094	1	"{""model__C"":0.01}"
demographics	2	4	55	1	0.4835151213	0	"{""model__C"":0.01}"
demographics	2	4	57	1	0.5127529368	1	"{""model__C"":0.01}"
demographics	2	4	62	1	0.4899970562	0	"{""model__C"":0.01}"
demographics	2	4	69	1	0.5123477812	1	"{""model__C"":0.01}"
demographics	2	4	72	1	0.4831101618	0	"{""model__C"":0.01}"
demographics	2	5	02	0	0.4990009859	0	"{""model__C"":0.01}"
demographics	2	5	18	0	0.4976282693	0	"{""model__C"":0.01}"
demographics	2	5	37	1	0.5013313523	1	"{""model__C"":0.01}"
demographics	2	5	46	1	0.4930953959	0	"{""model__C"":0.01}"
demographics	2	5	53	1	0.5003737176	1	"{""model__C"":0.01}"
demographics	2	5	58	1	0.4937816441	0	"{""model__C"":0.01}"
demographics	2	5	65	1	0.5038054769	1	"{""model__C"":0.01}"
demographics	2	5	68	1	0.502017711	1	"{""model__C"":0.01}"
demographics	3	1	01	0	0.549161961	1	"{""model__C"":0.1}"
demographics	3	1	08	0	0.5473646225	1	"{""model__C"":0.1}"
demographics	3	1	14	0	0.4596543295	0	"{""model__C"":0.1}"
demographics	3	1	22	1	0.5455660481	1	"{""model__C"":0.1}"
demographics	3	1	27	1	0.4488604062	0	"{""model__C"":0.1}"
demographics	3	1	35	1	0.4668720028	0	"{""model__C"":0.1}"
demographics	3	1	56	1	0.5670573143	1	"{""model__C"":0.1}"
demographics	3	1	60	1	0.5293309088	1	"{""model__C"":0.1}"
demographics	3	1	61	1	0.5509580174	1	"{""model__C"":0.1}"
demographics	3	2	12	0	0.5089058228	1	"{""model__C"":0.01}"
demographics	3	2	17	0	0.487529681	0	"{""model__C"":0.01}"
demographics	3	2	19	0	0.5089058228	1	"{""model__C"":0.01}"
demographics	3	2	45	1	0.4894437161	0	"{""model__C"":0.01}"
demographics	3	2	50	1	0.5080355943	1	"{""model__C"":0.01}"
demographics	3	2	55	1	0.4877036699	0	"{""model__C"":0.01}"
demographics	3	2	62	1	0.4904878693	0	"{""model__C"":0.01}"
demographics	3	2	63	1	0.5064690638	1	"{""model__C"":0.01}"
demographics	3	2	74	1	0.509601967	1	"{""model__C"":0.01}"
demographics	3	3	07	0	0.4881882674	0	"{""model__C"":0.01}"
demographics	3	3	13	0	0.5071430512	1	"{""model__C"":0.01}"
demographics	3	3	16	0	0.5106767693	1	"{""model__C"":0.01}"
demographics	3	3	37	1	0.5053759024	1	"{""model__C"":0.01}"
demographics	3	3	46	1	0.4947717342	0	"{""model__C"":0.01}"
demographics	3	3	58	1	0.4956553668	0	"{""model__C"":0.01}"
demographics	3	3	59	1	0.5071430512	1	"{""model__C"":0.01}"
demographics	3	3	72	1	0.486421981	0	"{""model__C"":0.01}"
demographics	3	3	75	1	0.5177406528	1	"{""model__C"":0.01}"
demographics	3	4	03	0	0.4966343166	0	"{""model__C"":0.01}"
demographics	3	4	18	0	0.4958990694	0	"{""model__C"":0.01}"
demographics	3	4	38	1	0.4966343166	0	"{""model__C"":0.01}"
demographics	3	4	41	1	0.5028813609	1	"{""model__C"":0.01}"
demographics	3	4	53	1	0.4953108842	0	"{""model__C"":0.01}"
demographics	3	4	57	1	0.5019990361	1	"{""model__C"":0.01}"
demographics	3	4	65	1	0.4945756712	0	"{""model__C"":0.01}"
demographics	3	4	69	1	0.5021460912	1	"{""model__C"":0.01}"
demographics	3	4	71	1	0.5033225169	1	"{""model__C"":0.01}"
demographics	3	5	02	0	0.4950224346	0	"{""model__C"":0.01}"
demographics	3	5	04	0	0.4949227707	0	"{""model__C"":0.01}"
demographics	3	5	25	1	0.5031579028	1	"{""model__C"":0.01}"
demographics	3	5	39	1	0.4950405554	0	"{""model__C"":0.01}"
demographics	3	5	49	1	0.495031495	0	"{""model__C"":0.01}"
demographics	3	5	51	1	0.5032213291	1	"{""model__C"":0.01}"
demographics	3	5	67	1	0.494931831	0	"{""model__C"":0.01}"
demographics	3	5	68	1	0.5032032073	1	"{""model__C"":0.01}"
timepoints	1	1	07	0	0.4658897338	0	"{""model__C"":0.01}"
timepoints	1	1	08	0	0.4658897338	0	"{""model__C"":0.01}"
timepoints	1	1	13	0	0.5067877552	1	"{""model__C"":0.01}"
timepoints	1	1	22	1	0.5067877552	1	"{""model__C"":0.01}"
timepoints	1	1	27	1	0.5067877552	1	"{""model__C"":0.01}"
timepoints	1	1	45	1	0.5067877552	1	"{""model__C"":0.01}"
timepoints	1	1	55	1	0.5067877552	1	"{""model__C"":0.01}"
timepoints	1	1	60	1	0.5067877552	1	"{""model__C"":0.01}"
timepoints	1	1	69	1	0.5067877552	1	"{""model__C"":0.01}"
timepoints	1	2	01	0	0.4339410358	0	"{""model__C"":0.01}"
timepoints	1	2	04	0	0.4339410358	0	"{""model__C"":0.01}"
timepoints	1	2	18	0	0.5091543253	1	"{""model__C"":0.01}"
timepoints	1	2	25	1	0.5091543253	1	"{""model__C"":0.01}"
timepoints	1	2	35	1	0.5091543253	1	"{""model__C"":0.01}"
timepoints	1	2	41	1	0.5091543253	1	"{""model__C"":0.01}"
timepoints	1	2	59	1	0.3900180906	0	"{""model__C"":0.01}"
timepoints	1	2	62	1	0.5091543253	1	"{""model__C"":0.01}"
timepoints	1	2	67	1	0.5091543253	1	"{""model__C"":0.01}"
timepoints	1	3	02	0	0.461829732	0	"{""model__C"":0.01}"
timepoints	1	3	12	0	0.5093247967	1	"{""model__C"":0.01}"
timepoints	1	3	19	0	0.5093247967	1	"{""model__C"":0.01}"
timepoints	1	3	37	1	0.5093247967	1	"{""model__C"":0.01}"
timepoints	1	3	46	1	0.5093247967	1	"{""model__C"":0.01}"
timepoints	1	3	50	1	0.5093247967	1	"{""model__C"":0.01}"
timepoints	1	3	58	1	0.5093247967	1	"{""model__C"":0.01}"
timepoints	1	3	72	1	0.5093247967	1	"{""model__C"":0.01}"
timepoints	1	3	75	1	0.5093247967	1	"{""model__C"":0.01}"
timepoints	1	4	03	0	0.4657763206	0	"{""model__C"":0.01}"
timepoints	1	4	16	0	0.5082671964	1	"{""model__C"":0.01}"
timepoints	1	4	38	1	0.5082671964	1	"{""model__C"":0.01}"
timepoints	1	4	39	1	0.5082671964	1	"{""model__C"":0.01}"
timepoints	1	4	49	1	0.5082671964	1	"{""model__C"":0.01}"
timepoints	1	4	51	1	0.5082671964	1	"{""model__C"":0.01}"
timepoints	1	4	61	1	0.5082671964	1	"{""model__C"":0.01}"
timepoints	1	4	65	1	0.5082671964	1	"{""model__C"":0.01}"
timepoints	1	4	68	1	0.5082671964	1	"{""model__C"":0.01}"
timepoints	1	5	14	0	0.5110385083	1	"{""model__C"":0.01}"
timepoints	1	5	17	0	0.5110385083	1	"{""model__C"":0.01}"
timepoints	1	5	53	1	0.5110385083	1	"{""model__C"":0.01}"
timepoints	1	5	56	1	0.5110385083	1	"{""model__C"":0.01}"
timepoints	1	5	57	1	0.5110385083	1	"{""model__C"":0.01}"
timepoints	1	5	63	1	0.5110385083	1	"{""model__C"":0.01}"
timepoints	1	5	71	1	0.5110385083	1	"{""model__C"":0.01}"
timepoints	1	5	74	1	0.5110385083	1	"{""model__C"":0.01}"
timepoints	2	1	07	0	0.4339409132	0	"{""model__C"":0.01}"
timepoints	2	1	13	0	0.5118505415	1	"{""model__C"":0.01}"
timepoints	2	1	17	0	0.5118505415	1	"{""model__C"":0.01}"
timepoints	2	1	22	1	0.5118505415	1	"{""model__C"":0.01}"
timepoints	2	1	41	1	0.5118505415	1	"{""model__C"":0.01}"
timepoints	2	1	59	1	0.3884788616	0	"{""model__C"":0.01}"
timepoints	2	1	60	1	0.5118505415	1	"{""model__C"":0.01}"
timepoints	2	1	67	1	0.5118505415	1	"{""model__C"":0.01}"
timepoints	2	1	75	1	0.5118505415	1	"{""model__C"":0.01}"
timepoints	2	2	03	0	0.4658897338	0	"{""model__C"":0.01}"
timepoints	2	2	08	0	0.4658897338	0	"{""model__C"":0.01}"
timepoints	2	2	14	0	0.5067877552	1	"{""model__C"":0.01}"
timepoints	2	2	25	1	0.5067877552	1	"{""model__C"":0.01}"
timepoints	2	2	27	1	0.5067877552	1	"{""model__C"":0.01}"
timepoints	2	2	50	1	0.5067877552	1	"{""model__C"":0.01}"
timepoints	2	2	63	1	0.5067877552	1	"{""model__C"":0.01}"
timepoints	2	2	71	1	0.5067877552	1	"{""model__C"":0.01}"
timepoints	2	2	74	1	0.5067877552	1	"{""model__C"":0.01}"
timepoints	2	3	04	0	0.461829732	0	"{""model__C"":0.01}"
timepoints	2	3	12	0	0.5093247967	1	"{""model__C"":0.01}"
timepoints	2	3	19	0	0.5093247967	1	"{""model__C"":0.01}"
timepoints	2	3	35	1	0.5093247967	1	"{""model__C"":0.01}"
timepoints	2	3	38	1	0.5093247967	1	"{""model__C"":0.01}"
timepoints	2	3	45	1	0.5093247967	1	"{""model__C"":0.01}"
timepoints	2	3	49	1	0.5093247967	1	"{""model__C"":0.01}"
timepoints	2	3	56	1	0.5093247967	1	"{""model__C"":0.01}"
timepoints	2	3	61	1	0.5093247967	1	"{""model__C"":0.01}"
timepoints	2	4	01	0	0.4657763206	0	"{""model__C"":0.01}"
timepoints	2	4	16	0	0.5082671964	1	"{""model__C"":0.01}"
timepoints	2	4	39	1	0.5082671964	1	"{""model__C"":0.01}"
timepoints	2	4	51	1	0.5082671964	1	"{""model__C"":0.01}"
timepoints	2	4	55	1	0.5082671964	1	"{""model__C"":0.01}"
timepoints	2	4	57	1	0.5082671964	1	"{""model__C"":0.01}"
timepoints	2	4	62	1	0.5082671964	1	"{""model__C"":0.01}"
timepoints	2	4	69	1	0.5082671964	1	"{""model__C"":0.01}"
timepoints	2	4	72	1	0.5082671964	1	"{""model__C"":0.01}"
timepoints	2	5	02	0	0.4636990368	0	"{""model__C"":0.01}"
timepoints	2	5	18	0	0.5085050935	1	"{""model__C"":0.01}"
timepoints	2	5	37	1	0.5085050935	1	"{""model__C"":0.01}"
timepoints	2	5	46	1	0.5085050935	1	"{""model__C"":0.01}"
timepoints	2	5	53	1	0.5085050935	1	"{""model__C"":0.01}"
timepoints	2	5	58	1	0.5085050935	1	"{""model__C"":0.01}"
timepoints	2	5	65	1	0.5085050935	1	"{""model__C"":0.01}"
timepoints	2	5	68	1	0.5085050935	1	"{""model__C"":0.01}"
timepoints	3	1	01	0	0.4658897338	0	"{""model__C"":0.01}"
timepoints	3	1	08	0	0.4658897338	0	"{""model__C"":0.01}"
timepoints	3	1	14	0	0.5067877552	1	"{""model__C"":0.01}"
timepoints	3	1	22	1	0.5067877552	1	"{""model__C"":0.01}"
timepoints	3	1	27	1	0.5067877552	1	"{""model__C"":0.01}"
timepoints	3	1	35	1	0.5067877552	1	"{""model__C"":0.01}"
timepoints	3	1	56	1	0.5067877552	1	"{""model__C"":0.01}"
timepoints	3	1	60	1	0.5067877552	1	"{""model__C"":0.01}"
timepoints	3	1	61	1	0.5067877552	1	"{""model__C"":0.01}"
timepoints	3	2	12	0	0.5120867936	1	"{""model__C"":0.01}"
timepoints	3	2	17	0	0.5120867936	1	"{""model__C"":0.01}"
timepoints	3	2	19	0	0.5120867936	1	"{""model__C"":0.01}"
timepoints	3	2	45	1	0.5120867936	1	"{""model__C"":0.01}"
timepoints	3	2	50	1	0.5120867936	1	"{""model__C"":0.01}"
timepoints	3	2	55	1	0.5120867936	1	"{""model__C"":0.01}"
timepoints	3	2	62	1	0.5120867936	1	"{""model__C"":0.01}"
timepoints	3	2	63	1	0.5120867936	1	"{""model__C"":0.01}"
timepoints	3	2	74	1	0.5120867936	1	"{""model__C"":0.01}"
timepoints	3	3	07	0	0.4339409132	0	"{""model__C"":0.01}"
timepoints	3	3	13	0	0.5118505415	1	"{""model__C"":0.01}"
timepoints	3	3	16	0	0.5118505415	1	"{""model__C"":0.01}"
timepoints	3	3	37	1	0.5118505415	1	"{""model__C"":0.01}"
timepoints	3	3	46	1	0.5118505415	1	"{""model__C"":0.01}"
timepoints	3	3	58	1	0.5118505415	1	"{""model__C"":0.01}"
timepoints	3	3	59	1	0.3884788616	0	"{""model__C"":0.01}"
timepoints	3	3	72	1	0.5118505415	1	"{""model__C"":0.01}"
timepoints	3	3	75	1	0.5118505415	1	"{""model__C"":0.01}"
timepoints	3	4	03	0	0.4657763206	0	"{""model__C"":0.01}"
timepoints	3	4	18	0	0.5082671964	1	"{""model__C"":0.01}"
timepoints	3	4	38	1	0.5082671964	1	"{""model__C"":0.01}"
timepoints	3	4	41	1	0.5082671964	1	"{""model__C"":0.01}"
timepoints	3	4	53	1	0.5082671964	1	"{""model__C"":0.01}"
timepoints	3	4	57	1	0.5082671964	1	"{""model__C"":0.01}"
timepoints	3	4	65	1	0.5082671964	1	"{""model__C"":0.01}"
timepoints	3	4	69	1	0.5082671964	1	"{""model__C"":0.01}"
timepoints	3	4	71	1	0.5082671964	1	"{""model__C"":0.01}"
timepoints	3	5	02	0	0.4677214127	0	"{""model__C"":0.01}"
timepoints	3	5	04	0	0.4677214127	0	"{""model__C"":0.01}"
timepoints	3	5	25	1	0.5061720833	1	"{""model__C"":0.01}"
timepoints	3	5	39	1	0.5061720833	1	"{""model__C"":0.01}"
timepoints	3	5	49	1	0.5061720833	1	"{""model__C"":0.01}"
timepoints	3	5	51	1	0.5061720833	1	"{""model__C"":0.01}"
timepoints	3	5	67	1	0.5061720833	1	"{""model__C"":0.01}"
timepoints	3	5	68	1	0.5061720833	1	"{""model__C"":0.01}"
fc	1	1	07	0	0.4854024321	0	"{""model__C"":0.01,""select__k"":32}"
fc	1	1	08	0	0.2431351123	0	"{""model__C"":0.01,""select__k"":32}"
fc	1	1	13	0	0.6286851002	1	"{""model__C"":0.01,""select__k"":32}"
fc	1	1	22	1	0.3460002798	0	"{""model__C"":0.01,""select__k"":32}"
fc	1	1	27	1	0.5740667519	1	"{""model__C"":0.01,""select__k"":32}"
fc	1	1	45	1	0.5671122179	1	"{""model__C"":0.01,""select__k"":32}"
fc	1	1	55	1	0.4765206571	0	"{""model__C"":0.01,""select__k"":32}"
fc	1	1	60	1	0.5640454977	1	"{""model__C"":0.01,""select__k"":32}"
fc	1	1	69	1	0.3572183545	0	"{""model__C"":0.01,""select__k"":32}"
fc	1	2	01	0	0.190492429	0	"{""model__C"":1.0,""select__k"":128}"
fc	1	2	04	0	0.1549652992	0	"{""model__C"":1.0,""select__k"":128}"
fc	1	2	18	0	0.2806255536	0	"{""model__C"":1.0,""select__k"":128}"
fc	1	2	25	1	0.9467920827	1	"{""model__C"":1.0,""select__k"":128}"
fc	1	2	35	1	0.6345845897	1	"{""model__C"":1.0,""select__k"":128}"
fc	1	2	41	1	0.07338855471	0	"{""model__C"":1.0,""select__k"":128}"
fc	1	2	59	1	0.1627100118	0	"{""model__C"":1.0,""select__k"":128}"
fc	1	2	62	1	0.721297502	1	"{""model__C"":1.0,""select__k"":128}"
fc	1	2	67	1	0.8828995512	1	"{""model__C"":1.0,""select__k"":128}"
fc	1	3	02	0	0.4201396811	0	"{""model__C"":0.01,""select__k"":32}"
fc	1	3	12	0	0.3487713491	0	"{""model__C"":0.01,""select__k"":32}"
fc	1	3	19	0	0.3990307321	0	"{""model__C"":0.01,""select__k"":32}"
fc	1	3	37	1	0.4081054124	0	"{""model__C"":0.01,""select__k"":32}"
fc	1	3	46	1	0.3764600206	0	"{""model__C"":0.01,""select__k"":32}"
fc	1	3	50	1	0.8546717685	1	"{""model__C"":0.01,""select__k"":32}"
fc	1	3	58	1	0.8233155241	1	"{""model__C"":0.01,""select__k"":32}"
fc	1	3	72	1	0.803713623	1	"{""model__C"":0.01,""select__k"":32}"
fc	1	3	75	1	0.4238413601	0	"{""model__C"":0.01,""select__k"":32}"
fc	1	4	03	0	0.2128813526	0	"{""model__C"":10.0,""select__k"":64}"
fc	1	4	16	0	0.00169687977	0	"{""model__C"":10.0,""select__k"":64}"
fc	1	4	38	1	0.5874860262	1	"{""model__C"":10.0,""select__k"":64}"
fc	1	4	39	1	0.9995079491	1	"{""model__C"":10.0,""select__k"":64}"
fc	1	4	49	1	0.08255775882	0	"{""model__C"":10.0,""select__k"":64}"
fc	1	4	51	1	0.006898498554	0	"{""model__C"":10.0,""select__k"":64}"
fc	1	4	61	1	0.0004283084338	0	"{""model__C"":10.0,""select__k"":64}"
fc	1	4	65	1	0.5308572464	1	"{""model__C"":10.0,""select__k"":64}"
fc	1	4	68	1	0.9986171354	1	"{""model__C"":10.0,""select__k"":64}"
fc	1	5	14	0	0.4050901659	0	"{""model__C"":0.01,""select__k"":64}"
fc	1	5	17	0	0.2857424491	0	"{""model__C"":0.01,""select__k"":64}"
fc	1	5	53	1	0.7387369904	1	"{""model__C"":0.01,""select__k"":64}"
fc	1	5	56	1	0.6398234125	1	"{""model__C"":0.01,""select__k"":64}"
fc	1	5	57	1	0.5856235435	1	"{""model__C"":0.01,""select__k"":64}"
fc	1	5	63	1	0.7466541851	1	"{""model__C"":0.01,""select__k"":64}"
fc	1	5	71	1	0.9240328163	1	"{""model__C"":0.01,""select__k"":64}"
fc	1	5	74	1	0.4079593892	0	"{""model__C"":0.01,""select__k"":64}"
fc	2	1	07	0	0.6916071645	1	"{""model__C"":0.1,""select__k"":64}"
fc	2	1	13	0	0.6617267596	1	"{""model__C"":0.1,""select__k"":64}"
fc	2	1	17	0	0.06474680769	0	"{""model__C"":0.1,""select__k"":64}"
fc	2	1	22	1	0.1616353125	0	"{""model__C"":0.1,""select__k"":64}"
fc	2	1	41	1	0.6787999498	1	"{""model__C"":0.1,""select__k"":64}"
fc	2	1	59	1	0.5404220818	1	"{""model__C"":0.1,""select__k"":64}"
fc	2	1	60	1	0.7387782931	1	"{""model__C"":0.1,""select__k"":64}"
fc	2	1	67	1	0.8569238581	1	"{""model__C"":0.1,""select__k"":64}"
fc	2	1	75	1	0.1936390802	0	"{""model__C"":0.1,""select__k"":64}"
fc	2	2	03	0	0.4596514888	0	"{""model__C"":0.01,""select__k"":128}"
fc	2	2	08	0	0.1399856629	0	"{""model__C"":0.01,""select__k"":128}"
fc	2	2	14	0	0.3501140828	0	"{""model__C"":0.01,""select__k"":128}"
fc	2	2	25	1	0.8143377158	1	"{""model__C"":0.01,""select__k"":128}"
fc	2	2	27	1	0.6868141058	1	"{""model__C"":0.01,""select__k"":128}"
fc	2	2	50	1	0.8725122731	1	"{""model__C"":0.01,""select__k"":128}"
fc	2	2	63	1	0.6048186015	1	"{""model__C"":0.01,""select__k"":128}"
fc	2	2	71	1	0.9725940698	1	"{""model__C"":0.01,""select__k"":128}"
fc	2	2	74	1	0.4078089189	0	"{""model__C"":0.01,""select__k"":128}"
fc	2	3	04	0	0.2343118113	0	"{""model__C"":0.01,""select__k"":64}"
fc	2	3	12	0	0.3357340237	0	"{""model__C"":0.01,""select__k"":64}"
fc	2	3	19	0	0.3524318097	0	"{""model__C"":0.01,""select__k"":64}"
fc	2	3	35	1	0.5561424612	1	"{""model__C"":0.01,""select__k"":64}"
fc	2	3	38	1	0.5662343088	1	"{""model__C"":0.01,""select__k"":64}"
fc	2	3	45	1	0.6100149039	1	"{""model__C"":0.01,""select__k"":64}"
fc	2	3	49	1	0.6229940756	1	"{""model__C"":0.01,""select__k"":64}"
fc	2	3	56	1	0.7375043888	1	"{""model__C"":0.01,""select__k"":64}"
fc	2	3	61	1	0.3415782209	0	"{""model__C"":0.01,""select__k"":64}"
fc	2	4	01	0	0.358178446	0	"{""model__C"":0.01,""select__k"":128}"
fc	2	4	16	0	0.1594977141	0	"{""model__C"":0.01,""select__k"":128}"
fc	2	4	39	1	0.7398964561	1	"{""model__C"":0.01,""select__k"":128}"
fc	2	4	51	1	0.2726384454	0	"{""model__C"":0.01,""select__k"":128}"
fc	2	4	55	1	0.2417749877	0	"{""model__C"":0.01,""select__k"":128}"
fc	2	4	57	1	0.7092141674	1	"{""model__C"":0.01,""select__k"":128}"
fc	2	4	62	1	0.3684588756	0	"{""model__C"":0.01,""select__k"":128}"
fc	2	4	69	1	0.221776804	0	"{""model__C"":0.01,""select__k"":128}"
fc	2	4	72	1	0.9822467689	1	"{""model__C"":0.01,""select__k"":128}"
fc	2	5	02	0	0.7530178508	1	"{""model__C"":10.0,""select__k"":64}"
fc	2	5	18	0	0.181067197	0	"{""model__C"":10.0,""select__k"":64}"
fc	2	5	37	1	0.0006596380706	0	"{""model__C"":10.0,""select__k"":64}"
fc	2	5	46	1	0.135684819	0	"{""model__C"":10.0,""select__k"":64}"
fc	2	5	53	1	0.9998818958	1	"{""model__C"":10.0,""select__k"":64}"
fc	2	5	58	1	0.7346611263	1	"{""model__C"":10.0,""select__k"":64}"
fc	2	5	65	1	0.9591848353	1	"{""model__C"":10.0,""select__k"":64}"
fc	2	5	68	1	0.9854392212	1	"{""model__C"":10.0,""select__k"":64}"
fc	3	1	01	0	0.4552333035	0	"{""model__C"":0.01,""select__k"":32}"
fc	3	1	08	0	0.2527474735	0	"{""model__C"":0.01,""select__k"":32}"
fc	3	1	14	0	0.4473429445	0	"{""model__C"":0.01,""select__k"":32}"
fc	3	1	22	1	0.4232959216	0	"{""model__C"":0.01,""select__k"":32}"
fc	3	1	27	1	0.623845927	1	"{""model__C"":0.01,""select__k"":32}"
fc	3	1	35	1	0.5488473645	1	"{""model__C"":0.01,""select__k"":32}"
fc	3	1	56	1	0.6832267524	1	"{""model__C"":0.01,""select__k"":32}"
fc	3	1	60	1	0.4679552841	0	"{""model__C"":0.01,""select__k"":32}"
fc	3	1	61	1	0.2945516152	0	"{""model__C"":0.01,""select__k"":32}"
fc	3	2	12	0	0.09732112893	0	"{""model__C"":1.0,""select__k"":16}"
fc	3	2	17	0	0.0126421678	0	"{""model__C"":1.0,""select__k"":16}"
fc	3	2	19	0	0.7382660529	1	"{""model__C"":1.0,""select__k"":16}"
fc	3	2	45	1	0.8080479372	1	"{""model__C"":1.0,""select__k"":16}"
fc	3	2	50	1	0.700993238	1	"{""model__C"":1.0,""select__k"":16}"
fc	3	2	55	1	0.2519106211	0	"{""model__C"":1.0,""select__k"":16}"
fc	3	2	62	1	0.6919485639	1	"{""model__C"":1.0,""select__k"":16}"
fc	3	2	63	1	0.6181327339	1	"{""model__C"":1.0,""select__k"":16}"
fc	3	2	74	1	0.6543070126	1	"{""model__C"":1.0,""select__k"":16}"
fc	3	3	07	0	0.4394545307	0	"{""model__C"":10.0,""select__k"":128}"
fc	3	3	13	0	0.5559870543	1	"{""model__C"":10.0,""select__k"":128}"
fc	3	3	16	0	0.01925560945	0	"{""model__C"":10.0,""select__k"":128}"
fc	3	3	37	1	0.00189044809	0	"{""model__C"":10.0,""select__k"":128}"
fc	3	3	46	1	0.02438431832	0	"{""model__C"":10.0,""select__k"":128}"
fc	3	3	58	1	0.9996568652	1	"{""model__C"":10.0,""select__k"":128}"
fc	3	3	59	1	0.141604349	0	"{""model__C"":10.0,""select__k"":128}"
fc	3	3	72	1	0.999995823	1	"{""model__C"":10.0,""select__k"":128}"
fc	3	3	75	1	0.007538573472	0	"{""model__C"":10.0,""select__k"":128}"
fc	3	4	03	0	0.4980362298	0	"{""model__C"":0.01,""select__k"":64}"
fc	3	4	18	0	0.2493545577	0	"{""model__C"":0.01,""select__k"":64}"
fc	3	4	38	1	0.6405808193	1	"{""model__C"":0.01,""select__k"":64}"
fc	3	4	41	1	0.6853603422	1	"{""model__C"":0.01,""select__k"":64}"
fc	3	4	53	1	0.7793574199	1	"{""model__C"":0.01,""select__k"":64}"
fc	3	4	57	1	0.7885311589	1	"{""model__C"":0.01,""select__k"":64}"
fc	3	4	65	1	0.5145041064	1	"{""model__C"":0.01,""select__k"":64}"
fc	3	4	69	1	0.4060479547	0	"{""model__C"":0.01,""select__k"":64}"
fc	3	4	71	1	0.9307106928	1	"{""model__C"":0.01,""select__k"":64}"
fc	3	5	02	0	0.4344227117	0	"{""model__C"":0.01,""select__k"":128}"
fc	3	5	04	0	0.2938470393	0	"{""model__C"":0.01,""select__k"":128}"
fc	3	5	25	1	0.7833503019	1	"{""model__C"":0.01,""select__k"":128}"
fc	3	5	39	1	0.6082450451	1	"{""model__C"":0.01,""select__k"":128}"
fc	3	5	49	1	0.5990603316	1	"{""model__C"":0.01,""select__k"":128}"
fc	3	5	51	1	0.2558027855	0	"{""model__C"":0.01,""select__k"":128}"
fc	3	5	67	1	0.6202364155	1	"{""model__C"":0.01,""select__k"":128}"
fc	3	5	68	1	0.7805459816	1	"{""model__C"":0.01,""select__k"":128}"
nodes	1	1	07	0	0.04628876094	0	"{""model__C"":10.0,""select__k"":64}"
nodes	1	1	08	0	0.01073017134	0	"{""model__C"":10.0,""select__k"":64}"
nodes	1	1	13	0	0.4517096816	0	"{""model__C"":10.0,""select__k"":64}"
nodes	1	1	22	1	0.09737163017	0	"{""model__C"":10.0,""select__k"":64}"
nodes	1	1	27	1	0.9999547497	1	"{""model__C"":10.0,""select__k"":64}"
nodes	1	1	45	1	0.9947118066	1	"{""model__C"":10.0,""select__k"":64}"
nodes	1	1	55	1	0.9961912416	1	"{""model__C"":10.0,""select__k"":64}"
nodes	1	1	60	1	0.8542768001	1	"{""model__C"":10.0,""select__k"":64}"
nodes	1	1	69	1	0.0005279288938	0	"{""model__C"":10.0,""select__k"":64}"
nodes	1	2	01	0	0.9900814415	1	"{""model__C"":10.0,""select__k"":64}"
nodes	1	2	04	0	0.003793889216	0	"{""model__C"":10.0,""select__k"":64}"
nodes	1	2	18	0	0.6588859797	1	"{""model__C"":10.0,""select__k"":64}"
nodes	1	2	25	1	0.9607369991	1	"{""model__C"":10.0,""select__k"":64}"
nodes	1	2	35	1	0.9998473466	1	"{""model__C"":10.0,""select__k"":64}"
nodes	1	2	41	1	0.9158956708	1	"{""model__C"":10.0,""select__k"":64}"
nodes	1	2	59	1	0.005294863559	0	"{""model__C"":10.0,""select__k"":64}"
nodes	1	2	62	1	0.9197365912	1	"{""model__C"":10.0,""select__k"":64}"
nodes	1	2	67	1	0.7333964168	1	"{""model__C"":10.0,""select__k"":64}"
nodes	1	3	02	0	0.1967255501	0	"{""model__C"":0.1,""select__k"":128}"
nodes	1	3	12	0	0.2265304446	0	"{""model__C"":0.1,""select__k"":128}"
nodes	1	3	19	0	0.05823679636	0	"{""model__C"":0.1,""select__k"":128}"
nodes	1	3	37	1	0.3981571913	0	"{""model__C"":0.1,""select__k"":128}"
nodes	1	3	46	1	0.5084243089	1	"{""model__C"":0.1,""select__k"":128}"
nodes	1	3	50	1	0.8990159641	1	"{""model__C"":0.1,""select__k"":128}"
nodes	1	3	58	1	0.9451616711	1	"{""model__C"":0.1,""select__k"":128}"
nodes	1	3	72	1	0.9105363277	1	"{""model__C"":0.1,""select__k"":128}"
nodes	1	3	75	1	0.7189930436	1	"{""model__C"":0.1,""select__k"":128}"
nodes	1	4	03	0	0.01795476542	0	"{""model__C"":1.0,""select__k"":128}"
nodes	1	4	16	0	0.01614443379	0	"{""model__C"":1.0,""select__k"":128}"
nodes	1	4	38	1	0.9149415336	1	"{""model__C"":1.0,""select__k"":128}"
nodes	1	4	39	1	0.8175608636	1	"{""model__C"":1.0,""select__k"":128}"
nodes	1	4	49	1	0.6511379566	1	"{""model__C"":1.0,""select__k"":128}"
nodes	1	4	51	1	0.09566460102	0	"{""model__C"":1.0,""select__k"":128}"
nodes	1	4	61	1	0.8617347724	1	"{""model__C"":1.0,""select__k"":128}"
nodes	1	4	65	1	0.4242129397	0	"{""model__C"":1.0,""select__k"":128}"
nodes	1	4	68	1	0.89757789	1	"{""model__C"":1.0,""select__k"":128}"
nodes	1	5	14	0	0.126186294	0	"{""model__C"":1.0,""select__k"":128}"
nodes	1	5	17	0	0.001331268745	0	"{""model__C"":1.0,""select__k"":128}"
nodes	1	5	53	1	0.003532039369	0	"{""model__C"":1.0,""select__k"":128}"
nodes	1	5	56	1	0.9927692976	1	"{""model__C"":1.0,""select__k"":128}"
nodes	1	5	57	1	0.9984294647	1	"{""model__C"":1.0,""select__k"":128}"
nodes	1	5	63	1	0.9867400816	1	"{""model__C"":1.0,""select__k"":128}"
nodes	1	5	71	1	0.07238512685	0	"{""model__C"":1.0,""select__k"":128}"
nodes	1	5	74	1	0.9999329242	1	"{""model__C"":1.0,""select__k"":128}"
nodes	2	1	07	0	0.1250204955	0	"{""model__C"":1.0,""select__k"":64}"
nodes	2	1	13	0	0.6455417461	1	"{""model__C"":1.0,""select__k"":64}"
nodes	2	1	17	0	0.01123428753	0	"{""model__C"":1.0,""select__k"":64}"
nodes	2	1	22	1	0.06215496465	0	"{""model__C"":1.0,""select__k"":64}"
nodes	2	1	41	1	0.9573193501	1	"{""model__C"":1.0,""select__k"":64}"
nodes	2	1	59	1	0.548173996	1	"{""model__C"":1.0,""select__k"":64}"
nodes	2	1	60	1	0.9707176828	1	"{""model__C"":1.0,""select__k"":64}"
nodes	2	1	67	1	0.991375247	1	"{""model__C"":1.0,""select__k"":64}"
nodes	2	1	75	1	0.7226258294	1	"{""model__C"":1.0,""select__k"":64}"
nodes	2	2	03	0	0.00153067158	0	"{""model__C"":10.0,""select__k"":128}"
nodes	2	2	08	0	0.003906658896	0	"{""model__C"":10.0,""select__k"":128}"
nodes	2	2	14	0	0.02135462447	0	"{""model__C"":10.0,""select__k"":128}"
nodes	2	2	25	1	0.9899102105	1	"{""model__C"":10.0,""select__k"":128}"
nodes	2	2	27	1	0.8857878448	1	"{""model__C"":10.0,""select__k"":128}"
nodes	2	2	50	1	0.9752279709	1	"{""model__C"":10.0,""select__k"":128}"
nodes	2	2	63	1	0.9943623257	1	"{""model__C"":10.0,""select__k"":128}"
nodes	2	2	71	1	0.01457109842	0	"{""model__C"":10.0,""select__k"":128}"
nodes	2	2	74	1	0.9998041609	1	"{""model__C"":10.0,""select__k"":128}"
nodes	2	3	04	0	0.3181602453	0	"{""model__C"":0.1,""select__k"":128}"
nodes	2	3	12	0	0.2474133188	0	"{""model__C"":0.1,""select__k"":128}"
nodes	2	3	19	0	0.1662039011	0	"{""model__C"":0.1,""select__k"":128}"
nodes	2	3	35	1	0.898986061	1	"{""model__C"":0.1,""select__k"":128}"
nodes	2	3	38	1	0.6621750588	1	"{""model__C"":0.1,""select__k"":128}"
nodes	2	3	45	1	0.8937394021	1	"{""model__C"":0.1,""select__k"":128}"
nodes	2	3	49	1	0.5663852425	1	"{""model__C"":0.1,""select__k"":128}"
nodes	2	3	56	1	0.9339647698	1	"{""model__C"":0.1,""select__k"":128}"
nodes	2	3	61	1	0.5000402107	1	"{""model__C"":0.1,""select__k"":128}"
nodes	2	4	01	0	0.8867907388	1	"{""model__C"":1.0,""select__k"":64}"
nodes	2	4	16	0	0.003234405898	0	"{""model__C"":1.0,""select__k"":64}"
nodes	2	4	39	1	0.9851557408	1	"{""model__C"":1.0,""select__k"":64}"
nodes	2	4	51	1	0.1793048804	0	"{""model__C"":1.0,""select__k"":64}"
nodes	2	4	55	1	0.4133737223	0	"{""model__C"":1.0,""select__k"":64}"
nodes	2	4	57	1	0.9935938649	1	"{""model__C"":1.0,""select__k"":64}"
nodes	2	4	62	1	0.7697300772	1	"{""model__C"":1.0,""select__k"":64}"
nodes	2	4	69	1	0.003220394477	0	"{""model__C"":1.0,""select__k"":64}"
nodes	2	4	72	1	0.9960022264	1	"{""model__C"":1.0,""select__k"":64}"
nodes	2	5	02	0	0.2211470086	0	"{""model__C"":10.0,""select__k"":128}"
nodes	2	5	18	0	0.07616827612	0	"{""model__C"":10.0,""select__k"":128}"
nodes	2	5	37	1	0.009388408054	0	"{""model__C"":10.0,""select__k"":128}"
nodes	2	5	46	1	0.4089949947	0	"{""model__C"":10.0,""select__k"":128}"
nodes	2	5	53	1	0.0003002289452	0	"{""model__C"":10.0,""select__k"":128}"
nodes	2	5	58	1	0.9998656665	1	"{""model__C"":10.0,""select__k"":128}"
nodes	2	5	65	1	0.06652444392	0	"{""model__C"":10.0,""select__k"":128}"
nodes	2	5	68	1	0.9973396576	1	"{""model__C"":10.0,""select__k"":128}"
nodes	3	1	01	0	0.51675919	1	"{""model__C"":0.01,""select__k"":64}"
nodes	3	1	08	0	0.2910470481	0	"{""model__C"":0.01,""select__k"":64}"
nodes	3	1	14	0	0.4605158288	0	"{""model__C"":0.01,""select__k"":64}"
nodes	3	1	22	1	0.3957184475	0	"{""model__C"":0.01,""select__k"":64}"
nodes	3	1	27	1	0.7235402204	1	"{""model__C"":0.01,""select__k"":64}"
nodes	3	1	35	1	0.6773939719	1	"{""model__C"":0.01,""select__k"":64}"
nodes	3	1	56	1	0.7936022014	1	"{""model__C"":0.01,""select__k"":64}"
nodes	3	1	60	1	0.4714221575	0	"{""model__C"":0.01,""select__k"":64}"
nodes	3	1	61	1	0.459184865	0	"{""model__C"":0.01,""select__k"":64}"
nodes	3	2	12	0	0.393252009	0	"{""model__C"":0.01,""select__k"":32}"
nodes	3	2	17	0	0.3158830697	0	"{""model__C"":0.01,""select__k"":32}"
nodes	3	2	19	0	0.3492032489	0	"{""model__C"":0.01,""select__k"":32}"
nodes	3	2	45	1	0.5540669366	1	"{""model__C"":0.01,""select__k"":32}"
nodes	3	2	50	1	0.6947912068	1	"{""model__C"":0.01,""select__k"":32}"
nodes	3	2	55	1	0.4020628971	0	"{""model__C"":0.01,""select__k"":32}"
nodes	3	2	62	1	0.3738441215	0	"{""model__C"":0.01,""select__k"":32}"
nodes	3	2	63	1	0.5047226765	1	"{""model__C"":0.01,""select__k"":32}"
nodes	3	2	74	1	0.4775489489	0	"{""model__C"":0.01,""select__k"":32}"
nodes	3	3	07	0	0.261254861	0	"{""model__C"":0.01,""select__k"":128}"
nodes	3	3	13	0	0.5416024594	1	"{""model__C"":0.01,""select__k"":128}"
nodes	3	3	16	0	0.3720788507	0	"{""model__C"":0.01,""select__k"":128}"
nodes	3	3	37	1	0.2780321829	0	"{""model__C"":0.01,""select__k"":128}"
nodes	3	3	46	1	0.404032536	0	"{""model__C"":0.01,""select__k"":128}"
nodes	3	3	58	1	0.746380519	1	"{""model__C"":0.01,""select__k"":128}"
nodes	3	3	59	1	0.2494531054	0	"{""model__C"":0.01,""select__k"":128}"
nodes	3	3	72	1	0.8668364824	1	"{""model__C"":0.01,""select__k"":128}"
nodes	3	3	75	1	0.5794111826	1	"{""model__C"":0.01,""select__k"":128}"
nodes	3	4	03	0	0.1134037556	0	"{""model__C"":0.1,""select__k"":32}"
nodes	3	4	18	0	0.05441490194	0	"{""model__C"":0.1,""select__k"":32}"
nodes	3	4	38	1	0.6071934097	1	"{""model__C"":0.1,""select__k"":32}"
nodes	3	4	41	1	0.8392419511	1	"{""model__C"":0.1,""select__k"":32}"
nodes	3	4	53	1	0.2407754841	0	"{""model__C"":0.1,""select__k"":32}"
nodes	3	4	57	1	0.9473587147	1	"{""model__C"":0.1,""select__k"":32}"
nodes	3	4	65	1	0.4735439534	0	"{""model__C"":0.1,""select__k"":32}"
nodes	3	4	69	1	0.06848481242	0	"{""model__C"":0.1,""select__k"":32}"
nodes	3	4	71	1	0.7911925001	1	"{""model__C"":0.1,""select__k"":32}"
nodes	3	5	02	0	0.2584040311	0	"{""model__C"":1.0,""select__k"":128}"
nodes	3	5	04	0	0.2728206807	0	"{""model__C"":1.0,""select__k"":128}"
nodes	3	5	25	1	0.8653401556	1	"{""model__C"":1.0,""select__k"":128}"
nodes	3	5	39	1	0.7728969618	1	"{""model__C"":1.0,""select__k"":128}"
nodes	3	5	49	1	0.7852213678	1	"{""model__C"":1.0,""select__k"":128}"
nodes	3	5	51	1	0.5891224291	1	"{""model__C"":1.0,""select__k"":128}"
nodes	3	5	67	1	0.972868086	1	"{""model__C"":1.0,""select__k"":128}"
nodes	3	5	68	1	0.8588852594	1	"{""model__C"":1.0,""select__k"":128}"
combined	1	1	07	0	0.4638794136	0	"{""model__C"":0.01,""select__k"":64}"
combined	1	1	08	0	0.1847490723	0	"{""model__C"":0.01,""select__k"":64}"
combined	1	1	13	0	0.5885421511	1	"{""model__C"":0.01,""select__k"":64}"
combined	1	1	22	1	0.3095609577	0	"{""model__C"":0.01,""select__k"":64}"
combined	1	1	27	1	0.7081944594	1	"{""model__C"":0.01,""select__k"":64}"
combined	1	1	45	1	0.5742214866	1	"{""model__C"":0.01,""select__k"":64}"
combined	1	1	55	1	0.4383073492	0	"{""model__C"":0.01,""select__k"":64}"
combined	1	1	60	1	0.5743189493	1	"{""model__C"":0.01,""select__k"":64}"
combined	1	1	69	1	0.2568387385	0	"{""model__C"":0.01,""select__k"":64}"
combined	1	2	01	0	0.4285577562	0	"{""model__C"":0.01,""select__k"":128}"
combined	1	2	04	0	0.2780478297	0	"{""model__C"":0.01,""select__k"":128}"
combined	1	2	18	0	0.265195501	0	"{""model__C"":0.01,""select__k"":128}"
combined	1	2	25	1	0.7790211532	1	"{""model__C"":0.01,""select__k"":128}"
combined	1	2	35	1	0.5842478979	1	"{""model__C"":0.01,""select__k"":128}"
combined	1	2	41	1	0.5812499308	1	"{""model__C"":0.01,""select__k"":128}"
combined	1	2	59	1	0.3359605083	0	"{""model__C"":0.01,""select__k"":128}"
combined	1	2	62	1	0.4296216947	0	"{""model__C"":0.01,""select__k"":128}"
combined	1	2	67	1	0.512398418	1	"{""model__C"":0.01,""select__k"":128}"
combined	1	3	02	0	0.4201396811	0	"{""model__C"":0.01,""select__k"":32}"
combined	1	3	12	0	0.3487713491	0	"{""model__C"":0.01,""select__k"":32}"
combined	1	3	19	0	0.3990307321	0	"{""model__C"":0.01,""select__k"":32}"
combined	1	3	37	1	0.4081054124	0	"{""model__C"":0.01,""select__k"":32}"
combined	1	3	46	1	0.3764600206	0	"{""model__C"":0.01,""select__k"":32}"
combined	1	3	50	1	0.8546717685	1	"{""model__C"":0.01,""select__k"":32}"
combined	1	3	58	1	0.8233155241	1	"{""model__C"":0.01,""select__k"":32}"
combined	1	3	72	1	0.803713623	1	"{""model__C"":0.01,""select__k"":32}"
combined	1	3	75	1	0.4238413601	0	"{""model__C"":0.01,""select__k"":32}"
combined	1	4	03	0	0.3237539569	0	"{""model__C"":10.0,""select__k"":64}"
combined	1	4	16	0	0.0005462687948	0	"{""model__C"":10.0,""select__k"":64}"
combined	1	4	38	1	0.8131264019	1	"{""model__C"":10.0,""select__k"":64}"
combined	1	4	39	1	0.9872618152	1	"{""model__C"":10.0,""select__k"":64}"
combined	1	4	49	1	0.01496967946	0	"{""model__C"":10.0,""select__k"":64}"
combined	1	4	51	1	0.004493125898	0	"{""model__C"":10.0,""select__k"":64}"
combined	1	4	61	1	0.003341395697	0	"{""model__C"":10.0,""select__k"":64}"
combined	1	4	65	1	0.605799371	1	"{""model__C"":10.0,""select__k"":64}"
combined	1	4	68	1	0.997781615	1	"{""model__C"":10.0,""select__k"":64}"
combined	1	5	14	0	0.4105193934	0	"{""model__C"":0.01,""select__k"":64}"
combined	1	5	17	0	0.2327137829	0	"{""model__C"":0.01,""select__k"":64}"
combined	1	5	53	1	0.6055832487	1	"{""model__C"":0.01,""select__k"":64}"
combined	1	5	56	1	0.6763815877	1	"{""model__C"":0.01,""select__k"":64}"
combined	1	5	57	1	0.6641452456	1	"{""model__C"":0.01,""select__k"":64}"
combined	1	5	63	1	0.762908183	1	"{""model__C"":0.01,""select__k"":64}"
combined	1	5	71	1	0.9405095449	1	"{""model__C"":0.01,""select__k"":64}"
combined	1	5	74	1	0.4792342146	0	"{""model__C"":0.01,""select__k"":64}"
combined	2	1	07	0	0.5192670318	1	"{""model__C"":0.01,""select__k"":64}"
combined	2	1	13	0	0.565158364	1	"{""model__C"":0.01,""select__k"":64}"
combined	2	1	17	0	0.1997880316	0	"{""model__C"":0.01,""select__k"":64}"
combined	2	1	22	1	0.297067882	0	"{""model__C"":0.01,""select__k"":64}"
combined	2	1	41	1	0.6384662221	1	"{""model__C"":0.01,""select__k"":64}"
combined	2	1	59	1	0.4200803742	0	"{""model__C"":0.01,""select__k"":64}"
combined	2	1	60	1	0.5594820741	1	"{""model__C"":0.01,""select__k"":64}"
combined	2	1	67	1	0.6686706216	1	"{""model__C"":0.01,""select__k"":64}"
combined	2	1	75	1	0.2907817069	0	"{""model__C"":0.01,""select__k"":64}"
combined	2	2	03	0	0.4657412531	0	"{""model__C"":0.01,""select__k"":128}"
combined	2	2	08	0	0.1558292507	0	"{""model__C"":0.01,""select__k"":128}"
combined	2	2	14	0	0.3473426976	0	"{""model__C"":0.01,""select__k"":128}"
combined	2	2	25	1	0.7811263533	1	"{""model__C"":0.01,""select__k"":128}"
combined	2	2	27	1	0.6889380696	1	"{""model__C"":0.01,""select__k"":128}"
combined	2	2	50	1	0.8854357453	1	"{""model__C"":0.01,""select__k"":128}"
combined	2	2	63	1	0.6016980732	1	"{""model__C"":0.01,""select__k"":128}"
combined	2	2	71	1	0.9650313398	1	"{""model__C"":0.01,""select__k"":128}"
combined	2	2	74	1	0.5008406023	1	"{""model__C"":0.01,""select__k"":128}"
combined	2	3	04	0	0.2393528315	0	"{""model__C"":0.01,""select__k"":128}"
combined	2	3	12	0	0.2814818949	0	"{""model__C"":0.01,""select__k"":128}"
combined	2	3	19	0	0.3378119567	0	"{""model__C"":0.01,""select__k"":128}"
combined	2	3	35	1	0.5070687568	1	"{""model__C"":0.01,""select__k"":128}"
combined	2	3	38	1	0.5415773186	1	"{""model__C"":0.01,""select__k"":128}"
combined	2	3	45	1	0.6594251139	1	"{""model__C"":0.01,""select__k"":128}"
combined	2	3	49	1	0.605666824	1	"{""model__C"":0.01,""select__k"":128}"
combined	2	3	56	1	0.7406550955	1	"{""model__C"":0.01,""select__k"":128}"
combined	2	3	61	1	0.3297333727	0	"{""model__C"":0.01,""select__k"":128}"
combined	2	4	01	0	0.8007600825	1	"{""model__C"":1.0,""select__k"":32}"
combined	2	4	16	0	0.06702784222	0	"{""model__C"":1.0,""select__k"":32}"
combined	2	4	39	1	0.8950208356	1	"{""model__C"":1.0,""select__k"":32}"
combined	2	4	51	1	0.8158672026	1	"{""model__C"":1.0,""select__k"":32}"
combined	2	4	55	1	0.004427725104	0	"{""model__C"":1.0,""select__k"":32}"
combined	2	4	57	1	0.9736425225	1	"{""model__C"":1.0,""select__k"":32}"
combined	2	4	62	1	0.3104957467	0	"{""model__C"":1.0,""select__k"":32}"
combined	2	4	69	1	0.01648990808	0	"{""model__C"":1.0,""select__k"":32}"
combined	2	4	72	1	0.999905329	1	"{""model__C"":1.0,""select__k"":32}"
combined	2	5	02	0	0.9634850757	1	"{""model__C"":10.0,""select__k"":64}"
combined	2	5	18	0	0.05300830921	0	"{""model__C"":10.0,""select__k"":64}"
combined	2	5	37	1	0.002423255319	0	"{""model__C"":10.0,""select__k"":64}"
combined	2	5	46	1	0.06670634999	0	"{""model__C"":10.0,""select__k"":64}"
combined	2	5	53	1	0.998336162	1	"{""model__C"":10.0,""select__k"":64}"
combined	2	5	58	1	0.9685819844	1	"{""model__C"":10.0,""select__k"":64}"
combined	2	5	65	1	0.9489152079	1	"{""model__C"":10.0,""select__k"":64}"
combined	2	5	68	1	0.9754509758	1	"{""model__C"":10.0,""select__k"":64}"
combined	3	1	01	0	0.4799379698	0	"{""model__C"":0.01,""select__k"":16}"
combined	3	1	08	0	0.305940946	0	"{""model__C"":0.01,""select__k"":16}"
combined	3	1	14	0	0.4054916991	0	"{""model__C"":0.01,""select__k"":16}"
combined	3	1	22	1	0.3557431655	0	"{""model__C"":0.01,""select__k"":16}"
combined	3	1	27	1	0.6090123024	1	"{""model__C"":0.01,""select__k"":16}"
combined	3	1	35	1	0.5303201605	1	"{""model__C"":0.01,""select__k"":16}"
combined	3	1	56	1	0.6002493389	1	"{""model__C"":0.01,""select__k"":16}"
combined	3	1	60	1	0.3688960071	0	"{""model__C"":0.01,""select__k"":16}"
combined	3	1	61	1	0.3023320916	0	"{""model__C"":0.01,""select__k"":16}"
combined	3	2	12	0	0.1123502235	0	"{""model__C"":1.0,""select__k"":16}"
combined	3	2	17	0	0.01591727789	0	"{""model__C"":1.0,""select__k"":16}"
combined	3	2	19	0	0.7894120403	1	"{""model__C"":1.0,""select__k"":16}"
combined	3	2	45	1	0.8029588851	1	"{""model__C"":1.0,""select__k"":16}"
combined	3	2	50	1	0.6692465305	1	"{""model__C"":1.0,""select__k"":16}"
combined	3	2	55	1	0.3177150334	0	"{""model__C"":1.0,""select__k"":16}"
combined	3	2	62	1	0.6340815356	1	"{""model__C"":1.0,""select__k"":16}"
combined	3	2	63	1	0.5214485706	1	"{""model__C"":1.0,""select__k"":16}"
combined	3	2	74	1	0.6060665424	1	"{""model__C"":1.0,""select__k"":16}"
combined	3	3	07	0	0.4761708389	0	"{""model__C"":10.0,""select__k"":64}"
combined	3	3	13	0	0.8531012904	1	"{""model__C"":10.0,""select__k"":64}"
combined	3	3	16	0	0.2899557587	0	"{""model__C"":10.0,""select__k"":64}"
combined	3	3	37	1	0.001703441611	0	"{""model__C"":10.0,""select__k"":64}"
combined	3	3	46	1	0.8818886872	1	"{""model__C"":10.0,""select__k"":64}"
combined	3	3	58	1	0.9946026087	1	"{""model__C"":10.0,""select__k"":64}"
combined	3	3	59	1	0.1542033356	0	"{""model__C"":10.0,""select__k"":64}"
combined	3	3	72	1	0.9999978075	1	"{""model__C"":10.0,""select__k"":64}"
combined	3	3	75	1	0.0902772988	0	"{""model__C"":10.0,""select__k"":64}"
combined	3	4	03	0	0.1120443926	0	"{""model__C"":10.0,""select__k"":128}"
combined	3	4	18	0	0.01982158556	0	"{""model__C"":10.0,""select__k"":128}"
combined	3	4	38	1	0.9945039289	1	"{""model__C"":10.0,""select__k"":128}"
combined	3	4	41	1	0.9466279378	1	"{""model__C"":10.0,""select__k"":128}"
combined	3	4	53	1	0.9997291729	1	"{""model__C"":10.0,""select__k"":128}"
combined	3	4	57	1	0.999887301	1	"{""model__C"":10.0,""select__k"":128}"
combined	3	4	65	1	0.6630994659	1	"{""model__C"":10.0,""select__k"":128}"
combined	3	4	69	1	0.0307170692	0	"{""model__C"":10.0,""select__k"":128}"
combined	3	4	71	1	0.9999772462	1	"{""model__C"":10.0,""select__k"":128}"
combined	3	5	02	0	0.5911706346	1	"{""model__C"":1.0,""select__k"":128}"
combined	3	5	04	0	0.4429304475	0	"{""model__C"":1.0,""select__k"":128}"
combined	3	5	25	1	0.9919419362	1	"{""model__C"":1.0,""select__k"":128}"
combined	3	5	39	1	0.9251612485	1	"{""model__C"":1.0,""select__k"":128}"
combined	3	5	49	1	0.3272024586	0	"{""model__C"":1.0,""select__k"":128}"
combined	3	5	51	1	0.1268312618	0	"{""model__C"":1.0,""select__k"":128}"
combined	3	5	67	1	0.9125069733	1	"{""model__C"":1.0,""select__k"":128}"
combined	3	5	68	1	0.9561155017	1	"{""model__C"":1.0,""select__k"":128}"
