run,category,recorded_state,artifacts,source_json_files
clinical-classification-20260908,development_or_historical_evaluation,COMPLETE,56,56
clinical-permutation-20260908,development_or_historical_evaluation,COMPLETE,8,1007
clinical-permutation-benchmark-20260908,technical_only,FAILED,2,2
clinical-permutation-benchmark-v2-20260908,technical_only,FAILED,2,2
clinical-permutation-benchmark-v3-20260908,technical_only,COMPLETE,6,7
clinical-source-pretraining-20260908,source_pretraining_only,COMPLETE,8,8
ds005713-confirmatory-replication-n64,development_or_historical_evaluation,NOT_RECORDED,2,1
ds005713-external-transfer-exploratory,superseded_attempt,NOT_RECORDED,2,1
ds005713-external-transfer-exploratory-final,development_or_historical_evaluation,NOT_RECORDED,2,1
ds005713-external-transfer-smoke,technical_only,NOT_RECORDED,4,2
external-transfer-real-smoke-runs,technical_only,NOT_RECORDED,4,2
external-transfer-smoke-fyfu6x6v,technical_only,NOT_RECORDED,0,0
external-transfer-smoke-runs,technical_only,NOT_RECORDED,2,1
joint-source-target-20260911,development_or_historical_evaluation,COMPLETE,254,254
matched-finetuning-20260909,superseded_attempt,FAILED,2,2
matched-finetuning-20260909-v2,development_or_historical_evaluation,COMPLETE,56,56
matched-source-analysis-20260909,superseded_attempt,COMPLETE,57,57
matched-source-analysis-20260909-v2,development_or_historical_evaluation,COMPLETE,57,57
site-transfer-20260909,development_or_historical_evaluation,COMPLETE,14,14
source50-transfer-20260911,development_or_historical_evaluation,COMPLETE,131,131
srpbs-clinical-smoke-20260904-confirmed20,technical_only,NOT_RECORDED,2,2
srpbs-clinical-smoke-20260904-confirmed20-final,technical_only,NOT_RECORDED,2,2
srpbs-clinical-smoke-20260908-confirmed99,technical_only,NOT_RECORDED,2,2
srpbs-external-validation-preregistered,development_or_historical_evaluation,NOT_RECORDED,2,1
srpbs-no-image-alternatives-exploratory,development_or_historical_evaluation,NOT_RECORDED,1,1
supervised-evaluation-20260909,development_or_historical_evaluation,COMPLETE,56,56
supervised-transfer-rehearsal-20260908,technical_only,COMPLETE,13,13
transfer-optimization-20260909,development_or_historical_evaluation,COMPLETE,56,56
transfer-smoke-runs,technical_only,NOT_RECORDED,2,1
transfer-smoke-tupz94dm,technical_only,NOT_RECORDED,0,0
tn-supervised-smoke-20260911,technical_only,EXECUTION_SMOKE_COMPLETE,2,2
operations-20260908-clinical-classification,supporting_report,DATED_RECORD_ONLY,2,
operations-20260908-clinical-permutation,supporting_report,DATED_RECORD_ONLY,4,
operations-20260908-source-pretraining,supporting_report,DATED_RECORD_ONLY,1,
operations-20260908-transfer-next-step,supporting_report,DATED_RECORD_ONLY,3,
operations-20260909-matched-finetuning,supporting_report,DATED_RECORD_ONLY,4,
operations-20260909-matched-source-analysis,supporting_report,DATED_RECORD_ONLY,6,
operations-20260909-site-performance,supporting_report,DATED_RECORD_ONLY,2,
operations-20260909-site-transfer,supporting_report,DATED_RECORD_ONLY,4,
operations-20260909-supervised-classification,supporting_report,DATED_RECORD_ONLY,5,
operations-20260909-transfer-optimization,supporting_report,DATED_RECORD_ONLY,9,
operations-20260911-source50,supporting_report,DATED_RECORD_ONLY,1,
