method_id	method_label	repeat	outer_fold	roc_auc	balanced_accuracy	brier_score	average_precision
raw_fc_logistic	Raw OA FC	1	1	0.3888888888888889	0.5138888888888888	0.32488746112945355	0.7246743996743996
raw_fc_logistic	Raw OA FC	1	2	0.7777777777777777	0.7777777777777778	0.21332795057878357	0.9188983855650523
raw_fc_logistic	Raw OA FC	1	3	0.65625	0.5	0.2291027456604975	0.7823412698412698
raw_fc_logistic	Raw OA FC	1	4	0.7407407407407407	0.7777777777777777	0.1798426051445879	0.8969496552829888
raw_fc_logistic	Raw OA FC	1	5	0.7037037037037037	0.6111111111111112	0.2385635555255374	0.9094356261022929
raw_fc_logistic	Raw OA FC	2	1	0.6388888888888888	0.4444444444444444	0.28742282758826926	0.8264260430927097
raw_fc_logistic	Raw OA FC	2	2	0.5277777777777778	0.4027777777777778	0.28386865364757924	0.7527657527657527
raw_fc_logistic	Raw OA FC	2	3	0.71875	0.75	0.2635226017839529	0.8784722222222222
raw_fc_logistic	Raw OA FC	2	4	0.2962962962962963	0.2222222222222222	0.3439226465640206	0.7544853294853295
raw_fc_logistic	Raw OA FC	2	5	0.22222222222222224	0.2222222222222222	0.43249171450771945	0.6928451178451178
raw_fc_logistic	Raw OA FC	3	1	0.7222222222222222	0.6944444444444444	0.19500204912113242	0.8551858635191969
raw_fc_logistic	Raw OA FC	3	2	0.4722222222222222	0.4722222222222222	0.3218060660299914	0.761843711843712
raw_fc_logistic	Raw OA FC	3	3	0.4375	0.5	0.3597112992499647	0.7430871212121212
raw_fc_logistic	Raw OA FC	3	4	0.7777777777777778	0.7222222222222222	0.20519937790927992	0.9361111111111113
raw_fc_logistic	Raw OA FC	3	5	0.1851851851851852	0.2777777777777778	0.389316451988532	0.6896705146705147
oa_internal_fc_ssl_logistic	OA-fold SSL	1	1	0.5833333333333333	0.3333333333333333	0.25401230609237146	0.8420745920745922
oa_internal_fc_ssl_logistic	OA-fold SSL	1	2	0.41666666666666663	0.5416666666666666	0.26376738805835637	0.7522597772597774
oa_internal_fc_ssl_logistic	OA-fold SSL	1	3	0.59375	0.625	0.2791869362620483	0.8020833333333333
oa_internal_fc_ssl_logistic	OA-fold SSL	1	4	0.888888888888889	0.8333333333333333	0.14639693816256832	0.9626543209876546
oa_internal_fc_ssl_logistic	OA-fold SSL	1	5	0.7037037037037037	0.5555555555555556	0.277707666678342	0.8870731120731121
oa_internal_fc_ssl_logistic	OA-fold SSL	2	1	0.49999999999999994	0.5277777777777778	0.2554049045592227	0.7611703111703112
oa_internal_fc_ssl_logistic	OA-fold SSL	2	2	0.4722222222222222	0.4027777777777778	0.25475621920470815	0.7758528508528508
oa_internal_fc_ssl_logistic	OA-fold SSL	2	3	0.53125	0.6875	0.2677324988231474	0.8021645021645021
oa_internal_fc_ssl_logistic	OA-fold SSL	2	4	0.925925925925926	0.6666666666666666	0.2186414976500907	0.9765432098765434
oa_internal_fc_ssl_logistic	OA-fold SSL	2	5	0.37037037037037035	0.2222222222222222	0.32731589261419275	0.7928451178451179
oa_internal_fc_ssl_logistic	OA-fold SSL	3	1	0.5833333333333334	0.7222222222222222	0.2336741252608489	0.8513338513338515
oa_internal_fc_ssl_logistic	OA-fold SSL	3	2	0.5833333333333333	0.5972222222222222	0.26057288668107337	0.7752525252525253
oa_internal_fc_ssl_logistic	OA-fold SSL	3	3	0.625	0.625	0.21602741126307692	0.8051948051948052
oa_internal_fc_ssl_logistic	OA-fold SSL	3	4	0.6296296296296297	0.5	0.19403363493007345	0.8790123456790124
oa_internal_fc_ssl_logistic	OA-fold SSL	3	5	0.2962962962962963	0.3333333333333333	0.35865848434216624	0.7544853294853295
abide_external_fc_ssl_logistic	Fixed DS005713 SSL	1	1	0.8333333333333333	0.8194444444444444	0.16284080911427415	0.9395773979107314
abide_external_fc_ssl_logistic	Fixed DS005713 SSL	1	2	1.0	0.875	0.12128303568097555	1.0000000000000002
abide_external_fc_ssl_logistic	Fixed DS005713 SSL	1	3	0.78125	0.625	0.1846126481334466	0.8951388888888889
abide_external_fc_ssl_logistic	Fixed DS005713 SSL	1	4	0.7407407407407408	0.6666666666666666	0.24269081763488928	0.9115961199294533
abide_external_fc_ssl_logistic	Fixed DS005713 SSL	1	5	0.9259259259259259	0.9444444444444444	0.14802137849427197	0.9797979797979799
abide_external_fc_ssl_logistic	Fixed DS005713 SSL	2	1	0.8055555555555556	0.5833333333333333	0.17640211414654197	0.9170113836780505
abide_external_fc_ssl_logistic	Fixed DS005713 SSL	2	2	0.8611111111111112	0.7638888888888888	0.17110951181408188	0.9500000000000002
abide_external_fc_ssl_logistic	Fixed DS005713 SSL	2	3	0.375	0.375	0.4215601110264406	0.6701704545454545
abide_external_fc_ssl_logistic	Fixed DS005713 SSL	2	4	0.6296296296296298	0.6666666666666666	0.21779908564880368	0.8714165464165466
abide_external_fc_ssl_logistic	Fixed DS005713 SSL	2	5	0.4814814814814815	0.38888888888888884	0.3406396967121203	0.83980278980279
abide_external_fc_ssl_logistic	Fixed DS005713 SSL	3	1	0.8055555555555556	0.7083333333333333	0.2011836796105835	0.9280303030303032
abide_external_fc_ssl_logistic	Fixed DS005713 SSL	3	2	0.8055555555555555	0.6388888888888888	0.19803884898740554	0.929700854700855
abide_external_fc_ssl_logistic	Fixed DS005713 SSL	3	3	0.65625	0.625	0.29808194344580546	0.8385912698412699
abide_external_fc_ssl_logistic	Fixed DS005713 SSL	3	4	0.8518518518518519	0.611111111111111	0.16732623309020986	0.9598765432098768
abide_external_fc_ssl_logistic	Fixed DS005713 SSL	3	5	0.888888888888889	0.7777777777777777	0.11769811273184753	0.9674523007856344
abide_external_fc_ssl_oa_finetune_logistic	DS005713 + OA-fold fine-tune	1	1	0.6666666666666666	0.4583333333333333	0.2368918019893676	0.8883708883708885
abide_external_fc_ssl_oa_finetune_logistic	DS005713 + OA-fold fine-tune	1	2	0.9166666666666666	0.6666666666666666	0.20452780023486522	0.9626543209876546
abide_external_fc_ssl_oa_finetune_logistic	DS005713 + OA-fold fine-tune	1	3	0.6875	0.5625	0.19986237035672363	0.8334686147186148
abide_external_fc_ssl_oa_finetune_logistic	DS005713 + OA-fold fine-tune	1	4	0.8148148148148149	0.8333333333333333	0.18248945158619115	0.9436868686868689
abide_external_fc_ssl_oa_finetune_logistic	DS005713 + OA-fold fine-tune	1	5	0.7407407407407408	0.6666666666666666	0.2366826064563237	0.9115961199294533
abide_external_fc_ssl_oa_finetune_logistic	DS005713 + OA-fold fine-tune	2	1	0.7777777777777778	0.5277777777777778	0.22465555042139804	0.9051066217732886
abide_external_fc_ssl_oa_finetune_logistic	DS005713 + OA-fold fine-tune	2	2	0.75	0.7083333333333333	0.21776567041133743	0.9013548180214848
abide_external_fc_ssl_oa_finetune_logistic	DS005713 + OA-fold fine-tune	2	3	0.71875	0.75	0.21487211488271465	0.8477678571428572
abide_external_fc_ssl_oa_finetune_logistic	DS005713 + OA-fold fine-tune	2	4	0.5185185185185186	0.3333333333333333	0.25569604889176056	0.8287477954144622
abide_external_fc_ssl_oa_finetune_logistic	DS005713 + OA-fold fine-tune	2	5	0.4444444444444444	0.2222222222222222	0.3360675901467405	0.8298821548821549
abide_external_fc_ssl_oa_finetune_logistic	DS005713 + OA-fold fine-tune	3	1	0.7222222222222222	0.6527777777777778	0.20893445851537165	0.8790123456790124
abide_external_fc_ssl_oa_finetune_logistic	DS005713 + OA-fold fine-tune	3	2	0.75	0.6527777777777778	0.21716916933016905	0.8794973544973546
abide_external_fc_ssl_oa_finetune_logistic	DS005713 + OA-fold fine-tune	3	3	0.625	0.5	0.24892673631392073	0.7885912698412698
abide_external_fc_ssl_oa_finetune_logistic	DS005713 + OA-fold fine-tune	3	4	0.6296296296296297	0.5	0.21189335582847846	0.8790123456790124
abide_external_fc_ssl_oa_finetune_logistic	DS005713 + OA-fold fine-tune	3	5	0.4444444444444444	0.3333333333333333	0.2172973926257772	0.8298821548821549
