experiment_id	cohort_version	model_name	feature_set	repeat	outer_fold	split_seed	subject_id	true_label	probability	predicted_label	selected_epochs	selection_validation_auc	model_seed
5f80170135a4ce932215	phase1-n62-primary-label-permutation-03	gcn	combined	1	1	20260727	04	1	0.5342962146	1	10	0.7619047619	20261737
5f80170135a4ce932215	phase1-n62-primary-label-permutation-03	gcn	combined	1	1	20260727	07	0	0.5384709835	1	10	0.7619047619	20261737
5f80170135a4ce932215	phase1-n62-primary-label-permutation-03	gcn	combined	1	1	20260727	08	1	0.5283105373	1	10	0.7619047619	20261737
5f80170135a4ce932215	phase1-n62-primary-label-permutation-03	gcn	combined	1	1	20260727	22	0	0.5217616558	1	10	0.7619047619	20261737
5f80170135a4ce932215	phase1-n62-primary-label-permutation-03	gcn	combined	1	1	20260727	24	1	0.5214029551	1	10	0.7619047619	20261737
5f80170135a4ce932215	phase1-n62-primary-label-permutation-03	gcn	combined	1	1	20260727	25	0	0.5702601075	1	10	0.7619047619	20261737
5f80170135a4ce932215	phase1-n62-primary-label-permutation-03	gcn	combined	1	1	20260727	37	1	0.5274575949	1	10	0.7619047619	20261737
5f80170135a4ce932215	phase1-n62-primary-label-permutation-03	gcn	combined	1	1	20260727	41	0	0.5326293111	1	10	0.7619047619	20261737
5f80170135a4ce932215	phase1-n62-primary-label-permutation-03	gcn	combined	1	1	20260727	46	1	0.5332499146	1	10	0.7619047619	20261737
5f80170135a4ce932215	phase1-n62-primary-label-permutation-03	gcn	combined	1	1	20260727	66	1	0.5468229651	1	10	0.7619047619	20261737
5f80170135a4ce932215	phase1-n62-primary-label-permutation-03	gcn	combined	1	1	20260727	69	1	0.5174071193	1	10	0.7619047619	20261737
5f80170135a4ce932215	phase1-n62-primary-label-permutation-03	gcn	combined	1	1	20260727	71	1	0.5546143651	1	10	0.7619047619	20261737
5f80170135a4ce932215	phase1-n62-primary-label-permutation-03	gcn	combined	1	1	20260727	75	1	0.5151997209	1	10	0.7619047619	20261737
5f80170135a4ce932215	phase1-n62-primary-label-permutation-03	gcn	combined	1	2	20260727	09	1	0.5423619151	1	23	0.4761904762	20261747
5f80170135a4ce932215	phase1-n62-primary-label-permutation-03	gcn	combined	1	2	20260727	11	1	0.500782609	1	23	0.4761904762	20261747
5f80170135a4ce932215	phase1-n62-primary-label-permutation-03	gcn	combined	1	2	20260727	13	1	0.5736851692	1	23	0.4761904762	20261747
5f80170135a4ce932215	phase1-n62-primary-label-permutation-03	gcn	combined	1	2	20260727	18	1	0.5887125134	1	23	0.4761904762	20261747
5f80170135a4ce932215	phase1-n62-primary-label-permutation-03	gcn	combined	1	2	20260727	26	0	0.4893796146	0	23	0.4761904762	20261747
5f80170135a4ce932215	phase1-n62-primary-label-permutation-03	gcn	combined	1	2	20260727	36	1	0.5806216002	1	23	0.4761904762	20261747
5f80170135a4ce932215	phase1-n62-primary-label-permutation-03	gcn	combined	1	2	20260727	40	1	0.4834762812	0	23	0.4761904762	20261747
5f80170135a4ce932215	phase1-n62-primary-label-permutation-03	gcn	combined	1	2	20260727	42	1	0.6436108947	1	23	0.4761904762	20261747
5f80170135a4ce932215	phase1-n62-primary-label-permutation-03	gcn	combined	1	2	20260727	45	0	0.5983865261	1	23	0.4761904762	20261747
5f80170135a4ce932215	phase1-n62-primary-label-permutation-03	gcn	combined	1	2	20260727	53	1	0.6285136938	1	23	0.4761904762	20261747
5f80170135a4ce932215	phase1-n62-primary-label-permutation-03	gcn	combined	1	2	20260727	55	0	0.6062716246	1	23	0.4761904762	20261747
5f80170135a4ce932215	phase1-n62-primary-label-permutation-03	gcn	combined	1	2	20260727	61	1	0.6128150821	1	23	0.4761904762	20261747
5f80170135a4ce932215	phase1-n62-primary-label-permutation-03	gcn	combined	1	2	20260727	72	0	0.7583919168	1	23	0.4761904762	20261747
5f80170135a4ce932215	phase1-n62-primary-label-permutation-03	gcn	combined	1	3	20260727	02	1	0.4843162	0	10	0.2380952381	20261757
5f80170135a4ce932215	phase1-n62-primary-label-permutation-03	gcn	combined	1	3	20260727	05	1	0.5761169791	1	10	0.2380952381	20261757
5f80170135a4ce932215	phase1-n62-primary-label-permutation-03	gcn	combined	1	3	20260727	17	0	0.5089558959	1	10	0.2380952381	20261757
5f80170135a4ce932215	phase1-n62-primary-label-permutation-03	gcn	combined	1	3	20260727	20	1	0.572304666	1	10	0.2380952381	20261757
5f80170135a4ce932215	phase1-n62-primary-label-permutation-03	gcn	combined	1	3	20260727	31	0	0.5844035149	1	10	0.2380952381	20261757
5f80170135a4ce932215	phase1-n62-primary-label-permutation-03	gcn	combined	1	3	20260727	34	1	0.5640380383	1	10	0.2380952381	20261757
5f80170135a4ce932215	phase1-n62-primary-label-permutation-03	gcn	combined	1	3	20260727	39	1	0.4691802859	0	10	0.2380952381	20261757
5f80170135a4ce932215	phase1-n62-primary-label-permutation-03	gcn	combined	1	3	20260727	43	1	0.5457059145	1	10	0.2380952381	20261757
5f80170135a4ce932215	phase1-n62-primary-label-permutation-03	gcn	combined	1	3	20260727	56	1	0.5352852345	1	10	0.2380952381	20261757
5f80170135a4ce932215	phase1-n62-primary-label-permutation-03	gcn	combined	1	3	20260727	59	0	0.5123360157	1	10	0.2380952381	20261757
5f80170135a4ce932215	phase1-n62-primary-label-permutation-03	gcn	combined	1	3	20260727	60	1	0.477355063	0	10	0.2380952381	20261757
5f80170135a4ce932215	phase1-n62-primary-label-permutation-03	gcn	combined	1	3	20260727	62	1	0.5099260211	1	10	0.2380952381	20261757
5f80170135a4ce932215	phase1-n62-primary-label-permutation-03	gcn	combined	1	4	20260727	10	0	0.7394541502	1	24	0.8095238095	20261767
5f80170135a4ce932215	phase1-n62-primary-label-permutation-03	gcn	combined	1	4	20260727	14	1	0.4172189236	0	24	0.8095238095	20261767
5f80170135a4ce932215	phase1-n62-primary-label-permutation-03	gcn	combined	1	4	20260727	19	1	0.4766341448	0	24	0.8095238095	20261767
5f80170135a4ce932215	phase1-n62-primary-label-permutation-03	gcn	combined	1	4	20260727	23	1	0.6471351385	1	24	0.8095238095	20261767
5f80170135a4ce932215	phase1-n62-primary-label-permutation-03	gcn	combined	1	4	20260727	27	1	0.4467352927	0	24	0.8095238095	20261767
5f80170135a4ce932215	phase1-n62-primary-label-permutation-03	gcn	combined	1	4	20260727	28	1	0.7038051486	1	24	0.8095238095	20261767
5f80170135a4ce932215	phase1-n62-primary-label-permutation-03	gcn	combined	1	4	20260727	38	0	0.4327354729	0	24	0.8095238095	20261767
5f80170135a4ce932215	phase1-n62-primary-label-permutation-03	gcn	combined	1	4	20260727	49	1	0.4640861154	0	24	0.8095238095	20261767
5f80170135a4ce932215	phase1-n62-primary-label-permutation-03	gcn	combined	1	4	20260727	63	1	0.4052833915	0	24	0.8095238095	20261767
5f80170135a4ce932215	phase1-n62-primary-label-permutation-03	gcn	combined	1	4	20260727	64	0	0.7400059104	1	24	0.8095238095	20261767
5f80170135a4ce932215	phase1-n62-primary-label-permutation-03	gcn	combined	1	4	20260727	65	1	0.4033541083	0	24	0.8095238095	20261767
5f80170135a4ce932215	phase1-n62-primary-label-permutation-03	gcn	combined	1	4	20260727	74	1	0.4109751284	0	24	0.8095238095	20261767
5f80170135a4ce932215	phase1-n62-primary-label-permutation-03	gcn	combined	1	5	20260727	01	1	0.5267808437	1	10	0.4285714286	20261777
5f80170135a4ce932215	phase1-n62-primary-label-permutation-03	gcn	combined	1	5	20260727	03	0	0.5260483623	1	10	0.4285714286	20261777
5f80170135a4ce932215	phase1-n62-primary-label-permutation-03	gcn	combined	1	5	20260727	12	1	0.5196610689	1	10	0.4285714286	20261777
5f80170135a4ce932215	phase1-n62-primary-label-permutation-03	gcn	combined	1	5	20260727	16	0	0.51320225	1	10	0.4285714286	20261777
5f80170135a4ce932215	phase1-n62-primary-label-permutation-03	gcn	combined	1	5	20260727	35	1	0.533649087	1	10	0.4285714286	20261777
5f80170135a4ce932215	phase1-n62-primary-label-permutation-03	gcn	combined	1	5	20260727	47	1	0.4572393298	0	10	0.4285714286	20261777
5f80170135a4ce932215	phase1-n62-primary-label-permutation-03	gcn	combined	1	5	20260727	50	1	0.522190094	1	10	0.4285714286	20261777
5f80170135a4ce932215	phase1-n62-primary-label-permutation-03	gcn	combined	1	5	20260727	51	1	0.5336643457	1	10	0.4285714286	20261777
5f80170135a4ce932215	phase1-n62-primary-label-permutation-03	gcn	combined	1	5	20260727	57	1	0.5000386238	1	10	0.4285714286	20261777
5f80170135a4ce932215	phase1-n62-primary-label-permutation-03	gcn	combined	1	5	20260727	58	0	0.5565060973	1	10	0.4285714286	20261777
5f80170135a4ce932215	phase1-n62-primary-label-permutation-03	gcn	combined	1	5	20260727	67	0	0.5412707925	1	10	0.4285714286	20261777
5f80170135a4ce932215	phase1-n62-primary-label-permutation-03	gcn	combined	1	5	20260727	68	1	0.5106604099	1	10	0.4285714286	20261777
5f80170135a4ce932215	phase1-n62-primary-label-permutation-03	gcn	combined	2	1	20261727	09	1	0.5854924321	1	16	0.380952381	20262737
5f80170135a4ce932215	phase1-n62-primary-label-permutation-03	gcn	combined	2	1	20261727	10	0	0.5842252374	1	16	0.380952381	20262737
5f80170135a4ce932215	phase1-n62-primary-label-permutation-03	gcn	combined	2	1	20261727	13	1	0.4934747517	0	16	0.380952381	20262737
5f80170135a4ce932215	phase1-n62-primary-label-permutation-03	gcn	combined	2	1	20261727	22	0	0.5083627701	1	16	0.380952381	20262737
5f80170135a4ce932215	phase1-n62-primary-label-permutation-03	gcn	combined	2	1	20261727	25	0	0.4843355715	0	16	0.380952381	20262737
5f80170135a4ce932215	phase1-n62-primary-label-permutation-03	gcn	combined	2	1	20261727	46	1	0.4977980554	0	16	0.380952381	20262737
5f80170135a4ce932215	phase1-n62-primary-label-permutation-03	gcn	combined	2	1	20261727	47	1	0.4064835608	0	16	0.380952381	20262737
5f80170135a4ce932215	phase1-n62-primary-label-permutation-03	gcn	combined	2	1	20261727	50	1	0.4336775541	0	16	0.380952381	20262737
5f80170135a4ce932215	phase1-n62-primary-label-permutation-03	gcn	combined	2	1	20261727	57	1	0.5009354353	1	16	0.380952381	20262737
5f80170135a4ce932215	phase1-n62-primary-label-permutation-03	gcn	combined	2	1	20261727	58	0	0.4325437844	0	16	0.380952381	20262737
5f80170135a4ce932215	phase1-n62-primary-label-permutation-03	gcn	combined	2	1	20261727	66	1	0.5342152119	1	16	0.380952381	20262737
5f80170135a4ce932215	phase1-n62-primary-label-permutation-03	gcn	combined	2	1	20261727	69	1	0.4795281291	0	16	0.380952381	20262737
5f80170135a4ce932215	phase1-n62-primary-label-permutation-03	gcn	combined	2	1	20261727	74	1	0.5107010603	1	16	0.380952381	20262737
5f80170135a4ce932215	phase1-n62-primary-label-permutation-03	gcn	combined	2	2	20261727	02	1	0.5429409146	1	11	0.1904761905	20262747
5f80170135a4ce932215	phase1-n62-primary-label-permutation-03	gcn	combined	2	2	20261727	04	1	0.5539394617	1	11	0.1904761905	20262747
5f80170135a4ce932215	phase1-n62-primary-label-permutation-03	gcn	combined	2	2	20261727	08	1	0.5463651419	1	11	0.1904761905	20262747
5f80170135a4ce932215	phase1-n62-primary-label-permutation-03	gcn	combined	2	2	20261727	11	1	0.6749616861	1	11	0.1904761905	20262747
5f80170135a4ce932215	phase1-n62-primary-label-permutation-03	gcn	combined	2	2	20261727	16	0	0.5336563587	1	11	0.1904761905	20262747
5f80170135a4ce932215	phase1-n62-primary-label-permutation-03	gcn	combined	2	2	20261727	20	1	0.6383229494	1	11	0.1904761905	20262747
5f80170135a4ce932215	phase1-n62-primary-label-permutation-03	gcn	combined	2	2	20261727	27	1	0.5229481459	1	11	0.1904761905	20262747
5f80170135a4ce932215	phase1-n62-primary-label-permutation-03	gcn	combined	2	2	20261727	31	0	0.6528451443	1	11	0.1904761905	20262747
5f80170135a4ce932215	phase1-n62-primary-label-permutation-03	gcn	combined	2	2	20261727	35	1	0.5382224917	1	11	0.1904761905	20262747
5f80170135a4ce932215	phase1-n62-primary-label-permutation-03	gcn	combined	2	2	20261727	36	1	0.5413947105	1	11	0.1904761905	20262747
5f80170135a4ce932215	phase1-n62-primary-label-permutation-03	gcn	combined	2	2	20261727	38	0	0.5501734018	1	11	0.1904761905	20262747
5f80170135a4ce932215	phase1-n62-primary-label-permutation-03	gcn	combined	2	2	20261727	43	1	0.5978005528	1	11	0.1904761905	20262747
5f80170135a4ce932215	phase1-n62-primary-label-permutation-03	gcn	combined	2	2	20261727	59	0	0.5458680391	1	11	0.1904761905	20262747
5f80170135a4ce932215	phase1-n62-primary-label-permutation-03	gcn	combined	2	3	20261727	12	1	0.488322109	0	11	0.4285714286	20262757
5f80170135a4ce932215	phase1-n62-primary-label-permutation-03	gcn	combined	2	3	20261727	14	1	0.481241107	0	11	0.4285714286	20262757
5f80170135a4ce932215	phase1-n62-primary-label-permutation-03	gcn	combined	2	3	20261727	17	0	0.4962305427	0	11	0.4285714286	20262757
5f80170135a4ce932215	phase1-n62-primary-label-permutation-03	gcn	combined	2	3	20261727	18	1	0.4608539641	0	11	0.4285714286	20262757
5f80170135a4ce932215	phase1-n62-primary-label-permutation-03	gcn	combined	2	3	20261727	39	1	0.4906100631	0	11	0.4285714286	20262757
5f80170135a4ce932215	phase1-n62-primary-label-permutation-03	gcn	combined	2	3	20261727	41	0	0.4819659889	0	11	0.4285714286	20262757
5f80170135a4ce932215	phase1-n62-primary-label-permutation-03	gcn	combined	2	3	20261727	45	0	0.4668564796	0	11	0.4285714286	20262757
5f80170135a4ce932215	phase1-n62-primary-label-permutation-03	gcn	combined	2	3	20261727	53	1	0.483151257	0	11	0.4285714286	20262757
5f80170135a4ce932215	phase1-n62-primary-label-permutation-03	gcn	combined	2	3	20261727	61	1	0.4763934314	0	11	0.4285714286	20262757
5f80170135a4ce932215	phase1-n62-primary-label-permutation-03	gcn	combined	2	3	20261727	62	1	0.4697485566	0	11	0.4285714286	20262757
5f80170135a4ce932215	phase1-n62-primary-label-permutation-03	gcn	combined	2	3	20261727	71	1	0.4877155423	0	11	0.4285714286	20262757
5f80170135a4ce932215	phase1-n62-primary-label-permutation-03	gcn	combined	2	3	20261727	75	1	0.4654131532	0	11	0.4285714286	20262757
5f80170135a4ce932215	phase1-n62-primary-label-permutation-03	gcn	combined	2	4	20261727	01	1	0.5184528828	1	17	0.1904761905	20262767
5f80170135a4ce932215	phase1-n62-primary-label-permutation-03	gcn	combined	2	4	20261727	03	0	0.4996367693	0	17	0.1904761905	20262767
5f80170135a4ce932215	phase1-n62-primary-label-permutation-03	gcn	combined	2	4	20261727	07	0	0.500813365	1	17	0.1904761905	20262767
5f80170135a4ce932215	phase1-n62-primary-label-permutation-03	gcn	combined	2	4	20261727	19	1	0.514734149	1	17	0.1904761905	20262767
5f80170135a4ce932215	phase1-n62-primary-label-permutation-03	gcn	combined	2	4	20261727	23	1	0.5603547692	1	17	0.1904761905	20262767
5f80170135a4ce932215	phase1-n62-primary-label-permutation-03	gcn	combined	2	4	20261727	40	1	0.5306704044	1	17	0.1904761905	20262767
5f80170135a4ce932215	phase1-n62-primary-label-permutation-03	gcn	combined	2	4	20261727	42	1	0.6211491227	1	17	0.1904761905	20262767
5f80170135a4ce932215	phase1-n62-primary-label-permutation-03	gcn	combined	2	4	20261727	51	1	0.5293698311	1	17	0.1904761905	20262767
5f80170135a4ce932215	phase1-n62-primary-label-permutation-03	gcn	combined	2	4	20261727	60	1	0.5165106654	1	17	0.1904761905	20262767
5f80170135a4ce932215	phase1-n62-primary-label-permutation-03	gcn	combined	2	4	20261727	63	1	0.4980332851	0	17	0.1904761905	20262767
5f80170135a4ce932215	phase1-n62-primary-label-permutation-03	gcn	combined	2	4	20261727	65	1	0.4950275123	0	17	0.1904761905	20262767
5f80170135a4ce932215	phase1-n62-primary-label-permutation-03	gcn	combined	2	4	20261727	67	0	0.5218219757	1	17	0.1904761905	20262767
5f80170135a4ce932215	phase1-n62-primary-label-permutation-03	gcn	combined	2	5	20261727	05	1	0.7184324265	1	10	0.4761904762	20262777
5f80170135a4ce932215	phase1-n62-primary-label-permutation-03	gcn	combined	2	5	20261727	24	1	0.6313844323	1	10	0.4761904762	20262777
5f80170135a4ce932215	phase1-n62-primary-label-permutation-03	gcn	combined	2	5	20261727	26	0	0.7376465201	1	10	0.4761904762	20262777
5f80170135a4ce932215	phase1-n62-primary-label-permutation-03	gcn	combined	2	5	20261727	28	1	0.7271950841	1	10	0.4761904762	20262777
5f80170135a4ce932215	phase1-n62-primary-label-permutation-03	gcn	combined	2	5	20261727	34	1	0.6788606644	1	10	0.4761904762	20262777
5f80170135a4ce932215	phase1-n62-primary-label-permutation-03	gcn	combined	2	5	20261727	37	1	0.4836135507	0	10	0.4761904762	20262777
5f80170135a4ce932215	phase1-n62-primary-label-permutation-03	gcn	combined	2	5	20261727	49	1	0.4797661006	0	10	0.4761904762	20262777
5f80170135a4ce932215	phase1-n62-primary-label-permutation-03	gcn	combined	2	5	20261727	55	0	0.4762915969	0	10	0.4761904762	20262777
5f80170135a4ce932215	phase1-n62-primary-label-permutation-03	gcn	combined	2	5	20261727	56	1	0.4847213626	0	10	0.4761904762	20262777
5f80170135a4ce932215	phase1-n62-primary-label-permutation-03	gcn	combined	2	5	20261727	64	0	0.7028289437	1	10	0.4761904762	20262777
5f80170135a4ce932215	phase1-n62-primary-label-permutation-03	gcn	combined	2	5	20261727	68	1	0.49987638	0	10	0.4761904762	20262777
5f80170135a4ce932215	phase1-n62-primary-label-permutation-03	gcn	combined	2	5	20261727	72	0	0.4873773456	0	10	0.4761904762	20262777
5f80170135a4ce932215	phase1-n62-primary-label-permutation-03	gcn	combined	3	1	20262727	03	0	0.5108789802	1	10	0.3333333333	20263737
5f80170135a4ce932215	phase1-n62-primary-label-permutation-03	gcn	combined	3	1	20262727	13	1	0.4610542059	0	10	0.3333333333	20263737
5f80170135a4ce932215	phase1-n62-primary-label-permutation-03	gcn	combined	3	1	20262727	17	0	0.5167775154	1	10	0.3333333333	20263737
5f80170135a4ce932215	phase1-n62-primary-label-permutation-03	gcn	combined	3	1	20262727	19	1	0.5087090135	1	10	0.3333333333	20263737
5f80170135a4ce932215	phase1-n62-primary-label-permutation-03	gcn	combined	3	1	20262727	20	1	0.5212484598	1	10	0.3333333333	20263737
5f80170135a4ce932215	phase1-n62-primary-label-permutation-03	gcn	combined	3	1	20262727	24	1	0.4935640395	0	10	0.3333333333	20263737
5f80170135a4ce932215	phase1-n62-primary-label-permutation-03	gcn	combined	3	1	20262727	26	0	0.5300699472	1	10	0.3333333333	20263737
5f80170135a4ce932215	phase1-n62-primary-label-permutation-03	gcn	combined	3	1	20262727	39	1	0.5047440529	1	10	0.3333333333	20263737
5f80170135a4ce932215	phase1-n62-primary-label-permutation-03	gcn	combined	3	1	20262727	40	1	0.5193636417	1	10	0.3333333333	20263737
5f80170135a4ce932215	phase1-n62-primary-label-permutation-03	gcn	combined	3	1	20262727	47	1	0.5771266818	1	10	0.3333333333	20263737
5f80170135a4ce932215	phase1-n62-primary-label-permutation-03	gcn	combined	3	1	20262727	50	1	0.4627457559	0	10	0.3333333333	20263737
5f80170135a4ce932215	phase1-n62-primary-label-permutation-03	gcn	combined	3	1	20262727	65	1	0.5122221112	1	10	0.3333333333	20263737
5f80170135a4ce932215	phase1-n62-primary-label-permutation-03	gcn	combined	3	1	20262727	67	0	0.4948982894	0	10	0.3333333333	20263737
5f80170135a4ce932215	phase1-n62-primary-label-permutation-03	gcn	combined	3	2	20262727	01	1	0.4520488977	0	11	0.619047619	20263747
5f80170135a4ce932215	phase1-n62-primary-label-permutation-03	gcn	combined	3	2	20262727	02	1	0.4561215937	0	11	0.619047619	20263747
5f80170135a4ce932215	phase1-n62-primary-label-permutation-03	gcn	combined	3	2	20262727	12	1	0.4837750494	0	11	0.619047619	20263747
5f80170135a4ce932215	phase1-n62-primary-label-permutation-03	gcn	combined	3	2	20262727	18	1	0.4494880736	0	11	0.619047619	20263747
5f80170135a4ce932215	phase1-n62-primary-label-permutation-03	gcn	combined	3	2	20262727	22	0	0.4524810612	0	11	0.619047619	20263747
5f80170135a4ce932215	phase1-n62-primary-label-permutation-03	gcn	combined	3	2	20262727	31	0	0.676555872	1	11	0.619047619	20263747
5f80170135a4ce932215	phase1-n62-primary-label-permutation-03	gcn	combined	3	2	20262727	36	1	0.557765007	1	11	0.619047619	20263747
5f80170135a4ce932215	phase1-n62-primary-label-permutation-03	gcn	combined	3	2	20262727	37	1	0.4723915458	0	11	0.619047619	20263747
5f80170135a4ce932215	phase1-n62-primary-label-permutation-03	gcn	combined	3	2	20262727	42	1	0.6275500059	1	11	0.619047619	20263747
5f80170135a4ce932215	phase1-n62-primary-label-permutation-03	gcn	combined	3	2	20262727	45	0	0.4552550018	0	11	0.619047619	20263747
5f80170135a4ce932215	phase1-n62-primary-label-permutation-03	gcn	combined	3	2	20262727	53	1	0.4707887769	0	11	0.619047619	20263747
5f80170135a4ce932215	phase1-n62-primary-label-permutation-03	gcn	combined	3	2	20262727	58	0	0.451168716	0	11	0.619047619	20263747
5f80170135a4ce932215	phase1-n62-primary-label-permutation-03	gcn	combined	3	2	20262727	69	1	0.4671168923	0	11	0.619047619	20263747
5f80170135a4ce932215	phase1-n62-primary-label-permutation-03	gcn	combined	3	3	20262727	07	0	0.5448160768	1	28	0.7619047619	20263757
5f80170135a4ce932215	phase1-n62-primary-label-permutation-03	gcn	combined	3	3	20262727	09	1	0.7541735172	1	28	0.7619047619	20263757
5f80170135a4ce932215	phase1-n62-primary-label-permutation-03	gcn	combined	3	3	20262727	16	0	0.535575211	1	28	0.7619047619	20263757
5f80170135a4ce932215	phase1-n62-primary-label-permutation-03	gcn	combined	3	3	20262727	28	1	0.6256477833	1	28	0.7619047619	20263757
5f80170135a4ce932215	phase1-n62-primary-label-permutation-03	gcn	combined	3	3	20262727	35	1	0.5708968043	1	28	0.7619047619	20263757
5f80170135a4ce932215	phase1-n62-primary-label-permutation-03	gcn	combined	3	3	20262727	49	1	0.5770187378	1	28	0.7619047619	20263757
5f80170135a4ce932215	phase1-n62-primary-label-permutation-03	gcn	combined	3	3	20262727	57	1	0.569806397	1	28	0.7619047619	20263757
5f80170135a4ce932215	phase1-n62-primary-label-permutation-03	gcn	combined	3	3	20262727	63	1	0.5031729341	1	28	0.7619047619	20263757
5f80170135a4ce932215	phase1-n62-primary-label-permutation-03	gcn	combined	3	3	20262727	66	1	0.5326479673	1	28	0.7619047619	20263757
5f80170135a4ce932215	phase1-n62-primary-label-permutation-03	gcn	combined	3	3	20262727	71	1	0.6425209045	1	28	0.7619047619	20263757
5f80170135a4ce932215	phase1-n62-primary-label-permutation-03	gcn	combined	3	3	20262727	72	0	0.727474153	1	28	0.7619047619	20263757
5f80170135a4ce932215	phase1-n62-primary-label-permutation-03	gcn	combined	3	3	20262727	75	1	0.5145862103	1	28	0.7619047619	20263757
5f80170135a4ce932215	phase1-n62-primary-label-permutation-03	gcn	combined	3	4	20262727	04	1	0.421960324	0	15	0.3333333333	20263767
5f80170135a4ce932215	phase1-n62-primary-label-permutation-03	gcn	combined	3	4	20262727	05	1	0.6365646124	1	15	0.3333333333	20263767
5f80170135a4ce932215	phase1-n62-primary-label-permutation-03	gcn	combined	3	4	20262727	08	1	0.4401562214	0	15	0.3333333333	20263767
5f80170135a4ce932215	phase1-n62-primary-label-permutation-03	gcn	combined	3	4	20262727	14	1	0.434489578	0	15	0.3333333333	20263767
5f80170135a4ce932215	phase1-n62-primary-label-permutation-03	gcn	combined	3	4	20262727	23	1	0.5916724801	1	15	0.3333333333	20263767
5f80170135a4ce932215	phase1-n62-primary-label-permutation-03	gcn	combined	3	4	20262727	38	0	0.4662355185	0	15	0.3333333333	20263767
5f80170135a4ce932215	phase1-n62-primary-label-permutation-03	gcn	combined	3	4	20262727	43	1	0.5947698355	1	15	0.3333333333	20263767
5f80170135a4ce932215	phase1-n62-primary-label-permutation-03	gcn	combined	3	4	20262727	51	1	0.4465363622	0	15	0.3333333333	20263767
5f80170135a4ce932215	phase1-n62-primary-label-permutation-03	gcn	combined	3	4	20262727	55	0	0.4016340375	0	15	0.3333333333	20263767
5f80170135a4ce932215	phase1-n62-primary-label-permutation-03	gcn	combined	3	4	20262727	60	1	0.4122282267	0	15	0.3333333333	20263767
5f80170135a4ce932215	phase1-n62-primary-label-permutation-03	gcn	combined	3	4	20262727	62	1	0.4176465273	0	15	0.3333333333	20263767
5f80170135a4ce932215	phase1-n62-primary-label-permutation-03	gcn	combined	3	4	20262727	64	0	0.6879585981	1	15	0.3333333333	20263767
5f80170135a4ce932215	phase1-n62-primary-label-permutation-03	gcn	combined	3	5	20262727	10	0	0.6408794522	1	11	0.5714285714	20263777
5f80170135a4ce932215	phase1-n62-primary-label-permutation-03	gcn	combined	3	5	20262727	11	1	0.6235176325	1	11	0.5714285714	20263777
5f80170135a4ce932215	phase1-n62-primary-label-permutation-03	gcn	combined	3	5	20262727	25	0	0.509593904	1	11	0.5714285714	20263777
5f80170135a4ce932215	phase1-n62-primary-label-permutation-03	gcn	combined	3	5	20262727	27	1	0.4881738126	0	11	0.5714285714	20263777
5f80170135a4ce932215	phase1-n62-primary-label-permutation-03	gcn	combined	3	5	20262727	34	1	0.6307319999	1	11	0.5714285714	20263777
5f80170135a4ce932215	phase1-n62-primary-label-permutation-03	gcn	combined	3	5	20262727	41	0	0.534812808	1	11	0.5714285714	20263777
5f80170135a4ce932215	phase1-n62-primary-label-permutation-03	gcn	combined	3	5	20262727	46	1	0.4875128269	0	11	0.5714285714	20263777
5f80170135a4ce932215	phase1-n62-primary-label-permutation-03	gcn	combined	3	5	20262727	56	1	0.5252149105	1	11	0.5714285714	20263777
5f80170135a4ce932215	phase1-n62-primary-label-permutation-03	gcn	combined	3	5	20262727	59	0	0.5201361179	1	11	0.5714285714	20263777
5f80170135a4ce932215	phase1-n62-primary-label-permutation-03	gcn	combined	3	5	20262727	61	1	0.5045810342	1	11	0.5714285714	20263777
5f80170135a4ce932215	phase1-n62-primary-label-permutation-03	gcn	combined	3	5	20262727	68	1	0.4708664417	0	11	0.5714285714	20263777
5f80170135a4ce932215	phase1-n62-primary-label-permutation-03	gcn	combined	3	5	20262727	74	1	0.4979394376	0	11	0.5714285714	20263777
ace70088c01435dcf6db	phase1-n62-primary-label-permutation-03	gat	combined	1	1	20260727	04	1	0.5547090769	1	11	0.4285714286	21261737
ace70088c01435dcf6db	phase1-n62-primary-label-permutation-03	gat	combined	1	1	20260727	07	0	0.5337740183	1	11	0.4285714286	21261737
ace70088c01435dcf6db	phase1-n62-primary-label-permutation-03	gat	combined	1	1	20260727	08	1	0.5386776924	1	11	0.4285714286	21261737
ace70088c01435dcf6db	phase1-n62-primary-label-permutation-03	gat	combined	1	1	20260727	22	0	0.5299757123	1	11	0.4285714286	21261737
ace70088c01435dcf6db	phase1-n62-primary-label-permutation-03	gat	combined	1	1	20260727	24	1	0.5376849174	1	11	0.4285714286	21261737
ace70088c01435dcf6db	phase1-n62-primary-label-permutation-03	gat	combined	1	1	20260727	25	0	0.5399268866	1	11	0.4285714286	21261737
ace70088c01435dcf6db	phase1-n62-primary-label-permutation-03	gat	combined	1	1	20260727	37	1	0.5289825797	1	11	0.4285714286	21261737
ace70088c01435dcf6db	phase1-n62-primary-label-permutation-03	gat	combined	1	1	20260727	41	0	0.5328933001	1	11	0.4285714286	21261737
ace70088c01435dcf6db	phase1-n62-primary-label-permutation-03	gat	combined	1	1	20260727	46	1	0.514092803	1	11	0.4285714286	21261737
ace70088c01435dcf6db	phase1-n62-primary-label-permutation-03	gat	combined	1	1	20260727	66	1	0.5068959594	1	11	0.4285714286	21261737
ace70088c01435dcf6db	phase1-n62-primary-label-permutation-03	gat	combined	1	1	20260727	69	1	0.5332150459	1	11	0.4285714286	21261737
ace70088c01435dcf6db	phase1-n62-primary-label-permutation-03	gat	combined	1	1	20260727	71	1	0.5458669066	1	11	0.4285714286	21261737
ace70088c01435dcf6db	phase1-n62-primary-label-permutation-03	gat	combined	1	1	20260727	75	1	0.5134452581	1	11	0.4285714286	21261737
ace70088c01435dcf6db	phase1-n62-primary-label-permutation-03	gat	combined	1	2	20260727	09	1	0.4332532883	0	19	0.5714285714	21261747
ace70088c01435dcf6db	phase1-n62-primary-label-permutation-03	gat	combined	1	2	20260727	11	1	0.4110817909	0	19	0.5714285714	21261747
ace70088c01435dcf6db	phase1-n62-primary-label-permutation-03	gat	combined	1	2	20260727	13	1	0.5361933112	1	19	0.5714285714	21261747
ace70088c01435dcf6db	phase1-n62-primary-label-permutation-03	gat	combined	1	2	20260727	18	1	0.536667645	1	19	0.5714285714	21261747
ace70088c01435dcf6db	phase1-n62-primary-label-permutation-03	gat	combined	1	2	20260727	26	0	0.6295338869	1	19	0.5714285714	21261747
ace70088c01435dcf6db	phase1-n62-primary-label-permutation-03	gat	combined	1	2	20260727	36	1	0.7142188549	1	19	0.5714285714	21261747
ace70088c01435dcf6db	phase1-n62-primary-label-permutation-03	gat	combined	1	2	20260727	40	1	0.4969878197	0	19	0.5714285714	21261747
ace70088c01435dcf6db	phase1-n62-primary-label-permutation-03	gat	combined	1	2	20260727	42	1	0.5523333549	1	19	0.5714285714	21261747
ace70088c01435dcf6db	phase1-n62-primary-label-permutation-03	gat	combined	1	2	20260727	45	0	0.545666337	1	19	0.5714285714	21261747
ace70088c01435dcf6db	phase1-n62-primary-label-permutation-03	gat	combined	1	2	20260727	53	1	0.5167101622	1	19	0.5714285714	21261747
ace70088c01435dcf6db	phase1-n62-primary-label-permutation-03	gat	combined	1	2	20260727	55	0	0.5250386596	1	19	0.5714285714	21261747
ace70088c01435dcf6db	phase1-n62-primary-label-permutation-03	gat	combined	1	2	20260727	61	1	0.5582944155	1	19	0.5714285714	21261747
ace70088c01435dcf6db	phase1-n62-primary-label-permutation-03	gat	combined	1	2	20260727	72	0	0.5952461958	1	19	0.5714285714	21261747
ace70088c01435dcf6db	phase1-n62-primary-label-permutation-03	gat	combined	1	3	20260727	02	1	0.5511952043	1	12	0.3333333333	21261757
ace70088c01435dcf6db	phase1-n62-primary-label-permutation-03	gat	combined	1	3	20260727	05	1	0.6228041649	1	12	0.3333333333	21261757
ace70088c01435dcf6db	phase1-n62-primary-label-permutation-03	gat	combined	1	3	20260727	17	0	0.5039362311	1	12	0.3333333333	21261757
ace70088c01435dcf6db	phase1-n62-primary-label-permutation-03	gat	combined	1	3	20260727	20	1	0.5915617943	1	12	0.3333333333	21261757
ace70088c01435dcf6db	phase1-n62-primary-label-permutation-03	gat	combined	1	3	20260727	31	0	0.6604562402	1	12	0.3333333333	21261757
ace70088c01435dcf6db	phase1-n62-primary-label-permutation-03	gat	combined	1	3	20260727	34	1	0.6235041022	1	12	0.3333333333	21261757
ace70088c01435dcf6db	phase1-n62-primary-label-permutation-03	gat	combined	1	3	20260727	39	1	0.5023523569	1	12	0.3333333333	21261757
ace70088c01435dcf6db	phase1-n62-primary-label-permutation-03	gat	combined	1	3	20260727	43	1	0.5439952016	1	12	0.3333333333	21261757
ace70088c01435dcf6db	phase1-n62-primary-label-permutation-03	gat	combined	1	3	20260727	56	1	0.5399065018	1	12	0.3333333333	21261757
ace70088c01435dcf6db	phase1-n62-primary-label-permutation-03	gat	combined	1	3	20260727	59	0	0.5220903754	1	12	0.3333333333	21261757
ace70088c01435dcf6db	phase1-n62-primary-label-permutation-03	gat	combined	1	3	20260727	60	1	0.515588522	1	12	0.3333333333	21261757
ace70088c01435dcf6db	phase1-n62-primary-label-permutation-03	gat	combined	1	3	20260727	62	1	0.4982201159	0	12	0.3333333333	21261757
ace70088c01435dcf6db	phase1-n62-primary-label-permutation-03	gat	combined	1	4	20260727	10	0	0.6521376967	1	13	0.8095238095	21261767
ace70088c01435dcf6db	phase1-n62-primary-label-permutation-03	gat	combined	1	4	20260727	14	1	0.4563524425	0	13	0.8095238095	21261767
ace70088c01435dcf6db	phase1-n62-primary-label-permutation-03	gat	combined	1	4	20260727	19	1	0.4386020601	0	13	0.8095238095	21261767
ace70088c01435dcf6db	phase1-n62-primary-label-permutation-03	gat	combined	1	4	20260727	23	1	0.6205134988	1	13	0.8095238095	21261767
ace70088c01435dcf6db	phase1-n62-primary-label-permutation-03	gat	combined	1	4	20260727	27	1	0.4422262311	0	13	0.8095238095	21261767
ace70088c01435dcf6db	phase1-n62-primary-label-permutation-03	gat	combined	1	4	20260727	28	1	0.6663355827	1	13	0.8095238095	21261767
ace70088c01435dcf6db	phase1-n62-primary-label-permutation-03	gat	combined	1	4	20260727	38	0	0.5051737428	1	13	0.8095238095	21261767
ace70088c01435dcf6db	phase1-n62-primary-label-permutation-03	gat	combined	1	4	20260727	49	1	0.4717436433	0	13	0.8095238095	21261767
ace70088c01435dcf6db	phase1-n62-primary-label-permutation-03	gat	combined	1	4	20260727	63	1	0.4535690844	0	13	0.8095238095	21261767
ace70088c01435dcf6db	phase1-n62-primary-label-permutation-03	gat	combined	1	4	20260727	64	0	0.7327086329	1	13	0.8095238095	21261767
ace70088c01435dcf6db	phase1-n62-primary-label-permutation-03	gat	combined	1	4	20260727	65	1	0.4548775554	0	13	0.8095238095	21261767
ace70088c01435dcf6db	phase1-n62-primary-label-permutation-03	gat	combined	1	4	20260727	74	1	0.4820564985	0	13	0.8095238095	21261767
ace70088c01435dcf6db	phase1-n62-primary-label-permutation-03	gat	combined	1	5	20260727	01	1	0.8704955578	1	47	0.7619047619	21261777
ace70088c01435dcf6db	phase1-n62-primary-label-permutation-03	gat	combined	1	5	20260727	03	0	0.7730772495	1	47	0.7619047619	21261777
ace70088c01435dcf6db	phase1-n62-primary-label-permutation-03	gat	combined	1	5	20260727	12	1	0.7527849674	1	47	0.7619047619	21261777
ace70088c01435dcf6db	phase1-n62-primary-label-permutation-03	gat	combined	1	5	20260727	16	0	0.8425956964	1	47	0.7619047619	21261777
ace70088c01435dcf6db	phase1-n62-primary-label-permutation-03	gat	combined	1	5	20260727	35	1	0.6810948849	1	47	0.7619047619	21261777
ace70088c01435dcf6db	phase1-n62-primary-label-permutation-03	gat	combined	1	5	20260727	47	1	0.1843399107	0	47	0.7619047619	21261777
ace70088c01435dcf6db	phase1-n62-primary-label-permutation-03	gat	combined	1	5	20260727	50	1	0.1223515272	0	47	0.7619047619	21261777
ace70088c01435dcf6db	phase1-n62-primary-label-permutation-03	gat	combined	1	5	20260727	51	1	0.6543107033	1	47	0.7619047619	21261777
ace70088c01435dcf6db	phase1-n62-primary-label-permutation-03	gat	combined	1	5	20260727	57	1	0.429662168	0	47	0.7619047619	21261777
ace70088c01435dcf6db	phase1-n62-primary-label-permutation-03	gat	combined	1	5	20260727	58	0	0.2402628362	0	47	0.7619047619	21261777
ace70088c01435dcf6db	phase1-n62-primary-label-permutation-03	gat	combined	1	5	20260727	67	0	0.6869599819	1	47	0.7619047619	21261777
ace70088c01435dcf6db	phase1-n62-primary-label-permutation-03	gat	combined	1	5	20260727	68	1	0.142811656	0	47	0.7619047619	21261777
ace70088c01435dcf6db	phase1-n62-primary-label-permutation-03	gat	combined	2	1	20261727	09	1	0.6802366972	1	16	0.4285714286	21262737
ace70088c01435dcf6db	phase1-n62-primary-label-permutation-03	gat	combined	2	1	20261727	10	0	0.7912555337	1	16	0.4285714286	21262737
ace70088c01435dcf6db	phase1-n62-primary-label-permutation-03	gat	combined	2	1	20261727	13	1	0.4631894827	0	16	0.4285714286	21262737
ace70088c01435dcf6db	phase1-n62-primary-label-permutation-03	gat	combined	2	1	20261727	22	0	0.4983602464	0	16	0.4285714286	21262737
ace70088c01435dcf6db	phase1-n62-primary-label-permutation-03	gat	combined	2	1	20261727	25	0	0.5064940453	1	16	0.4285714286	21262737
ace70088c01435dcf6db	phase1-n62-primary-label-permutation-03	gat	combined	2	1	20261727	46	1	0.4446311295	0	16	0.4285714286	21262737
ace70088c01435dcf6db	phase1-n62-primary-label-permutation-03	gat	combined	2	1	20261727	47	1	0.8225591779	1	16	0.4285714286	21262737
ace70088c01435dcf6db	phase1-n62-primary-label-permutation-03	gat	combined	2	1	20261727	50	1	0.4836837649	0	16	0.4285714286	21262737
ace70088c01435dcf6db	phase1-n62-primary-label-permutation-03	gat	combined	2	1	20261727	57	1	0.5404253602	1	16	0.4285714286	21262737
ace70088c01435dcf6db	phase1-n62-primary-label-permutation-03	gat	combined	2	1	20261727	58	0	0.3360811174	0	16	0.4285714286	21262737
ace70088c01435dcf6db	phase1-n62-primary-label-permutation-03	gat	combined	2	1	20261727	66	1	0.6878737211	1	16	0.4285714286	21262737
ace70088c01435dcf6db	phase1-n62-primary-label-permutation-03	gat	combined	2	1	20261727	69	1	0.4855629504	0	16	0.4285714286	21262737
ace70088c01435dcf6db	phase1-n62-primary-label-permutation-03	gat	combined	2	1	20261727	74	1	0.493914783	0	16	0.4285714286	21262737
ace70088c01435dcf6db	phase1-n62-primary-label-permutation-03	gat	combined	2	2	20261727	02	1	0.4866539538	0	11	0.4285714286	21262747
ace70088c01435dcf6db	phase1-n62-primary-label-permutation-03	gat	combined	2	2	20261727	04	1	0.5216231346	1	11	0.4285714286	21262747
ace70088c01435dcf6db	phase1-n62-primary-label-permutation-03	gat	combined	2	2	20261727	08	1	0.54405123	1	11	0.4285714286	21262747
ace70088c01435dcf6db	phase1-n62-primary-label-permutation-03	gat	combined	2	2	20261727	11	1	0.5235338807	1	11	0.4285714286	21262747
ace70088c01435dcf6db	phase1-n62-primary-label-permutation-03	gat	combined	2	2	20261727	16	0	0.5170494914	1	11	0.4285714286	21262747
ace70088c01435dcf6db	phase1-n62-primary-label-permutation-03	gat	combined	2	2	20261727	20	1	0.5323774815	1	11	0.4285714286	21262747
ace70088c01435dcf6db	phase1-n62-primary-label-permutation-03	gat	combined	2	2	20261727	27	1	0.5192194581	1	11	0.4285714286	21262747
ace70088c01435dcf6db	phase1-n62-primary-label-permutation-03	gat	combined	2	2	20261727	31	0	0.5344734192	1	11	0.4285714286	21262747
ace70088c01435dcf6db	phase1-n62-primary-label-permutation-03	gat	combined	2	2	20261727	35	1	0.5014133453	1	11	0.4285714286	21262747
ace70088c01435dcf6db	phase1-n62-primary-label-permutation-03	gat	combined	2	2	20261727	36	1	0.640329659	1	11	0.4285714286	21262747
ace70088c01435dcf6db	phase1-n62-primary-label-permutation-03	gat	combined	2	2	20261727	38	0	0.5706022382	1	11	0.4285714286	21262747
ace70088c01435dcf6db	phase1-n62-primary-label-permutation-03	gat	combined	2	2	20261727	43	1	0.6192882657	1	11	0.4285714286	21262747
ace70088c01435dcf6db	phase1-n62-primary-label-permutation-03	gat	combined	2	2	20261727	59	0	0.462292552	0	11	0.4285714286	21262747
ace70088c01435dcf6db	phase1-n62-primary-label-permutation-03	gat	combined	2	3	20261727	12	1	0.5363013744	1	18	0.4761904762	21262757
ace70088c01435dcf6db	phase1-n62-primary-label-permutation-03	gat	combined	2	3	20261727	14	1	0.4369317591	0	18	0.4761904762	21262757
ace70088c01435dcf6db	phase1-n62-primary-label-permutation-03	gat	combined	2	3	20261727	17	0	0.5488917828	1	18	0.4761904762	21262757
ace70088c01435dcf6db	phase1-n62-primary-label-permutation-03	gat	combined	2	3	20261727	18	1	0.428596139	0	18	0.4761904762	21262757
ace70088c01435dcf6db	phase1-n62-primary-label-permutation-03	gat	combined	2	3	20261727	39	1	0.4922530055	0	18	0.4761904762	21262757
ace70088c01435dcf6db	phase1-n62-primary-label-permutation-03	gat	combined	2	3	20261727	41	0	0.424046427	0	18	0.4761904762	21262757
ace70088c01435dcf6db	phase1-n62-primary-label-permutation-03	gat	combined	2	3	20261727	45	0	0.462269187	0	18	0.4761904762	21262757
ace70088c01435dcf6db	phase1-n62-primary-label-permutation-03	gat	combined	2	3	20261727	53	1	0.4348352849	0	18	0.4761904762	21262757
ace70088c01435dcf6db	phase1-n62-primary-label-permutation-03	gat	combined	2	3	20261727	61	1	0.5191603303	1	18	0.4761904762	21262757
ace70088c01435dcf6db	phase1-n62-primary-label-permutation-03	gat	combined	2	3	20261727	62	1	0.4924322367	0	18	0.4761904762	21262757
ace70088c01435dcf6db	phase1-n62-primary-label-permutation-03	gat	combined	2	3	20261727	71	1	0.4903390408	0	18	0.4761904762	21262757
ace70088c01435dcf6db	phase1-n62-primary-label-permutation-03	gat	combined	2	3	20261727	75	1	0.4782319665	0	18	0.4761904762	21262757
ace70088c01435dcf6db	phase1-n62-primary-label-permutation-03	gat	combined	2	4	20261727	01	1	0.6144673824	1	20	0.5238095238	21262767
ace70088c01435dcf6db	phase1-n62-primary-label-permutation-03	gat	combined	2	4	20261727	03	0	0.5473409891	1	20	0.5238095238	21262767
ace70088c01435dcf6db	phase1-n62-primary-label-permutation-03	gat	combined	2	4	20261727	07	0	0.5115431547	1	20	0.5238095238	21262767
ace70088c01435dcf6db	phase1-n62-primary-label-permutation-03	gat	combined	2	4	20261727	19	1	0.5727339983	1	20	0.5238095238	21262767
ace70088c01435dcf6db	phase1-n62-primary-label-permutation-03	gat	combined	2	4	20261727	23	1	0.546026051	1	20	0.5238095238	21262767
ace70088c01435dcf6db	phase1-n62-primary-label-permutation-03	gat	combined	2	4	20261727	40	1	0.5802800059	1	20	0.5238095238	21262767
ace70088c01435dcf6db	phase1-n62-primary-label-permutation-03	gat	combined	2	4	20261727	42	1	0.7383775711	1	20	0.5238095238	21262767
ace70088c01435dcf6db	phase1-n62-primary-label-permutation-03	gat	combined	2	4	20261727	51	1	0.5801218152	1	20	0.5238095238	21262767
ace70088c01435dcf6db	phase1-n62-primary-label-permutation-03	gat	combined	2	4	20261727	60	1	0.4847564399	0	20	0.5238095238	21262767
ace70088c01435dcf6db	phase1-n62-primary-label-permutation-03	gat	combined	2	4	20261727	63	1	0.5259757638	1	20	0.5238095238	21262767
ace70088c01435dcf6db	phase1-n62-primary-label-permutation-03	gat	combined	2	4	20261727	65	1	0.4986447096	0	20	0.5238095238	21262767
ace70088c01435dcf6db	phase1-n62-primary-label-permutation-03	gat	combined	2	4	20261727	67	0	0.5701987743	1	20	0.5238095238	21262767
ace70088c01435dcf6db	phase1-n62-primary-label-permutation-03	gat	combined	2	5	20261727	05	1	0.6570448875	1	35	0.8571428571	21262777
ace70088c01435dcf6db	phase1-n62-primary-label-permutation-03	gat	combined	2	5	20261727	24	1	0.9888422489	1	35	0.8571428571	21262777
ace70088c01435dcf6db	phase1-n62-primary-label-permutation-03	gat	combined	2	5	20261727	26	0	0.3510642946	0	35	0.8571428571	21262777
ace70088c01435dcf6db	phase1-n62-primary-label-permutation-03	gat	combined	2	5	20261727	28	1	0.709811151	1	35	0.8571428571	21262777
ace70088c01435dcf6db	phase1-n62-primary-label-permutation-03	gat	combined	2	5	20261727	34	1	0.82011199	1	35	0.8571428571	21262777
ace70088c01435dcf6db	phase1-n62-primary-label-permutation-03	gat	combined	2	5	20261727	37	1	0.4211522341	0	35	0.8571428571	21262777
ace70088c01435dcf6db	phase1-n62-primary-label-permutation-03	gat	combined	2	5	20261727	49	1	0.3433655202	0	35	0.8571428571	21262777
ace70088c01435dcf6db	phase1-n62-primary-label-permutation-03	gat	combined	2	5	20261727	55	0	0.4217033982	0	35	0.8571428571	21262777
ace70088c01435dcf6db	phase1-n62-primary-label-permutation-03	gat	combined	2	5	20261727	56	1	0.7302442193	1	35	0.8571428571	21262777
ace70088c01435dcf6db	phase1-n62-primary-label-permutation-03	gat	combined	2	5	20261727	64	0	0.8594141006	1	35	0.8571428571	21262777
ace70088c01435dcf6db	phase1-n62-primary-label-permutation-03	gat	combined	2	5	20261727	68	1	0.2252389044	0	35	0.8571428571	21262777
ace70088c01435dcf6db	phase1-n62-primary-label-permutation-03	gat	combined	2	5	20261727	72	0	0.6111177206	1	35	0.8571428571	21262777
ace70088c01435dcf6db	phase1-n62-primary-label-permutation-03	gat	combined	3	1	20262727	03	0	0.5450447798	1	12	0.2857142857	21263737
ace70088c01435dcf6db	phase1-n62-primary-label-permutation-03	gat	combined	3	1	20262727	13	1	0.5029278398	1	12	0.2857142857	21263737
ace70088c01435dcf6db	phase1-n62-primary-label-permutation-03	gat	combined	3	1	20262727	17	0	0.4913266599	0	12	0.2857142857	21263737
ace70088c01435dcf6db	phase1-n62-primary-label-permutation-03	gat	combined	3	1	20262727	19	1	0.5436215401	1	12	0.2857142857	21263737
ace70088c01435dcf6db	phase1-n62-primary-label-permutation-03	gat	combined	3	1	20262727	20	1	0.5205993056	1	12	0.2857142857	21263737
ace70088c01435dcf6db	phase1-n62-primary-label-permutation-03	gat	combined	3	1	20262727	24	1	0.4315740168	0	12	0.2857142857	21263737
ace70088c01435dcf6db	phase1-n62-primary-label-permutation-03	gat	combined	3	1	20262727	26	0	0.5381207466	1	12	0.2857142857	21263737
ace70088c01435dcf6db	phase1-n62-primary-label-permutation-03	gat	combined	3	1	20262727	39	1	0.469320327	0	12	0.2857142857	21263737
ace70088c01435dcf6db	phase1-n62-primary-label-permutation-03	gat	combined	3	1	20262727	40	1	0.6327450275	1	12	0.2857142857	21263737
ace70088c01435dcf6db	phase1-n62-primary-label-permutation-03	gat	combined	3	1	20262727	47	1	0.5824825764	1	12	0.2857142857	21263737
ace70088c01435dcf6db	phase1-n62-primary-label-permutation-03	gat	combined	3	1	20262727	50	1	0.3426843286	0	12	0.2857142857	21263737
ace70088c01435dcf6db	phase1-n62-primary-label-permutation-03	gat	combined	3	1	20262727	65	1	0.4601418376	0	12	0.2857142857	21263737
ace70088c01435dcf6db	phase1-n62-primary-label-permutation-03	gat	combined	3	1	20262727	67	0	0.6033261418	1	12	0.2857142857	21263737
ace70088c01435dcf6db	phase1-n62-primary-label-permutation-03	gat	combined	3	2	20262727	01	1	0.541418314	1	10	0.6666666667	21263747
ace70088c01435dcf6db	phase1-n62-primary-label-permutation-03	gat	combined	3	2	20262727	02	1	0.5330626369	1	10	0.6666666667	21263747
ace70088c01435dcf6db	phase1-n62-primary-label-permutation-03	gat	combined	3	2	20262727	12	1	0.5390222669	1	10	0.6666666667	21263747
ace70088c01435dcf6db	phase1-n62-primary-label-permutation-03	gat	combined	3	2	20262727	18	1	0.5413663387	1	10	0.6666666667	21263747
ace70088c01435dcf6db	phase1-n62-primary-label-permutation-03	gat	combined	3	2	20262727	22	0	0.5265704989	1	10	0.6666666667	21263747
ace70088c01435dcf6db	phase1-n62-primary-label-permutation-03	gat	combined	3	2	20262727	31	0	0.6764140129	1	10	0.6666666667	21263747
ace70088c01435dcf6db	phase1-n62-primary-label-permutation-03	gat	combined	3	2	20262727	36	1	0.5444410443	1	10	0.6666666667	21263747
ace70088c01435dcf6db	phase1-n62-primary-label-permutation-03	gat	combined	3	2	20262727	37	1	0.5309918523	1	10	0.6666666667	21263747
ace70088c01435dcf6db	phase1-n62-primary-label-permutation-03	gat	combined	3	2	20262727	42	1	0.7023360729	1	10	0.6666666667	21263747
ace70088c01435dcf6db	phase1-n62-primary-label-permutation-03	gat	combined	3	2	20262727	45	0	0.5392434001	1	10	0.6666666667	21263747
ace70088c01435dcf6db	phase1-n62-primary-label-permutation-03	gat	combined	3	2	20262727	53	1	0.508907795	1	10	0.6666666667	21263747
ace70088c01435dcf6db	phase1-n62-primary-label-permutation-03	gat	combined	3	2	20262727	58	0	0.555533886	1	10	0.6666666667	21263747
ace70088c01435dcf6db	phase1-n62-primary-label-permutation-03	gat	combined	3	2	20262727	69	1	0.5221067667	1	10	0.6666666667	21263747
ace70088c01435dcf6db	phase1-n62-primary-label-permutation-03	gat	combined	3	3	20262727	07	0	0.6720238924	1	45	0.6666666667	21263757
ace70088c01435dcf6db	phase1-n62-primary-label-permutation-03	gat	combined	3	3	20262727	09	1	0.6468015909	1	45	0.6666666667	21263757
ace70088c01435dcf6db	phase1-n62-primary-label-permutation-03	gat	combined	3	3	20262727	16	0	0.6813733578	1	45	0.6666666667	21263757
ace70088c01435dcf6db	phase1-n62-primary-label-permutation-03	gat	combined	3	3	20262727	28	1	0.8052148223	1	45	0.6666666667	21263757
ace70088c01435dcf6db	phase1-n62-primary-label-permutation-03	gat	combined	3	3	20262727	35	1	0.4961232245	0	45	0.6666666667	21263757
ace70088c01435dcf6db	phase1-n62-primary-label-permutation-03	gat	combined	3	3	20262727	49	1	0.7982887626	1	45	0.6666666667	21263757
ace70088c01435dcf6db	phase1-n62-primary-label-permutation-03	gat	combined	3	3	20262727	57	1	0.925892055	1	45	0.6666666667	21263757
ace70088c01435dcf6db	phase1-n62-primary-label-permutation-03	gat	combined	3	3	20262727	63	1	0.2300890535	0	45	0.6666666667	21263757
ace70088c01435dcf6db	phase1-n62-primary-label-permutation-03	gat	combined	3	3	20262727	66	1	0.5688895583	1	45	0.6666666667	21263757
ace70088c01435dcf6db	phase1-n62-primary-label-permutation-03	gat	combined	3	3	20262727	71	1	0.9680934548	1	45	0.6666666667	21263757
ace70088c01435dcf6db	phase1-n62-primary-label-permutation-03	gat	combined	3	3	20262727	72	0	0.9702693224	1	45	0.6666666667	21263757
ace70088c01435dcf6db	phase1-n62-primary-label-permutation-03	gat	combined	3	3	20262727	75	1	0.5962134004	1	45	0.6666666667	21263757
ace70088c01435dcf6db	phase1-n62-primary-label-permutation-03	gat	combined	3	4	20262727	04	1	0.4034359753	0	26	0.8571428571	21263767
ace70088c01435dcf6db	phase1-n62-primary-label-permutation-03	gat	combined	3	4	20262727	05	1	0.8690898418	1	26	0.8571428571	21263767
ace70088c01435dcf6db	phase1-n62-primary-label-permutation-03	gat	combined	3	4	20262727	08	1	0.3912980855	0	26	0.8571428571	21263767
ace70088c01435dcf6db	phase1-n62-primary-label-permutation-03	gat	combined	3	4	20262727	14	1	0.4068911076	0	26	0.8571428571	21263767
ace70088c01435dcf6db	phase1-n62-primary-label-permutation-03	gat	combined	3	4	20262727	23	1	0.7170682549	1	26	0.8571428571	21263767
ace70088c01435dcf6db	phase1-n62-primary-label-permutation-03	gat	combined	3	4	20262727	38	0	0.5311930776	1	26	0.8571428571	21263767
ace70088c01435dcf6db	phase1-n62-primary-label-permutation-03	gat	combined	3	4	20262727	43	1	0.7892541885	1	26	0.8571428571	21263767
ace70088c01435dcf6db	phase1-n62-primary-label-permutation-03	gat	combined	3	4	20262727	51	1	0.3850888014	0	26	0.8571428571	21263767
ace70088c01435dcf6db	phase1-n62-primary-label-permutation-03	gat	combined	3	4	20262727	55	0	0.5056076646	1	26	0.8571428571	21263767
ace70088c01435dcf6db	phase1-n62-primary-label-permutation-03	gat	combined	3	4	20262727	60	1	0.4405755699	0	26	0.8571428571	21263767
ace70088c01435dcf6db	phase1-n62-primary-label-permutation-03	gat	combined	3	4	20262727	62	1	0.5257180333	1	26	0.8571428571	21263767
ace70088c01435dcf6db	phase1-n62-primary-label-permutation-03	gat	combined	3	4	20262727	64	0	0.8044375777	1	26	0.8571428571	21263767
ace70088c01435dcf6db	phase1-n62-primary-label-permutation-03	gat	combined	3	5	20262727	10	0	0.6948205233	1	19	0.8095238095	21263777
ace70088c01435dcf6db	phase1-n62-primary-label-permutation-03	gat	combined	3	5	20262727	11	1	0.6818867922	1	19	0.8095238095	21263777
ace70088c01435dcf6db	phase1-n62-primary-label-permutation-03	gat	combined	3	5	20262727	25	0	0.5185080767	1	19	0.8095238095	21263777
ace70088c01435dcf6db	phase1-n62-primary-label-permutation-03	gat	combined	3	5	20262727	27	1	0.4551957548	0	19	0.8095238095	21263777
ace70088c01435dcf6db	phase1-n62-primary-label-permutation-03	gat	combined	3	5	20262727	34	1	0.812738359	1	19	0.8095238095	21263777
ace70088c01435dcf6db	phase1-n62-primary-label-permutation-03	gat	combined	3	5	20262727	41	0	0.5111963153	1	19	0.8095238095	21263777
ace70088c01435dcf6db	phase1-n62-primary-label-permutation-03	gat	combined	3	5	20262727	46	1	0.5259612203	1	19	0.8095238095	21263777
ace70088c01435dcf6db	phase1-n62-primary-label-permutation-03	gat	combined	3	5	20262727	56	1	0.5424461365	1	19	0.8095238095	21263777
ace70088c01435dcf6db	phase1-n62-primary-label-permutation-03	gat	combined	3	5	20262727	59	0	0.5014672279	1	19	0.8095238095	21263777
ace70088c01435dcf6db	phase1-n62-primary-label-permutation-03	gat	combined	3	5	20262727	61	1	0.5020751953	1	19	0.8095238095	21263777
ace70088c01435dcf6db	phase1-n62-primary-label-permutation-03	gat	combined	3	5	20262727	68	1	0.4009820819	0	19	0.8095238095	21263777
ace70088c01435dcf6db	phase1-n62-primary-label-permutation-03	gat	combined	3	5	20262727	74	1	0.4679612815	0	19	0.8095238095	21263777
