cohort_version	dataset_sha256	subject_id	true_label	repeat	outer_fold	split_seed
phase1-n62-primary-label-permutation-02	e91ba79ac2bb1f0a2003f1543af26649fef4ccf16c05feb4a4c27e465481ccee	01	0	1	3	20260727
phase1-n62-primary-label-permutation-02	e91ba79ac2bb1f0a2003f1543af26649fef4ccf16c05feb4a4c27e465481ccee	02	1	1	3	20260727
phase1-n62-primary-label-permutation-02	e91ba79ac2bb1f0a2003f1543af26649fef4ccf16c05feb4a4c27e465481ccee	03	1	1	4	20260727
phase1-n62-primary-label-permutation-02	e91ba79ac2bb1f0a2003f1543af26649fef4ccf16c05feb4a4c27e465481ccee	04	1	1	1	20260727
phase1-n62-primary-label-permutation-02	e91ba79ac2bb1f0a2003f1543af26649fef4ccf16c05feb4a4c27e465481ccee	05	0	1	4	20260727
phase1-n62-primary-label-permutation-02	e91ba79ac2bb1f0a2003f1543af26649fef4ccf16c05feb4a4c27e465481ccee	07	0	1	1	20260727
phase1-n62-primary-label-permutation-02	e91ba79ac2bb1f0a2003f1543af26649fef4ccf16c05feb4a4c27e465481ccee	08	1	1	4	20260727
phase1-n62-primary-label-permutation-02	e91ba79ac2bb1f0a2003f1543af26649fef4ccf16c05feb4a4c27e465481ccee	09	1	1	2	20260727
phase1-n62-primary-label-permutation-02	e91ba79ac2bb1f0a2003f1543af26649fef4ccf16c05feb4a4c27e465481ccee	10	1	1	3	20260727
phase1-n62-primary-label-permutation-02	e91ba79ac2bb1f0a2003f1543af26649fef4ccf16c05feb4a4c27e465481ccee	11	1	1	3	20260727
phase1-n62-primary-label-permutation-02	e91ba79ac2bb1f0a2003f1543af26649fef4ccf16c05feb4a4c27e465481ccee	12	1	1	5	20260727
phase1-n62-primary-label-permutation-02	e91ba79ac2bb1f0a2003f1543af26649fef4ccf16c05feb4a4c27e465481ccee	13	1	1	2	20260727
phase1-n62-primary-label-permutation-02	e91ba79ac2bb1f0a2003f1543af26649fef4ccf16c05feb4a4c27e465481ccee	14	1	1	4	20260727
phase1-n62-primary-label-permutation-02	e91ba79ac2bb1f0a2003f1543af26649fef4ccf16c05feb4a4c27e465481ccee	16	1	1	2	20260727
phase1-n62-primary-label-permutation-02	e91ba79ac2bb1f0a2003f1543af26649fef4ccf16c05feb4a4c27e465481ccee	17	1	1	3	20260727
phase1-n62-primary-label-permutation-02	e91ba79ac2bb1f0a2003f1543af26649fef4ccf16c05feb4a4c27e465481ccee	18	0	1	2	20260727
phase1-n62-primary-label-permutation-02	e91ba79ac2bb1f0a2003f1543af26649fef4ccf16c05feb4a4c27e465481ccee	19	1	1	3	20260727
phase1-n62-primary-label-permutation-02	e91ba79ac2bb1f0a2003f1543af26649fef4ccf16c05feb4a4c27e465481ccee	20	1	1	4	20260727
phase1-n62-primary-label-permutation-02	e91ba79ac2bb1f0a2003f1543af26649fef4ccf16c05feb4a4c27e465481ccee	22	1	1	1	20260727
phase1-n62-primary-label-permutation-02	e91ba79ac2bb1f0a2003f1543af26649fef4ccf16c05feb4a4c27e465481ccee	23	1	1	1	20260727
phase1-n62-primary-label-permutation-02	e91ba79ac2bb1f0a2003f1543af26649fef4ccf16c05feb4a4c27e465481ccee	24	0	1	5	20260727
phase1-n62-primary-label-permutation-02	e91ba79ac2bb1f0a2003f1543af26649fef4ccf16c05feb4a4c27e465481ccee	25	1	1	5	20260727
phase1-n62-primary-label-permutation-02	e91ba79ac2bb1f0a2003f1543af26649fef4ccf16c05feb4a4c27e465481ccee	26	1	1	5	20260727
phase1-n62-primary-label-permutation-02	e91ba79ac2bb1f0a2003f1543af26649fef4ccf16c05feb4a4c27e465481ccee	27	1	1	2	20260727
phase1-n62-primary-label-permutation-02	e91ba79ac2bb1f0a2003f1543af26649fef4ccf16c05feb4a4c27e465481ccee	28	0	1	3	20260727
phase1-n62-primary-label-permutation-02	e91ba79ac2bb1f0a2003f1543af26649fef4ccf16c05feb4a4c27e465481ccee	31	1	1	2	20260727
phase1-n62-primary-label-permutation-02	e91ba79ac2bb1f0a2003f1543af26649fef4ccf16c05feb4a4c27e465481ccee	34	1	1	5	20260727
phase1-n62-primary-label-permutation-02	e91ba79ac2bb1f0a2003f1543af26649fef4ccf16c05feb4a4c27e465481ccee	35	1	1	5	20260727
phase1-n62-primary-label-permutation-02	e91ba79ac2bb1f0a2003f1543af26649fef4ccf16c05feb4a4c27e465481ccee	36	1	1	1	20260727
phase1-n62-primary-label-permutation-02	e91ba79ac2bb1f0a2003f1543af26649fef4ccf16c05feb4a4c27e465481ccee	37	1	1	1	20260727
phase1-n62-primary-label-permutation-02	e91ba79ac2bb1f0a2003f1543af26649fef4ccf16c05feb4a4c27e465481ccee	38	0	1	4	20260727
phase1-n62-primary-label-permutation-02	e91ba79ac2bb1f0a2003f1543af26649fef4ccf16c05feb4a4c27e465481ccee	39	1	1	1	20260727
phase1-n62-primary-label-permutation-02	e91ba79ac2bb1f0a2003f1543af26649fef4ccf16c05feb4a4c27e465481ccee	40	1	1	4	20260727
phase1-n62-primary-label-permutation-02	e91ba79ac2bb1f0a2003f1543af26649fef4ccf16c05feb4a4c27e465481ccee	41	1	1	3	20260727
phase1-n62-primary-label-permutation-02	e91ba79ac2bb1f0a2003f1543af26649fef4ccf16c05feb4a4c27e465481ccee	42	1	1	5	20260727
phase1-n62-primary-label-permutation-02	e91ba79ac2bb1f0a2003f1543af26649fef4ccf16c05feb4a4c27e465481ccee	43	0	1	1	20260727
phase1-n62-primary-label-permutation-02	e91ba79ac2bb1f0a2003f1543af26649fef4ccf16c05feb4a4c27e465481ccee	45	1	1	4	20260727
phase1-n62-primary-label-permutation-02	e91ba79ac2bb1f0a2003f1543af26649fef4ccf16c05feb4a4c27e465481ccee	46	0	1	2	20260727
phase1-n62-primary-label-permutation-02	e91ba79ac2bb1f0a2003f1543af26649fef4ccf16c05feb4a4c27e465481ccee	47	0	1	1	20260727
phase1-n62-primary-label-permutation-02	e91ba79ac2bb1f0a2003f1543af26649fef4ccf16c05feb4a4c27e465481ccee	49	1	1	4	20260727
phase1-n62-primary-label-permutation-02	e91ba79ac2bb1f0a2003f1543af26649fef4ccf16c05feb4a4c27e465481ccee	50	1	1	5	20260727
phase1-n62-primary-label-permutation-02	e91ba79ac2bb1f0a2003f1543af26649fef4ccf16c05feb4a4c27e465481ccee	51	1	1	3	20260727
phase1-n62-primary-label-permutation-02	e91ba79ac2bb1f0a2003f1543af26649fef4ccf16c05feb4a4c27e465481ccee	53	1	1	4	20260727
phase1-n62-primary-label-permutation-02	e91ba79ac2bb1f0a2003f1543af26649fef4ccf16c05feb4a4c27e465481ccee	55	1	1	5	20260727
phase1-n62-primary-label-permutation-02	e91ba79ac2bb1f0a2003f1543af26649fef4ccf16c05feb4a4c27e465481ccee	56	1	1	2	20260727
phase1-n62-primary-label-permutation-02	e91ba79ac2bb1f0a2003f1543af26649fef4ccf16c05feb4a4c27e465481ccee	57	0	1	3	20260727
phase1-n62-primary-label-permutation-02	e91ba79ac2bb1f0a2003f1543af26649fef4ccf16c05feb4a4c27e465481ccee	58	0	1	3	20260727
phase1-n62-primary-label-permutation-02	e91ba79ac2bb1f0a2003f1543af26649fef4ccf16c05feb4a4c27e465481ccee	59	1	1	3	20260727
phase1-n62-primary-label-permutation-02	e91ba79ac2bb1f0a2003f1543af26649fef4ccf16c05feb4a4c27e465481ccee	60	1	1	1	20260727
phase1-n62-primary-label-permutation-02	e91ba79ac2bb1f0a2003f1543af26649fef4ccf16c05feb4a4c27e465481ccee	61	0	1	5	20260727
phase1-n62-primary-label-permutation-02	e91ba79ac2bb1f0a2003f1543af26649fef4ccf16c05feb4a4c27e465481ccee	62	0	1	2	20260727
phase1-n62-primary-label-permutation-02	e91ba79ac2bb1f0a2003f1543af26649fef4ccf16c05feb4a4c27e465481ccee	63	1	1	1	20260727
phase1-n62-primary-label-permutation-02	e91ba79ac2bb1f0a2003f1543af26649fef4ccf16c05feb4a4c27e465481ccee	64	0	1	2	20260727
phase1-n62-primary-label-permutation-02	e91ba79ac2bb1f0a2003f1543af26649fef4ccf16c05feb4a4c27e465481ccee	65	1	1	4	20260727
phase1-n62-primary-label-permutation-02	e91ba79ac2bb1f0a2003f1543af26649fef4ccf16c05feb4a4c27e465481ccee	66	0	1	5	20260727
phase1-n62-primary-label-permutation-02	e91ba79ac2bb1f0a2003f1543af26649fef4ccf16c05feb4a4c27e465481ccee	67	0	1	4	20260727
phase1-n62-primary-label-permutation-02	e91ba79ac2bb1f0a2003f1543af26649fef4ccf16c05feb4a4c27e465481ccee	68	1	1	1	20260727
phase1-n62-primary-label-permutation-02	e91ba79ac2bb1f0a2003f1543af26649fef4ccf16c05feb4a4c27e465481ccee	69	1	1	2	20260727
phase1-n62-primary-label-permutation-02	e91ba79ac2bb1f0a2003f1543af26649fef4ccf16c05feb4a4c27e465481ccee	71	1	1	2	20260727
phase1-n62-primary-label-permutation-02	e91ba79ac2bb1f0a2003f1543af26649fef4ccf16c05feb4a4c27e465481ccee	72	1	1	5	20260727
phase1-n62-primary-label-permutation-02	e91ba79ac2bb1f0a2003f1543af26649fef4ccf16c05feb4a4c27e465481ccee	74	0	1	1	20260727
phase1-n62-primary-label-permutation-02	e91ba79ac2bb1f0a2003f1543af26649fef4ccf16c05feb4a4c27e465481ccee	75	1	1	2	20260727
phase1-n62-primary-label-permutation-02	e91ba79ac2bb1f0a2003f1543af26649fef4ccf16c05feb4a4c27e465481ccee	01	0	2	5	20261727
phase1-n62-primary-label-permutation-02	e91ba79ac2bb1f0a2003f1543af26649fef4ccf16c05feb4a4c27e465481ccee	02	1	2	5	20261727
phase1-n62-primary-label-permutation-02	e91ba79ac2bb1f0a2003f1543af26649fef4ccf16c05feb4a4c27e465481ccee	03	1	2	2	20261727
phase1-n62-primary-label-permutation-02	e91ba79ac2bb1f0a2003f1543af26649fef4ccf16c05feb4a4c27e465481ccee	04	1	2	1	20261727
phase1-n62-primary-label-permutation-02	e91ba79ac2bb1f0a2003f1543af26649fef4ccf16c05feb4a4c27e465481ccee	05	0	2	3	20261727
phase1-n62-primary-label-permutation-02	e91ba79ac2bb1f0a2003f1543af26649fef4ccf16c05feb4a4c27e465481ccee	07	0	2	2	20261727
phase1-n62-primary-label-permutation-02	e91ba79ac2bb1f0a2003f1543af26649fef4ccf16c05feb4a4c27e465481ccee	08	1	2	1	20261727
phase1-n62-primary-label-permutation-02	e91ba79ac2bb1f0a2003f1543af26649fef4ccf16c05feb4a4c27e465481ccee	09	1	2	4	20261727
phase1-n62-primary-label-permutation-02	e91ba79ac2bb1f0a2003f1543af26649fef4ccf16c05feb4a4c27e465481ccee	10	1	2	3	20261727
phase1-n62-primary-label-permutation-02	e91ba79ac2bb1f0a2003f1543af26649fef4ccf16c05feb4a4c27e465481ccee	11	1	2	4	20261727
phase1-n62-primary-label-permutation-02	e91ba79ac2bb1f0a2003f1543af26649fef4ccf16c05feb4a4c27e465481ccee	12	1	2	3	20261727
phase1-n62-primary-label-permutation-02	e91ba79ac2bb1f0a2003f1543af26649fef4ccf16c05feb4a4c27e465481ccee	13	1	2	1	20261727
phase1-n62-primary-label-permutation-02	e91ba79ac2bb1f0a2003f1543af26649fef4ccf16c05feb4a4c27e465481ccee	14	1	2	2	20261727
phase1-n62-primary-label-permutation-02	e91ba79ac2bb1f0a2003f1543af26649fef4ccf16c05feb4a4c27e465481ccee	16	1	2	3	20261727
phase1-n62-primary-label-permutation-02	e91ba79ac2bb1f0a2003f1543af26649fef4ccf16c05feb4a4c27e465481ccee	17	1	2	1	20261727
phase1-n62-primary-label-permutation-02	e91ba79ac2bb1f0a2003f1543af26649fef4ccf16c05feb4a4c27e465481ccee	18	0	2	1	20261727
phase1-n62-primary-label-permutation-02	e91ba79ac2bb1f0a2003f1543af26649fef4ccf16c05feb4a4c27e465481ccee	19	1	2	1	20261727
phase1-n62-primary-label-permutation-02	e91ba79ac2bb1f0a2003f1543af26649fef4ccf16c05feb4a4c27e465481ccee	20	1	2	2	20261727
phase1-n62-primary-label-permutation-02	e91ba79ac2bb1f0a2003f1543af26649fef4ccf16c05feb4a4c27e465481ccee	22	1	2	2	20261727
phase1-n62-primary-label-permutation-02	e91ba79ac2bb1f0a2003f1543af26649fef4ccf16c05feb4a4c27e465481ccee	23	1	2	1	20261727
phase1-n62-primary-label-permutation-02	e91ba79ac2bb1f0a2003f1543af26649fef4ccf16c05feb4a4c27e465481ccee	24	0	2	5	20261727
phase1-n62-primary-label-permutation-02	e91ba79ac2bb1f0a2003f1543af26649fef4ccf16c05feb4a4c27e465481ccee	25	1	2	3	20261727
phase1-n62-primary-label-permutation-02	e91ba79ac2bb1f0a2003f1543af26649fef4ccf16c05feb4a4c27e465481ccee	26	1	2	4	20261727
phase1-n62-primary-label-permutation-02	e91ba79ac2bb1f0a2003f1543af26649fef4ccf16c05feb4a4c27e465481ccee	27	1	2	4	20261727
phase1-n62-primary-label-permutation-02	e91ba79ac2bb1f0a2003f1543af26649fef4ccf16c05feb4a4c27e465481ccee	28	0	2	3	20261727
phase1-n62-primary-label-permutation-02	e91ba79ac2bb1f0a2003f1543af26649fef4ccf16c05feb4a4c27e465481ccee	31	1	2	3	20261727
phase1-n62-primary-label-permutation-02	e91ba79ac2bb1f0a2003f1543af26649fef4ccf16c05feb4a4c27e465481ccee	34	1	2	4	20261727
phase1-n62-primary-label-permutation-02	e91ba79ac2bb1f0a2003f1543af26649fef4ccf16c05feb4a4c27e465481ccee	35	1	2	2	20261727
phase1-n62-primary-label-permutation-02	e91ba79ac2bb1f0a2003f1543af26649fef4ccf16c05feb4a4c27e465481ccee	36	1	2	3	20261727
phase1-n62-primary-label-permutation-02	e91ba79ac2bb1f0a2003f1543af26649fef4ccf16c05feb4a4c27e465481ccee	37	1	2	2	20261727
phase1-n62-primary-label-permutation-02	e91ba79ac2bb1f0a2003f1543af26649fef4ccf16c05feb4a4c27e465481ccee	38	0	2	3	20261727
phase1-n62-primary-label-permutation-02	e91ba79ac2bb1f0a2003f1543af26649fef4ccf16c05feb4a4c27e465481ccee	39	1	2	2	20261727
phase1-n62-primary-label-permutation-02	e91ba79ac2bb1f0a2003f1543af26649fef4ccf16c05feb4a4c27e465481ccee	40	1	2	5	20261727
phase1-n62-primary-label-permutation-02	e91ba79ac2bb1f0a2003f1543af26649fef4ccf16c05feb4a4c27e465481ccee	41	1	2	5	20261727
phase1-n62-primary-label-permutation-02	e91ba79ac2bb1f0a2003f1543af26649fef4ccf16c05feb4a4c27e465481ccee	42	1	2	4	20261727
phase1-n62-primary-label-permutation-02	e91ba79ac2bb1f0a2003f1543af26649fef4ccf16c05feb4a4c27e465481ccee	43	0	2	5	20261727
phase1-n62-primary-label-permutation-02	e91ba79ac2bb1f0a2003f1543af26649fef4ccf16c05feb4a4c27e465481ccee	45	1	2	1	20261727
phase1-n62-primary-label-permutation-02	e91ba79ac2bb1f0a2003f1543af26649fef4ccf16c05feb4a4c27e465481ccee	46	0	2	1	20261727
phase1-n62-primary-label-permutation-02	e91ba79ac2bb1f0a2003f1543af26649fef4ccf16c05feb4a4c27e465481ccee	47	0	2	2	20261727
phase1-n62-primary-label-permutation-02	e91ba79ac2bb1f0a2003f1543af26649fef4ccf16c05feb4a4c27e465481ccee	49	1	2	4	20261727
phase1-n62-primary-label-permutation-02	e91ba79ac2bb1f0a2003f1543af26649fef4ccf16c05feb4a4c27e465481ccee	50	1	2	2	20261727
phase1-n62-primary-label-permutation-02	e91ba79ac2bb1f0a2003f1543af26649fef4ccf16c05feb4a4c27e465481ccee	51	1	2	2	20261727
phase1-n62-primary-label-permutation-02	e91ba79ac2bb1f0a2003f1543af26649fef4ccf16c05feb4a4c27e465481ccee	53	1	2	5	20261727
phase1-n62-primary-label-permutation-02	e91ba79ac2bb1f0a2003f1543af26649fef4ccf16c05feb4a4c27e465481ccee	55	1	2	5	20261727
phase1-n62-primary-label-permutation-02	e91ba79ac2bb1f0a2003f1543af26649fef4ccf16c05feb4a4c27e465481ccee	56	1	2	1	20261727
phase1-n62-primary-label-permutation-02	e91ba79ac2bb1f0a2003f1543af26649fef4ccf16c05feb4a4c27e465481ccee	57	0	2	4	20261727
phase1-n62-primary-label-permutation-02	e91ba79ac2bb1f0a2003f1543af26649fef4ccf16c05feb4a4c27e465481ccee	58	0	2	2	20261727
phase1-n62-primary-label-permutation-02	e91ba79ac2bb1f0a2003f1543af26649fef4ccf16c05feb4a4c27e465481ccee	59	1	2	1	20261727
phase1-n62-primary-label-permutation-02	e91ba79ac2bb1f0a2003f1543af26649fef4ccf16c05feb4a4c27e465481ccee	60	1	2	3	20261727
phase1-n62-primary-label-permutation-02	e91ba79ac2bb1f0a2003f1543af26649fef4ccf16c05feb4a4c27e465481ccee	61	0	2	4	20261727
phase1-n62-primary-label-permutation-02	e91ba79ac2bb1f0a2003f1543af26649fef4ccf16c05feb4a4c27e465481ccee	62	0	2	2	20261727
phase1-n62-primary-label-permutation-02	e91ba79ac2bb1f0a2003f1543af26649fef4ccf16c05feb4a4c27e465481ccee	63	1	2	5	20261727
phase1-n62-primary-label-permutation-02	e91ba79ac2bb1f0a2003f1543af26649fef4ccf16c05feb4a4c27e465481ccee	64	0	2	3	20261727
phase1-n62-primary-label-permutation-02	e91ba79ac2bb1f0a2003f1543af26649fef4ccf16c05feb4a4c27e465481ccee	65	1	2	4	20261727
phase1-n62-primary-label-permutation-02	e91ba79ac2bb1f0a2003f1543af26649fef4ccf16c05feb4a4c27e465481ccee	66	0	2	1	20261727
phase1-n62-primary-label-permutation-02	e91ba79ac2bb1f0a2003f1543af26649fef4ccf16c05feb4a4c27e465481ccee	67	0	2	4	20261727
phase1-n62-primary-label-permutation-02	e91ba79ac2bb1f0a2003f1543af26649fef4ccf16c05feb4a4c27e465481ccee	68	1	2	3	20261727
phase1-n62-primary-label-permutation-02	e91ba79ac2bb1f0a2003f1543af26649fef4ccf16c05feb4a4c27e465481ccee	69	1	2	5	20261727
phase1-n62-primary-label-permutation-02	e91ba79ac2bb1f0a2003f1543af26649fef4ccf16c05feb4a4c27e465481ccee	71	1	2	5	20261727
phase1-n62-primary-label-permutation-02	e91ba79ac2bb1f0a2003f1543af26649fef4ccf16c05feb4a4c27e465481ccee	72	1	2	5	20261727
phase1-n62-primary-label-permutation-02	e91ba79ac2bb1f0a2003f1543af26649fef4ccf16c05feb4a4c27e465481ccee	74	0	2	1	20261727
phase1-n62-primary-label-permutation-02	e91ba79ac2bb1f0a2003f1543af26649fef4ccf16c05feb4a4c27e465481ccee	75	1	2	4	20261727
phase1-n62-primary-label-permutation-02	e91ba79ac2bb1f0a2003f1543af26649fef4ccf16c05feb4a4c27e465481ccee	01	0	3	3	20262727
phase1-n62-primary-label-permutation-02	e91ba79ac2bb1f0a2003f1543af26649fef4ccf16c05feb4a4c27e465481ccee	02	1	3	5	20262727
phase1-n62-primary-label-permutation-02	e91ba79ac2bb1f0a2003f1543af26649fef4ccf16c05feb4a4c27e465481ccee	03	1	3	5	20262727
phase1-n62-primary-label-permutation-02	e91ba79ac2bb1f0a2003f1543af26649fef4ccf16c05feb4a4c27e465481ccee	04	1	3	5	20262727
phase1-n62-primary-label-permutation-02	e91ba79ac2bb1f0a2003f1543af26649fef4ccf16c05feb4a4c27e465481ccee	05	0	3	3	20262727
phase1-n62-primary-label-permutation-02	e91ba79ac2bb1f0a2003f1543af26649fef4ccf16c05feb4a4c27e465481ccee	07	0	3	4	20262727
phase1-n62-primary-label-permutation-02	e91ba79ac2bb1f0a2003f1543af26649fef4ccf16c05feb4a4c27e465481ccee	08	1	3	3	20262727
phase1-n62-primary-label-permutation-02	e91ba79ac2bb1f0a2003f1543af26649fef4ccf16c05feb4a4c27e465481ccee	09	1	3	3	20262727
phase1-n62-primary-label-permutation-02	e91ba79ac2bb1f0a2003f1543af26649fef4ccf16c05feb4a4c27e465481ccee	10	1	3	1	20262727
phase1-n62-primary-label-permutation-02	e91ba79ac2bb1f0a2003f1543af26649fef4ccf16c05feb4a4c27e465481ccee	11	1	3	4	20262727
phase1-n62-primary-label-permutation-02	e91ba79ac2bb1f0a2003f1543af26649fef4ccf16c05feb4a4c27e465481ccee	12	1	3	3	20262727
phase1-n62-primary-label-permutation-02	e91ba79ac2bb1f0a2003f1543af26649fef4ccf16c05feb4a4c27e465481ccee	13	1	3	2	20262727
phase1-n62-primary-label-permutation-02	e91ba79ac2bb1f0a2003f1543af26649fef4ccf16c05feb4a4c27e465481ccee	14	1	3	4	20262727
phase1-n62-primary-label-permutation-02	e91ba79ac2bb1f0a2003f1543af26649fef4ccf16c05feb4a4c27e465481ccee	16	1	3	5	20262727
phase1-n62-primary-label-permutation-02	e91ba79ac2bb1f0a2003f1543af26649fef4ccf16c05feb4a4c27e465481ccee	17	1	3	2	20262727
phase1-n62-primary-label-permutation-02	e91ba79ac2bb1f0a2003f1543af26649fef4ccf16c05feb4a4c27e465481ccee	18	0	3	3	20262727
phase1-n62-primary-label-permutation-02	e91ba79ac2bb1f0a2003f1543af26649fef4ccf16c05feb4a4c27e465481ccee	19	1	3	3	20262727
phase1-n62-primary-label-permutation-02	e91ba79ac2bb1f0a2003f1543af26649fef4ccf16c05feb4a4c27e465481ccee	20	1	3	2	20262727
phase1-n62-primary-label-permutation-02	e91ba79ac2bb1f0a2003f1543af26649fef4ccf16c05feb4a4c27e465481ccee	22	1	3	4	20262727
phase1-n62-primary-label-permutation-02	e91ba79ac2bb1f0a2003f1543af26649fef4ccf16c05feb4a4c27e465481ccee	23	1	3	1	20262727
phase1-n62-primary-label-permutation-02	e91ba79ac2bb1f0a2003f1543af26649fef4ccf16c05feb4a4c27e465481ccee	24	0	3	5	20262727
phase1-n62-primary-label-permutation-02	e91ba79ac2bb1f0a2003f1543af26649fef4ccf16c05feb4a4c27e465481ccee	25	1	3	2	20262727
phase1-n62-primary-label-permutation-02	e91ba79ac2bb1f0a2003f1543af26649fef4ccf16c05feb4a4c27e465481ccee	26	1	3	3	20262727
phase1-n62-primary-label-permutation-02	e91ba79ac2bb1f0a2003f1543af26649fef4ccf16c05feb4a4c27e465481ccee	27	1	3	4	20262727
phase1-n62-primary-label-permutation-02	e91ba79ac2bb1f0a2003f1543af26649fef4ccf16c05feb4a4c27e465481ccee	28	0	3	2	20262727
phase1-n62-primary-label-permutation-02	e91ba79ac2bb1f0a2003f1543af26649fef4ccf16c05feb4a4c27e465481ccee	31	1	3	3	20262727
phase1-n62-primary-label-permutation-02	e91ba79ac2bb1f0a2003f1543af26649fef4ccf16c05feb4a4c27e465481ccee	34	1	3	1	20262727
phase1-n62-primary-label-permutation-02	e91ba79ac2bb1f0a2003f1543af26649fef4ccf16c05feb4a4c27e465481ccee	35	1	3	1	20262727
phase1-n62-primary-label-permutation-02	e91ba79ac2bb1f0a2003f1543af26649fef4ccf16c05feb4a4c27e465481ccee	36	1	3	4	20262727
phase1-n62-primary-label-permutation-02	e91ba79ac2bb1f0a2003f1543af26649fef4ccf16c05feb4a4c27e465481ccee	37	1	3	1	20262727
phase1-n62-primary-label-permutation-02	e91ba79ac2bb1f0a2003f1543af26649fef4ccf16c05feb4a4c27e465481ccee	38	0	3	3	20262727
phase1-n62-primary-label-permutation-02	e91ba79ac2bb1f0a2003f1543af26649fef4ccf16c05feb4a4c27e465481ccee	39	1	3	5	20262727
phase1-n62-primary-label-permutation-02	e91ba79ac2bb1f0a2003f1543af26649fef4ccf16c05feb4a4c27e465481ccee	40	1	3	4	20262727
phase1-n62-primary-label-permutation-02	e91ba79ac2bb1f0a2003f1543af26649fef4ccf16c05feb4a4c27e465481ccee	41	1	3	4	20262727
phase1-n62-primary-label-permutation-02	e91ba79ac2bb1f0a2003f1543af26649fef4ccf16c05feb4a4c27e465481ccee	42	1	3	1	20262727
phase1-n62-primary-label-permutation-02	e91ba79ac2bb1f0a2003f1543af26649fef4ccf16c05feb4a4c27e465481ccee	43	0	3	5	20262727
phase1-n62-primary-label-permutation-02	e91ba79ac2bb1f0a2003f1543af26649fef4ccf16c05feb4a4c27e465481ccee	45	1	3	1	20262727
phase1-n62-primary-label-permutation-02	e91ba79ac2bb1f0a2003f1543af26649fef4ccf16c05feb4a4c27e465481ccee	46	0	3	1	20262727
phase1-n62-primary-label-permutation-02	e91ba79ac2bb1f0a2003f1543af26649fef4ccf16c05feb4a4c27e465481ccee	47	0	3	5	20262727
phase1-n62-primary-label-permutation-02	e91ba79ac2bb1f0a2003f1543af26649fef4ccf16c05feb4a4c27e465481ccee	49	1	3	5	20262727
phase1-n62-primary-label-permutation-02	e91ba79ac2bb1f0a2003f1543af26649fef4ccf16c05feb4a4c27e465481ccee	50	1	3	2	20262727
phase1-n62-primary-label-permutation-02	e91ba79ac2bb1f0a2003f1543af26649fef4ccf16c05feb4a4c27e465481ccee	51	1	3	5	20262727
phase1-n62-primary-label-permutation-02	e91ba79ac2bb1f0a2003f1543af26649fef4ccf16c05feb4a4c27e465481ccee	53	1	3	1	20262727
phase1-n62-primary-label-permutation-02	e91ba79ac2bb1f0a2003f1543af26649fef4ccf16c05feb4a4c27e465481ccee	55	1	3	2	20262727
phase1-n62-primary-label-permutation-02	e91ba79ac2bb1f0a2003f1543af26649fef4ccf16c05feb4a4c27e465481ccee	56	1	3	2	20262727
phase1-n62-primary-label-permutation-02	e91ba79ac2bb1f0a2003f1543af26649fef4ccf16c05feb4a4c27e465481ccee	57	0	3	1	20262727
phase1-n62-primary-label-permutation-02	e91ba79ac2bb1f0a2003f1543af26649fef4ccf16c05feb4a4c27e465481ccee	58	0	3	2	20262727
phase1-n62-primary-label-permutation-02	e91ba79ac2bb1f0a2003f1543af26649fef4ccf16c05feb4a4c27e465481ccee	59	1	3	2	20262727
phase1-n62-primary-label-permutation-02	e91ba79ac2bb1f0a2003f1543af26649fef4ccf16c05feb4a4c27e465481ccee	60	1	3	5	20262727
phase1-n62-primary-label-permutation-02	e91ba79ac2bb1f0a2003f1543af26649fef4ccf16c05feb4a4c27e465481ccee	61	0	3	1	20262727
phase1-n62-primary-label-permutation-02	e91ba79ac2bb1f0a2003f1543af26649fef4ccf16c05feb4a4c27e465481ccee	62	0	3	4	20262727
phase1-n62-primary-label-permutation-02	e91ba79ac2bb1f0a2003f1543af26649fef4ccf16c05feb4a4c27e465481ccee	63	1	3	1	20262727
phase1-n62-primary-label-permutation-02	e91ba79ac2bb1f0a2003f1543af26649fef4ccf16c05feb4a4c27e465481ccee	64	0	3	2	20262727
phase1-n62-primary-label-permutation-02	e91ba79ac2bb1f0a2003f1543af26649fef4ccf16c05feb4a4c27e465481ccee	65	1	3	4	20262727
phase1-n62-primary-label-permutation-02	e91ba79ac2bb1f0a2003f1543af26649fef4ccf16c05feb4a4c27e465481ccee	66	0	3	1	20262727
phase1-n62-primary-label-permutation-02	e91ba79ac2bb1f0a2003f1543af26649fef4ccf16c05feb4a4c27e465481ccee	67	0	3	2	20262727
phase1-n62-primary-label-permutation-02	e91ba79ac2bb1f0a2003f1543af26649fef4ccf16c05feb4a4c27e465481ccee	68	1	3	3	20262727
phase1-n62-primary-label-permutation-02	e91ba79ac2bb1f0a2003f1543af26649fef4ccf16c05feb4a4c27e465481ccee	69	1	3	5	20262727
phase1-n62-primary-label-permutation-02	e91ba79ac2bb1f0a2003f1543af26649fef4ccf16c05feb4a4c27e465481ccee	71	1	3	3	20262727
phase1-n62-primary-label-permutation-02	e91ba79ac2bb1f0a2003f1543af26649fef4ccf16c05feb4a4c27e465481ccee	72	1	3	4	20262727
phase1-n62-primary-label-permutation-02	e91ba79ac2bb1f0a2003f1543af26649fef4ccf16c05feb4a4c27e465481ccee	74	0	3	4	20262727
phase1-n62-primary-label-permutation-02	e91ba79ac2bb1f0a2003f1543af26649fef4ccf16c05feb4a4c27e465481ccee	75	1	3	2	20262727
