subject_id	original_label	permuted_label	permutation	permutation_seed
01	0	0	5	21160732
02	0	1	5	21160732
03	0	0	5	21160732
04	0	1	5	21160732
05	0	0	5	21160732
07	0	1	5	21160732
08	0	0	5	21160732
09	0	0	5	21160732
10	0	1	5	21160732
11	0	1	5	21160732
12	0	0	5	21160732
13	0	1	5	21160732
14	0	1	5	21160732
16	0	0	5	21160732
17	0	1	5	21160732
18	0	1	5	21160732
19	0	0	5	21160732
20	0	0	5	21160732
22	1	0	5	21160732
23	1	1	5	21160732
24	1	1	5	21160732
25	1	1	5	21160732
26	1	1	5	21160732
27	1	1	5	21160732
28	1	0	5	21160732
31	1	1	5	21160732
34	1	0	5	21160732
35	1	1	5	21160732
36	1	1	5	21160732
37	1	1	5	21160732
38	1	1	5	21160732
39	1	0	5	21160732
40	1	1	5	21160732
41	1	1	5	21160732
42	1	1	5	21160732
43	1	0	5	21160732
45	1	1	5	21160732
46	1	1	5	21160732
47	1	1	5	21160732
49	1	1	5	21160732
50	1	1	5	21160732
51	1	1	5	21160732
53	1	0	5	21160732
55	1	1	5	21160732
56	1	1	5	21160732
57	1	1	5	21160732
58	1	1	5	21160732
59	1	0	5	21160732
60	1	1	5	21160732
61	1	1	5	21160732
62	1	0	5	21160732
63	1	1	5	21160732
64	1	1	5	21160732
65	1	1	5	21160732
66	1	1	5	21160732
67	1	1	5	21160732
68	1	1	5	21160732
69	1	0	5	21160732
71	1	1	5	21160732
72	1	1	5	21160732
74	1	1	5	21160732
75	1	1	5	21160732
