cohort_version	feature_set	subject_id	true_label	mean_probability	predicted_label	repeat_predictions
phase1-n64-sensitivity	demographics	01	0	0.5259249236	1	3
phase1-n64-sensitivity	demographics	02	0	0.4680358613	0	3
phase1-n64-sensitivity	demographics	03	0	0.4751580429	0	3
phase1-n64-sensitivity	demographics	04	0	0.4769686662	0	3
phase1-n64-sensitivity	demographics	05	0	0.613772432	1	3
phase1-n64-sensitivity	demographics	07	0	0.4937205723	0	3
phase1-n64-sensitivity	demographics	08	0	0.5229303126	1	3
phase1-n64-sensitivity	demographics	09	0	0.5073571261	1	3
phase1-n64-sensitivity	demographics	10	0	0.4943142817	0	3
phase1-n64-sensitivity	demographics	11	0	0.5076559639	1	3
phase1-n64-sensitivity	demographics	12	0	0.5095804957	1	3
phase1-n64-sensitivity	demographics	13	0	0.5205565104	1	3
phase1-n64-sensitivity	demographics	14	0	0.5246454899	1	3
phase1-n64-sensitivity	demographics	16	0	0.5153617047	1	3
phase1-n64-sensitivity	demographics	17	0	0.5040620242	1	3
phase1-n64-sensitivity	demographics	18	0	0.5057445125	1	3
phase1-n64-sensitivity	demographics	19	0	0.5167688984	1	3
phase1-n64-sensitivity	demographics	20	0	0.5178221216	1	3
phase1-n64-sensitivity	demographics	22	1	0.5166552318	1	3
phase1-n64-sensitivity	demographics	23	1	0.4820488591	0	3
phase1-n64-sensitivity	demographics	24	1	0.5050770191	1	3
phase1-n64-sensitivity	demographics	25	1	0.505855274	1	3
phase1-n64-sensitivity	demographics	26	1	0.5133427379	1	3
phase1-n64-sensitivity	demographics	27	1	0.4680796283	0	3
phase1-n64-sensitivity	demographics	28	1	0.5192633124	1	3
phase1-n64-sensitivity	demographics	31	1	0.4928005534	0	3
phase1-n64-sensitivity	demographics	32	1	0.4849194653	0	3
phase1-n64-sensitivity	demographics	34	1	0.5054749886	1	3
phase1-n64-sensitivity	demographics	35	1	0.4716854779	0	3
phase1-n64-sensitivity	demographics	36	1	0.5271136299	1	3
phase1-n64-sensitivity	demographics	37	1	0.5234784559	1	3
phase1-n64-sensitivity	demographics	38	1	0.4790686167	0	3
phase1-n64-sensitivity	demographics	39	1	0.4663205278	0	3
phase1-n64-sensitivity	demographics	40	1	0.4739745453	0	3
phase1-n64-sensitivity	demographics	41	1	0.5059561631	1	3
phase1-n64-sensitivity	demographics	42	1	0.4651602257	0	3
phase1-n64-sensitivity	demographics	43	1	0.549556797	1	3
phase1-n64-sensitivity	demographics	45	1	0.4969580717	0	3
phase1-n64-sensitivity	demographics	46	1	0.5285809884	1	3
phase1-n64-sensitivity	demographics	47	1	0.4830607108	0	3
phase1-n64-sensitivity	demographics	49	1	0.4677165894	0	3
phase1-n64-sensitivity	demographics	50	1	0.4789909481	0	3
phase1-n64-sensitivity	demographics	51	1	0.5080117234	1	3
phase1-n64-sensitivity	demographics	52	1	0.5056557831	1	3
phase1-n64-sensitivity	demographics	53	1	0.4905203618	0	3
phase1-n64-sensitivity	demographics	55	1	0.4781028873	0	3
phase1-n64-sensitivity	demographics	56	1	0.514064675	1	3
phase1-n64-sensitivity	demographics	57	1	0.5184201946	1	3
phase1-n64-sensitivity	demographics	58	1	0.5034190892	1	3
phase1-n64-sensitivity	demographics	59	1	0.506748835	1	3
phase1-n64-sensitivity	demographics	60	1	0.4420506694	0	3
phase1-n64-sensitivity	demographics	61	1	0.5077843512	1	3
phase1-n64-sensitivity	demographics	62	1	0.5055852282	1	3
phase1-n64-sensitivity	demographics	63	1	0.4810802792	0	3
phase1-n64-sensitivity	demographics	64	1	0.5123361796	1	3
phase1-n64-sensitivity	demographics	65	1	0.4498948556	0	3
phase1-n64-sensitivity	demographics	66	1	0.4759821129	0	3
phase1-n64-sensitivity	demographics	67	1	0.4745405753	0	3
phase1-n64-sensitivity	demographics	68	1	0.5189409562	1	3
phase1-n64-sensitivity	demographics	69	1	0.5224041591	1	3
phase1-n64-sensitivity	demographics	71	1	0.5036705045	1	3
phase1-n64-sensitivity	demographics	72	1	0.4693369484	0	3
phase1-n64-sensitivity	demographics	74	1	0.5453342083	1	3
phase1-n64-sensitivity	demographics	75	1	0.4820815427	0	3
phase1-n64-sensitivity	timepoints	01	0	0.4494224679	0	3
phase1-n64-sensitivity	timepoints	02	0	0.4398391817	0	3
phase1-n64-sensitivity	timepoints	03	0	0.4412402692	0	3
phase1-n64-sensitivity	timepoints	04	0	0.4348054612	0	3
phase1-n64-sensitivity	timepoints	05	0	0.4433216823	0	3
phase1-n64-sensitivity	timepoints	07	0	0.4446579527	0	3
phase1-n64-sensitivity	timepoints	08	0	0.4398391817	0	3
phase1-n64-sensitivity	timepoints	09	0	0.5101441643	1	3
phase1-n64-sensitivity	timepoints	10	0	0.5139742818	1	3
phase1-n64-sensitivity	timepoints	11	0	0.5111604168	1	3
phase1-n64-sensitivity	timepoints	12	0	0.5128221358	1	3
phase1-n64-sensitivity	timepoints	13	0	0.5105726772	1	3
phase1-n64-sensitivity	timepoints	14	0	0.5134098755	1	3
phase1-n64-sensitivity	timepoints	16	0	0.5110948171	1	3
phase1-n64-sensitivity	timepoints	17	0	0.5097949947	1	3
phase1-n64-sensitivity	timepoints	18	0	0.5137357119	1	3
phase1-n64-sensitivity	timepoints	19	0	0.5116192902	1	3
phase1-n64-sensitivity	timepoints	20	0	0.5119283523	1	3
phase1-n64-sensitivity	timepoints	22	1	0.5116025159	1	3
phase1-n64-sensitivity	timepoints	23	1	0.5089686852	1	3
phase1-n64-sensitivity	timepoints	24	1	0.5111676425	1	3
phase1-n64-sensitivity	timepoints	25	1	0.511993952	1	3
phase1-n64-sensitivity	timepoints	26	1	0.5074639116	1	3
phase1-n64-sensitivity	timepoints	27	1	0.5096628689	1	3
phase1-n64-sensitivity	timepoints	28	1	0.5107762064	1	3
phase1-n64-sensitivity	timepoints	31	1	0.5118859242	1	3
phase1-n64-sensitivity	timepoints	32	1	0.511363946	1	3
phase1-n64-sensitivity	timepoints	34	1	0.5117065568	1	3
phase1-n64-sensitivity	timepoints	35	1	0.5108074219	1	3
phase1-n64-sensitivity	timepoints	36	1	0.5082415941	1	3
phase1-n64-sensitivity	timepoints	37	1	0.5089686852	1	3
phase1-n64-sensitivity	timepoints	38	1	0.5111020428	1	3
phase1-n64-sensitivity	timepoints	39	1	0.5122325219	1	3
phase1-n64-sensitivity	timepoints	40	1	0.5097911694	1	3
phase1-n64-sensitivity	timepoints	41	1	0.5131407466	1	3
phase1-n64-sensitivity	timepoints	42	1	0.5090679036	1	3
phase1-n64-sensitivity	timepoints	43	1	0.5101441643	1	3
phase1-n64-sensitivity	timepoints	45	1	0.5093370325	1	3
phase1-n64-sensitivity	timepoints	46	1	0.5074639116	1	3
phase1-n64-sensitivity	timepoints	47	1	0.5119066854	1	3
phase1-n64-sensitivity	timepoints	49	1	0.5071765164	1	3
phase1-n64-sensitivity	timepoints	50	1	0.5134098755	1	3
phase1-n64-sensitivity	timepoints	51	1	0.5111604168	1	3
phase1-n64-sensitivity	timepoints	52	1	0.5115367546	1	3
phase1-n64-sensitivity	timepoints	53	1	0.5111604168	1	3
phase1-n64-sensitivity	timepoints	55	1	0.5128533514	1	3
phase1-n64-sensitivity	timepoints	56	1	0.5093178548	1	3
phase1-n64-sensitivity	timepoints	57	1	0.5113151206	1	3
phase1-n64-sensitivity	timepoints	58	1	0.5092690296	1	3
phase1-n64-sensitivity	timepoints	59	1	0.3483932815	0	3
phase1-n64-sensitivity	timepoints	60	1	0.5129021767	1	3
phase1-n64-sensitivity	timepoints	61	1	0.5103341073	1	3
phase1-n64-sensitivity	timepoints	62	1	0.5118370988	1	3
phase1-n64-sensitivity	timepoints	63	1	0.5101441643	1	3
phase1-n64-sensitivity	timepoints	64	1	0.5122325219	1	3
phase1-n64-sensitivity	timepoints	65	1	0.5114062124	1	3
phase1-n64-sensitivity	timepoints	66	1	0.5094908251	1	3
phase1-n64-sensitivity	timepoints	67	1	0.5121244941	1	3
phase1-n64-sensitivity	timepoints	68	1	0.5113151206	1	3
phase1-n64-sensitivity	timepoints	69	1	0.5074639116	1	3
phase1-n64-sensitivity	timepoints	71	1	0.5116681156	1	3
phase1-n64-sensitivity	timepoints	72	1	0.5080516511	1	3
phase1-n64-sensitivity	timepoints	74	1	0.5098399947	1	3
phase1-n64-sensitivity	timepoints	75	1	0.5119066854	1	3
phase1-n64-sensitivity	pipeline_source	01	0	0.4996200966	0	3
phase1-n64-sensitivity	pipeline_source	02	0	0.5008839192	1	3
phase1-n64-sensitivity	pipeline_source	03	0	0.4962140152	0	3
phase1-n64-sensitivity	pipeline_source	04	0	0.4984719102	0	3
phase1-n64-sensitivity	pipeline_source	05	0	0.5133568177	1	3
phase1-n64-sensitivity	pipeline_source	07	0	0.5024707379	1	3
phase1-n64-sensitivity	pipeline_source	08	0	0.5008839192	1	3
phase1-n64-sensitivity	pipeline_source	09	0	0.5178857213	1	3
phase1-n64-sensitivity	pipeline_source	10	0	0.5065873393	1	3
phase1-n64-sensitivity	pipeline_source	11	0	0.5155756502	1	3
phase1-n64-sensitivity	pipeline_source	12	0	0.4998981262	0	3
phase1-n64-sensitivity	pipeline_source	13	0	0.5007217055	1	3
phase1-n64-sensitivity	pipeline_source	14	0	0.4982777361	0	3
phase1-n64-sensitivity	pipeline_source	16	0	0.4980266442	0	3
phase1-n64-sensitivity	pipeline_source	17	0	0.5011177525	1	3
phase1-n64-sensitivity	pipeline_source	18	0	0.4968145736	0	3
phase1-n64-sensitivity	pipeline_source	19	0	0.5004194403	1	3
phase1-n64-sensitivity	pipeline_source	20	0	0.5111424595	1	3
phase1-n64-sensitivity	pipeline_source	22	1	0.4989520973	0	3
phase1-n64-sensitivity	pipeline_source	23	1	0.4946335259	0	3
phase1-n64-sensitivity	pipeline_source	24	1	0.5091475207	1	3
phase1-n64-sensitivity	pipeline_source	25	1	0.4932792994	0	3
phase1-n64-sensitivity	pipeline_source	26	1	0.498449088	0	3
phase1-n64-sensitivity	pipeline_source	27	1	0.4982045055	0	3
phase1-n64-sensitivity	pipeline_source	28	1	0.4994609935	0	3
phase1-n64-sensitivity	pipeline_source	31	1	0.507844437	1	3
phase1-n64-sensitivity	pipeline_source	32	1	0.5030544556	1	3
phase1-n64-sensitivity	pipeline_source	34	1	0.5116793657	1	3
phase1-n64-sensitivity	pipeline_source	35	1	0.4981519113	0	3
phase1-n64-sensitivity	pipeline_source	36	1	0.4991505777	0	3
phase1-n64-sensitivity	pipeline_source	37	1	0.5024707379	1	3
phase1-n64-sensitivity	pipeline_source	38	1	0.4988419201	0	3
phase1-n64-sensitivity	pipeline_source	39	1	0.4988310107	0	3
phase1-n64-sensitivity	pipeline_source	40	1	0.5061677739	1	3
phase1-n64-sensitivity	pipeline_source	41	1	0.4958070587	0	3
phase1-n64-sensitivity	pipeline_source	42	1	0.5072729433	1	3
phase1-n64-sensitivity	pipeline_source	43	1	0.504190748	1	3
phase1-n64-sensitivity	pipeline_source	45	1	0.4996676681	0	3
phase1-n64-sensitivity	pipeline_source	46	1	0.5007586521	1	3
phase1-n64-sensitivity	pipeline_source	47	1	0.49937455	0	3
phase1-n64-sensitivity	pipeline_source	49	1	0.5008839192	1	3
phase1-n64-sensitivity	pipeline_source	50	1	0.4982777361	0	3
phase1-n64-sensitivity	pipeline_source	51	1	0.4938170088	0	3
phase1-n64-sensitivity	pipeline_source	52	1	0.5064095805	1	3
phase1-n64-sensitivity	pipeline_source	53	1	0.4938170088	0	3
phase1-n64-sensitivity	pipeline_source	55	1	0.4977449548	0	3
phase1-n64-sensitivity	pipeline_source	56	1	0.4962401147	0	3
phase1-n64-sensitivity	pipeline_source	57	1	0.4990773644	0	3
phase1-n64-sensitivity	pipeline_source	58	1	0.4975039373	0	3
phase1-n64-sensitivity	pipeline_source	59	1	0.4972072454	0	3
phase1-n64-sensitivity	pipeline_source	60	1	0.497352283	0	3
phase1-n64-sensitivity	pipeline_source	61	1	0.4969826232	0	3
phase1-n64-sensitivity	pipeline_source	62	1	0.4970024464	0	3
phase1-n64-sensitivity	pipeline_source	63	1	0.498358807	0	3
phase1-n64-sensitivity	pipeline_source	64	1	0.5029336503	1	3
phase1-n64-sensitivity	pipeline_source	65	1	0.5001839961	1	3
phase1-n64-sensitivity	pipeline_source	66	1	0.5057945344	1	3
phase1-n64-sensitivity	pipeline_source	67	1	0.4950645502	0	3
phase1-n64-sensitivity	pipeline_source	68	1	0.4990773644	0	3
phase1-n64-sensitivity	pipeline_source	69	1	0.498946023	0	3
phase1-n64-sensitivity	pipeline_source	71	1	0.4965550909	0	3
phase1-n64-sensitivity	pipeline_source	72	1	0.4982671112	0	3
phase1-n64-sensitivity	pipeline_source	74	1	0.497016731	0	3
phase1-n64-sensitivity	pipeline_source	75	1	0.5002941732	1	3
phase1-n64-sensitivity	nuisance_combined	01	0	0.4582307324	0	3
phase1-n64-sensitivity	nuisance_combined	02	0	0.4345792867	0	3
phase1-n64-sensitivity	nuisance_combined	03	0	0.3604936411	0	3
phase1-n64-sensitivity	nuisance_combined	04	0	0.3376152451	0	3
phase1-n64-sensitivity	nuisance_combined	05	0	0.413500119	0	3
phase1-n64-sensitivity	nuisance_combined	07	0	0.387300684	0	3
phase1-n64-sensitivity	nuisance_combined	08	0	0.4462874003	0	3
phase1-n64-sensitivity	nuisance_combined	09	0	0.5334844174	1	3
phase1-n64-sensitivity	nuisance_combined	10	0	0.6632811083	1	3
phase1-n64-sensitivity	nuisance_combined	11	0	0.5600553741	1	3
phase1-n64-sensitivity	nuisance_combined	12	0	0.6270008253	1	3
phase1-n64-sensitivity	nuisance_combined	13	0	0.5720255932	1	3
phase1-n64-sensitivity	nuisance_combined	14	0	0.7740771994	1	3
phase1-n64-sensitivity	nuisance_combined	16	0	0.5636987092	1	3
phase1-n64-sensitivity	nuisance_combined	17	0	0.5933590448	1	3
phase1-n64-sensitivity	nuisance_combined	18	0	0.6921320974	1	3
phase1-n64-sensitivity	nuisance_combined	19	0	0.6144389018	1	3
phase1-n64-sensitivity	nuisance_combined	20	0	0.5281577803	1	3
phase1-n64-sensitivity	nuisance_combined	22	1	0.6078792757	1	3
phase1-n64-sensitivity	nuisance_combined	23	1	0.4963721621	0	3
phase1-n64-sensitivity	nuisance_combined	24	1	0.5234206556	1	3
phase1-n64-sensitivity	nuisance_combined	25	1	0.5107861854	1	3
phase1-n64-sensitivity	nuisance_combined	26	1	0.5132720999	1	3
phase1-n64-sensitivity	nuisance_combined	27	1	0.5595539005	1	3
phase1-n64-sensitivity	nuisance_combined	28	1	0.5253603819	1	3
phase1-n64-sensitivity	nuisance_combined	31	1	0.5113303007	1	3
phase1-n64-sensitivity	nuisance_combined	32	1	0.544537157	1	3
phase1-n64-sensitivity	nuisance_combined	34	1	0.526597026	1	3
phase1-n64-sensitivity	nuisance_combined	35	1	0.5011453284	1	3
phase1-n64-sensitivity	nuisance_combined	36	1	0.5419333126	1	3
phase1-n64-sensitivity	nuisance_combined	37	1	0.5457827843	1	3
phase1-n64-sensitivity	nuisance_combined	38	1	0.5038577721	1	3
phase1-n64-sensitivity	nuisance_combined	39	1	0.5696910721	1	3
phase1-n64-sensitivity	nuisance_combined	40	1	0.5042708873	1	3
phase1-n64-sensitivity	nuisance_combined	41	1	0.5613557708	1	3
phase1-n64-sensitivity	nuisance_combined	42	1	0.5092281157	1	3
phase1-n64-sensitivity	nuisance_combined	43	1	0.5594890042	1	3
phase1-n64-sensitivity	nuisance_combined	45	1	0.644257966	1	3
phase1-n64-sensitivity	nuisance_combined	46	1	0.5497351753	1	3
phase1-n64-sensitivity	nuisance_combined	47	1	0.5463971076	1	3
phase1-n64-sensitivity	nuisance_combined	49	1	0.5009209172	1	3
phase1-n64-sensitivity	nuisance_combined	50	1	0.5999708696	1	3
phase1-n64-sensitivity	nuisance_combined	51	1	0.5387068274	1	3
phase1-n64-sensitivity	nuisance_combined	52	1	0.5230734137	1	3
phase1-n64-sensitivity	nuisance_combined	53	1	0.4994409158	0	3
phase1-n64-sensitivity	nuisance_combined	55	1	0.6044135806	1	3
phase1-n64-sensitivity	nuisance_combined	56	1	0.5186637781	1	3
phase1-n64-sensitivity	nuisance_combined	57	1	0.5920780529	1	3
phase1-n64-sensitivity	nuisance_combined	58	1	0.5101116199	1	3
phase1-n64-sensitivity	nuisance_combined	59	1	0.2356017915	0	3
phase1-n64-sensitivity	nuisance_combined	60	1	0.5132568087	1	3
phase1-n64-sensitivity	nuisance_combined	61	1	0.5408695592	1	3
phase1-n64-sensitivity	nuisance_combined	62	1	0.6411759489	1	3
phase1-n64-sensitivity	nuisance_combined	63	1	0.5271491417	1	3
phase1-n64-sensitivity	nuisance_combined	64	1	0.5375957881	1	3
phase1-n64-sensitivity	nuisance_combined	65	1	0.5113320564	1	3
phase1-n64-sensitivity	nuisance_combined	66	1	0.5062489449	1	3
phase1-n64-sensitivity	nuisance_combined	67	1	0.591957275	1	3
phase1-n64-sensitivity	nuisance_combined	68	1	0.5831860543	1	3
phase1-n64-sensitivity	nuisance_combined	69	1	0.511284347	1	3
phase1-n64-sensitivity	nuisance_combined	71	1	0.5951980231	1	3
phase1-n64-sensitivity	nuisance_combined	72	1	0.5545838226	1	3
phase1-n64-sensitivity	nuisance_combined	74	1	0.5615033495	1	3
phase1-n64-sensitivity	nuisance_combined	75	1	0.6390919112	1	3
phase1-n64-sensitivity	fc	01	0	0.5593901416	1	3
phase1-n64-sensitivity	fc	02	0	0.5905462635	1	3
phase1-n64-sensitivity	fc	03	0	0.5788946168	1	3
phase1-n64-sensitivity	fc	04	0	0.4377964039	0	3
phase1-n64-sensitivity	fc	05	0	0.811961085	1	3
phase1-n64-sensitivity	fc	07	0	0.4102674464	0	3
phase1-n64-sensitivity	fc	08	0	0.1340638005	0	3
phase1-n64-sensitivity	fc	09	0	0.8956708181	1	3
phase1-n64-sensitivity	fc	10	0	0.5227252937	1	3
phase1-n64-sensitivity	fc	11	0	0.7962943964	1	3
phase1-n64-sensitivity	fc	12	0	0.4578765265	0	3
phase1-n64-sensitivity	fc	13	0	0.7867549519	1	3
phase1-n64-sensitivity	fc	14	0	0.3766726991	0	3
phase1-n64-sensitivity	fc	16	0	0.1722680183	0	3
phase1-n64-sensitivity	fc	17	0	0.2031066721	0	3
phase1-n64-sensitivity	fc	18	0	0.4907441872	0	3
phase1-n64-sensitivity	fc	19	0	0.6215623866	1	3
phase1-n64-sensitivity	fc	20	0	0.6833473382	1	3
phase1-n64-sensitivity	fc	22	1	0.3912649486	0	3
phase1-n64-sensitivity	fc	23	1	0.4036241745	0	3
phase1-n64-sensitivity	fc	24	1	0.9705718725	1	3
phase1-n64-sensitivity	fc	25	1	0.8034233889	1	3
phase1-n64-sensitivity	fc	26	1	0.3367015499	0	3
phase1-n64-sensitivity	fc	27	1	0.805671979	1	3
phase1-n64-sensitivity	fc	28	1	0.6752034264	1	3
phase1-n64-sensitivity	fc	31	1	0.7269361302	1	3
phase1-n64-sensitivity	fc	32	1	0.8832598452	1	3
phase1-n64-sensitivity	fc	34	1	0.819374533	1	3
phase1-n64-sensitivity	fc	35	1	0.5857461358	1	3
phase1-n64-sensitivity	fc	36	1	0.3043542476	0	3
phase1-n64-sensitivity	fc	37	1	0.2877078296	0	3
phase1-n64-sensitivity	fc	38	1	0.6633345901	1	3
phase1-n64-sensitivity	fc	39	1	0.8029729635	1	3
phase1-n64-sensitivity	fc	40	1	0.6884981695	1	3
phase1-n64-sensitivity	fc	41	1	0.8494083254	1	3
phase1-n64-sensitivity	fc	42	1	0.5241798492	1	3
phase1-n64-sensitivity	fc	43	1	0.5887716057	1	3
phase1-n64-sensitivity	fc	45	1	0.6821174568	1	3
phase1-n64-sensitivity	fc	46	1	0.2466553579	0	3
phase1-n64-sensitivity	fc	47	1	0.5825267056	1	3
phase1-n64-sensitivity	fc	49	1	0.7646536706	1	3
phase1-n64-sensitivity	fc	50	1	0.9515894508	1	3
phase1-n64-sensitivity	fc	51	1	0.2923998358	0	3
phase1-n64-sensitivity	fc	52	1	0.9276304767	1	3
phase1-n64-sensitivity	fc	53	1	0.8394284073	1	3
phase1-n64-sensitivity	fc	55	1	0.1500461925	0	3
phase1-n64-sensitivity	fc	56	1	0.8137153349	1	3
phase1-n64-sensitivity	fc	57	1	0.7197702136	1	3
phase1-n64-sensitivity	fc	58	1	0.5950930913	1	3
phase1-n64-sensitivity	fc	59	1	0.2077818066	0	3
phase1-n64-sensitivity	fc	60	1	0.6426171351	1	3
phase1-n64-sensitivity	fc	61	1	0.3456459153	0	3
phase1-n64-sensitivity	fc	62	1	0.3028364825	0	3
phase1-n64-sensitivity	fc	63	1	0.6614598648	1	3
phase1-n64-sensitivity	fc	64	1	0.5993800367	1	3
phase1-n64-sensitivity	fc	65	1	0.8358531501	1	3
phase1-n64-sensitivity	fc	66	1	0.6382316547	1	3
phase1-n64-sensitivity	fc	67	1	0.5210512362	1	3
phase1-n64-sensitivity	fc	68	1	0.8448047909	1	3
phase1-n64-sensitivity	fc	69	1	0.479724618	0	3
phase1-n64-sensitivity	fc	71	1	0.9719559965	1	3
phase1-n64-sensitivity	fc	72	1	0.92462839	1	3
phase1-n64-sensitivity	fc	74	1	0.5545327934	1	3
phase1-n64-sensitivity	fc	75	1	0.4394961184	0	3
phase1-n64-sensitivity	nodes	01	0	0.6927646879	1	3
phase1-n64-sensitivity	nodes	02	0	0.222425567	0	3
phase1-n64-sensitivity	nodes	03	0	0.6583847156	1	3
phase1-n64-sensitivity	nodes	04	0	0.1316782417	0	3
phase1-n64-sensitivity	nodes	05	0	0.3495329948	0	3
phase1-n64-sensitivity	nodes	07	0	0.1214491674	0	3
phase1-n64-sensitivity	nodes	08	0	0.1587237966	0	3
phase1-n64-sensitivity	nodes	09	0	0.5762541249	1	3
phase1-n64-sensitivity	nodes	10	0	0.7904324195	1	3
phase1-n64-sensitivity	nodes	11	0	0.5759787654	1	3
phase1-n64-sensitivity	nodes	12	0	0.249853921	0	3
phase1-n64-sensitivity	nodes	13	0	0.902063252	1	3
phase1-n64-sensitivity	nodes	14	0	0.1156155882	0	3
phase1-n64-sensitivity	nodes	16	0	0.1059484969	0	3
phase1-n64-sensitivity	nodes	17	0	0.1957148059	0	3
phase1-n64-sensitivity	nodes	18	0	0.2377804208	0	3
phase1-n64-sensitivity	nodes	19	0	0.07577793762	0	3
phase1-n64-sensitivity	nodes	20	0	0.9302776058	1	3
phase1-n64-sensitivity	nodes	22	1	0.5205557672	1	3
phase1-n64-sensitivity	nodes	23	1	0.1184695162	0	3
phase1-n64-sensitivity	nodes	24	1	0.9628404452	1	3
phase1-n64-sensitivity	nodes	25	1	0.8406866296	1	3
phase1-n64-sensitivity	nodes	26	1	0.5457743914	1	3
phase1-n64-sensitivity	nodes	27	1	0.7772125231	1	3
phase1-n64-sensitivity	nodes	28	1	0.7289784334	1	3
phase1-n64-sensitivity	nodes	31	1	0.5925828332	1	3
phase1-n64-sensitivity	nodes	32	1	0.8436085869	1	3
phase1-n64-sensitivity	nodes	34	1	0.7680940747	1	3
phase1-n64-sensitivity	nodes	35	1	0.8657867688	1	3
phase1-n64-sensitivity	nodes	36	1	0.6962740655	1	3
phase1-n64-sensitivity	nodes	37	1	0.1560046099	0	3
phase1-n64-sensitivity	nodes	38	1	0.3716890789	0	3
phase1-n64-sensitivity	nodes	39	1	0.4593068043	0	3
phase1-n64-sensitivity	nodes	40	1	0.8795743536	1	3
phase1-n64-sensitivity	nodes	41	1	0.7777141212	1	3
phase1-n64-sensitivity	nodes	42	1	0.8781951337	1	3
phase1-n64-sensitivity	nodes	43	1	0.4072419184	0	3
phase1-n64-sensitivity	nodes	45	1	0.8115588026	1	3
phase1-n64-sensitivity	nodes	46	1	0.4046349293	0	3
phase1-n64-sensitivity	nodes	47	1	0.2529133945	0	3
phase1-n64-sensitivity	nodes	49	1	0.5507916502	1	3
phase1-n64-sensitivity	nodes	50	1	0.5791228236	1	3
phase1-n64-sensitivity	nodes	51	1	0.3748288854	0	3
phase1-n64-sensitivity	nodes	52	1	0.8562658742	1	3
phase1-n64-sensitivity	nodes	53	1	0.7006588502	1	3
phase1-n64-sensitivity	nodes	55	1	0.3264508455	0	3
phase1-n64-sensitivity	nodes	56	1	0.9568537071	1	3
phase1-n64-sensitivity	nodes	57	1	0.9000582036	1	3
phase1-n64-sensitivity	nodes	58	1	0.5798348588	1	3
phase1-n64-sensitivity	nodes	59	1	0.274891561	0	3
phase1-n64-sensitivity	nodes	60	1	0.4769080784	0	3
phase1-n64-sensitivity	nodes	61	1	0.6334042102	1	3
phase1-n64-sensitivity	nodes	62	1	0.3207856806	0	3
phase1-n64-sensitivity	nodes	63	1	0.3022439338	0	3
phase1-n64-sensitivity	nodes	64	1	0.3033950885	0	3
phase1-n64-sensitivity	nodes	65	1	0.6551860901	1	3
phase1-n64-sensitivity	nodes	66	1	0.6960282429	1	3
phase1-n64-sensitivity	nodes	67	1	0.8254844685	1	3
phase1-n64-sensitivity	nodes	68	1	0.4853942326	0	3
phase1-n64-sensitivity	nodes	69	1	0.217694196	0	3
phase1-n64-sensitivity	nodes	71	1	0.772963321	1	3
phase1-n64-sensitivity	nodes	72	1	0.9627561564	1	3
phase1-n64-sensitivity	nodes	74	1	0.4326537815	0	3
phase1-n64-sensitivity	nodes	75	1	0.3295231283	0	3
phase1-n64-sensitivity	combined	01	0	0.6297228324	1	3
phase1-n64-sensitivity	combined	02	0	0.2299698007	0	3
phase1-n64-sensitivity	combined	03	0	0.4621203814	0	3
phase1-n64-sensitivity	combined	04	0	0.0871526753	0	3
phase1-n64-sensitivity	combined	05	0	0.6088283637	1	3
phase1-n64-sensitivity	combined	07	0	0.2959133551	0	3
phase1-n64-sensitivity	combined	08	0	0.08644023852	0	3
phase1-n64-sensitivity	combined	09	0	0.8074665476	1	3
phase1-n64-sensitivity	combined	10	0	0.9651944953	1	3
phase1-n64-sensitivity	combined	11	0	0.7116345906	1	3
phase1-n64-sensitivity	combined	12	0	0.4658109917	0	3
phase1-n64-sensitivity	combined	13	0	0.8900391085	1	3
phase1-n64-sensitivity	combined	14	0	0.08183566468	0	3
phase1-n64-sensitivity	combined	16	0	0.09458304058	0	3
phase1-n64-sensitivity	combined	17	0	0.3588709335	0	3
phase1-n64-sensitivity	combined	18	0	0.2088211815	0	3
phase1-n64-sensitivity	combined	19	0	0.3936093859	0	3
phase1-n64-sensitivity	combined	20	0	0.7658880011	1	3
phase1-n64-sensitivity	combined	22	1	0.5204173452	1	3
phase1-n64-sensitivity	combined	23	1	0.2762600118	0	3
phase1-n64-sensitivity	combined	24	1	0.9470294783	1	3
phase1-n64-sensitivity	combined	25	1	0.7883876459	1	3
phase1-n64-sensitivity	combined	26	1	0.5407264818	1	3
phase1-n64-sensitivity	combined	27	1	0.9378546903	1	3
phase1-n64-sensitivity	combined	28	1	0.5559781693	1	3
phase1-n64-sensitivity	combined	31	1	0.8111690478	1	3
phase1-n64-sensitivity	combined	32	1	0.8703535966	1	3
phase1-n64-sensitivity	combined	34	1	0.8305207466	1	3
phase1-n64-sensitivity	combined	35	1	0.8861221547	1	3
phase1-n64-sensitivity	combined	36	1	0.5855912611	1	3
phase1-n64-sensitivity	combined	37	1	0.2777365824	0	3
phase1-n64-sensitivity	combined	38	1	0.4141072082	0	3
phase1-n64-sensitivity	combined	39	1	0.6993290797	1	3
phase1-n64-sensitivity	combined	40	1	0.9401865462	1	3
phase1-n64-sensitivity	combined	41	1	0.9085079137	1	3
phase1-n64-sensitivity	combined	42	1	0.8350888851	1	3
phase1-n64-sensitivity	combined	43	1	0.4443445909	0	3
phase1-n64-sensitivity	combined	45	1	0.9257382966	1	3
phase1-n64-sensitivity	combined	46	1	0.3700323392	0	3
phase1-n64-sensitivity	combined	47	1	0.4219110247	0	3
phase1-n64-sensitivity	combined	49	1	0.8890031831	1	3
phase1-n64-sensitivity	combined	50	1	0.9399200416	1	3
phase1-n64-sensitivity	combined	51	1	0.274733221	0	3
phase1-n64-sensitivity	combined	52	1	0.8985331473	1	3
phase1-n64-sensitivity	combined	53	1	0.7968193114	1	3
phase1-n64-sensitivity	combined	55	1	0.1789207103	0	3
phase1-n64-sensitivity	combined	56	1	0.8599313026	1	3
phase1-n64-sensitivity	combined	57	1	0.8288860981	1	3
phase1-n64-sensitivity	combined	58	1	0.6773113738	1	3
phase1-n64-sensitivity	combined	59	1	0.23363153	0	3
phase1-n64-sensitivity	combined	60	1	0.6995221538	1	3
phase1-n64-sensitivity	combined	61	1	0.5612228258	1	3
phase1-n64-sensitivity	combined	62	1	0.1726882708	0	3
phase1-n64-sensitivity	combined	63	1	0.5704991461	1	3
phase1-n64-sensitivity	combined	64	1	0.5736158661	1	3
phase1-n64-sensitivity	combined	65	1	0.7391134889	1	3
phase1-n64-sensitivity	combined	66	1	0.5758702242	1	3
phase1-n64-sensitivity	combined	67	1	0.7097440394	1	3
phase1-n64-sensitivity	combined	68	1	0.8205847826	1	3
phase1-n64-sensitivity	combined	69	1	0.4565025209	0	3
phase1-n64-sensitivity	combined	71	1	0.9162654973	1	3
phase1-n64-sensitivity	combined	72	1	0.9944269974	1	3
phase1-n64-sensitivity	combined	74	1	0.4260691347	0	3
phase1-n64-sensitivity	combined	75	1	0.2134935517	0	3
