regime	k	representation	auc	ba
fewshot	1	fc450	0.5078132144490168	0.5200617283950617
fewshot	1	pretrained	0.4769547325102881	0.5016460905349794
fewshot	1	random20260925	0.45215477823502515	0.4949074074074074
fewshot	1	random20260926	0.467003886602652	0.480298353909465
fewshot	1	random20260927	0.47229080932784634	0.49470164609053496
fewshot	5	fc450	0.5747313671696388	0.5271604938271605
fewshot	5	pretrained	0.45170324645633286	0.4590534979423868
fewshot	5	random20260925	0.4336305441243713	0.4389917695473251
fewshot	5	random20260926	0.4300697302240512	0.45046296296296295
fewshot	5	random20260927	0.44519318701417465	0.4488168724279835
fewshot	10	fc450	0.6098651120256059	0.5801440329218107
fewshot	10	pretrained	0.44509030635573843	0.45694444444444443
fewshot	10	random20260925	0.49104366712391406	0.4977880658436214
fewshot	10	random20260926	0.4886316872427984	0.49737654320987656
fewshot	10	random20260927	0.5009487882944673	0.5179012345679012
full	-1	aal90_historical	0.7390089163237312	0.6674382716049383
full	-1	fc450	0.6471364883401921	0.5964506172839505
full	-1	pretrained	0.4377914951989026	0.4558641975308642
full	-1	random20260925	0.5025205761316873	0.5067901234567901
full	-1	random20260926	0.5043895747599452	0.5114197530864197
full	-1	random20260927	0.5277949245541839	0.5239197530864197
