context,method,reference_context,reference_method,metric,delta,ci_low,ci_high,bootstrap_replicates
pooled_srpbs,tangent,single_srpbs,tangent,auc,0.02018047579983595,-0.019772354388843318,0.05881870385561927,2000
pooled_srpbs,tangent,single_srpbs,tangent,ba,0.04003281378178836,-0.00784146841673491,0.08515484003281391,2000
pooled_srpbs,tangent,single_srpbs,tangent,sensitivity,0.034782608695652084,-0.008695652173912993,0.07826086956521738,2000
pooled_srpbs,tangent,single_srpbs,tangent,specificity,0.04528301886792452,-0.0339622641509435,0.1283018867924529,2000
pooled_srpbs,tangent,single_srpbs,tangent,brier,-0.003582933813044198,-0.018859250099840522,0.012614285707427012,2000
pooled_srpbs,raw_fc,single_srpbs,raw_fc,auc,-0.02313371616078741,-0.07990771123872031,0.03388433141919605,2000
pooled_srpbs,raw_fc,single_srpbs,raw_fc,ba,-0.020016406890894123,-0.08174835931091069,0.04034044298605402,2000
pooled_srpbs,raw_fc,single_srpbs,raw_fc,sensitivity,-0.017391304347826098,-0.12608695652173907,0.09130434782608698,2000
pooled_srpbs,raw_fc,single_srpbs,raw_fc,specificity,-0.02264150943396226,-0.08301886792452828,0.037735849056603765,2000
pooled_srpbs,raw_fc,single_srpbs,raw_fc,brier,0.017160882716054426,-0.012984878411788092,0.048178990017557356,2000
pooled_srpbs,nuisance,single_srpbs,nuisance,auc,-0.004265791632485749,-0.03929655455291229,0.0320754716981132,2000
pooled_srpbs,nuisance,single_srpbs,nuisance,ba,-0.006808859721082916,-0.021164889253486474,0.0069729286300246355,2000
pooled_srpbs,nuisance,single_srpbs,nuisance,sensitivity,-0.017391304347826098,-0.03913043478260869,0.0,2000
pooled_srpbs,nuisance,single_srpbs,nuisance,specificity,0.0037735849056602655,-0.015094339622641506,0.022641509433962315,2000
pooled_srpbs,nuisance,single_srpbs,nuisance,brier,0.0007966907292346614,-0.0059455520136172165,0.007694818377256664,2000
pooled_srpbs,site_only,single_srpbs,site_only,auc,-0.01009023789991792,-0.023463904840032728,0.0023789991796554512,2000
pooled_srpbs,site_only,single_srpbs,site_only,ba,0.0,0.0,0.0,2000
pooled_srpbs,site_only,single_srpbs,site_only,sensitivity,0.0,0.0,0.0,2000
pooled_srpbs,site_only,single_srpbs,site_only,specificity,0.0,0.0,0.0,2000
pooled_srpbs,site_only,single_srpbs,site_only,brier,0.0013491973982994454,-3.084613729479532e-05,0.0028883346037985548,2000
pooled_zan,tangent,single_zan,tangent,auc,0.10399999999999998,-0.02897931034482763,0.2287034482758619,2000
pooled_zan,tangent,single_zan,tangent,ba,0.05627586206896551,-0.06567586206896556,0.17696896551724126,2000
pooled_zan,tangent,single_zan,tangent,sensitivity,0.015999999999999903,-0.176,0.2,2000
pooled_zan,tangent,single_zan,tangent,specificity,0.09655172413793106,-0.06206896551724139,0.26206896551724135,2000
pooled_zan,tangent,single_zan,tangent,brier,0.01068624635500609,-0.02400377065189927,0.04790070611448115,2000
pooled_zan,raw_fc,single_zan,raw_fc,auc,-0.029793103448275904,-0.19008965517241375,0.11452413793103423,2000
pooled_zan,raw_fc,single_zan,raw_fc,ba,-0.03668965517241374,-0.17698620689655173,0.09753793103448263,2000
pooled_zan,raw_fc,single_zan,raw_fc,sensitivity,-0.03199999999999997,-0.248,0.18400000000000005,2000
pooled_zan,raw_fc,single_zan,raw_fc,specificity,-0.04137931034482761,-0.20706896551724138,0.11724137931034473,2000
pooled_zan,raw_fc,single_zan,raw_fc,brier,0.08153323054861311,0.013099623623873955,0.15278499212598554,2000
pooled_zan,nuisance,single_zan,nuisance,auc,0.09903448275862065,0.026468965517241386,0.18098620689655162,2000
pooled_zan,nuisance,single_zan,nuisance,ba,0.054206896551724115,-0.002631034482758577,0.11601379310344809,2000
pooled_zan,nuisance,single_zan,nuisance,sensitivity,0.33599999999999997,0.248,0.43200000000000005,2000
pooled_zan,nuisance,single_zan,nuisance,specificity,-0.2275862068965517,-0.303448275862069,-0.14482758620689662,2000
pooled_zan,nuisance,single_zan,nuisance,brier,-0.02430823238610491,-0.03938560063828153,-0.010882148617118356,2000
pooled_zan,site_only,single_zan,site_only,auc,-0.009655172413793156,-0.0666241379310345,0.04802413793103439,2000
pooled_zan,site_only,single_zan,site_only,ba,-0.006896551724138,-0.05518275862068965,0.04634827586206889,2000
pooled_zan,site_only,single_zan,site_only,sensitivity,-0.4,-0.4640000000000001,-0.33599999999999997,2000
pooled_zan,site_only,single_zan,site_only,specificity,0.3862068965517242,0.3103448275862069,0.46896551724137925,2000
pooled_zan,site_only,single_zan,site_only,brier,8.013946858898002e-06,-7.776347108186948e-06,2.2989137280887693e-05,2000
pooled_macro,tangent,single_macro,tangent,auc,0.062090237899917966,-0.008454039489689157,0.12884030720488818,2000
pooled_macro,tangent,single_macro,tangent,ba,0.04815433792537682,-0.01878410865322055,0.1139573887584509,2000
pooled_macro,tangent,single_macro,tangent,sensitivity,0.025391304347825994,-0.07386304347826095,0.12165434782608686,2000
pooled_macro,tangent,single_macro,tangent,specificity,0.07091737150292787,-0.019453480806766347,0.15753903708523082,2000
pooled_macro,tangent,single_macro,tangent,brier,0.0035516562709809463,-0.015394717593731016,0.024885712159991063,2000
pooled_macro,raw_fc,single_macro,raw_fc,auc,-0.026463409804531657,-0.10838814743571613,0.05125676359933223,2000
pooled_macro,raw_fc,single_macro,raw_fc,ba,-0.02835303103165393,-0.10269972065853866,0.04755774306243101,2000
pooled_macro,raw_fc,single_macro,raw_fc,sensitivity,-0.024695652173913063,-0.1421826086956521,0.10131304347826085,2000
pooled_macro,raw_fc,single_macro,raw_fc,specificity,-0.032010409889394964,-0.11896226415094338,0.049528301886792366,2000
pooled_macro,raw_fc,single_macro,raw_fc,brier,0.0493470566323338,0.0117700308615831,0.08843208186691683,2000
pooled_macro,nuisance,single_macro,nuisance,auc,0.047384345563067476,0.007697983083929927,0.09307810528697907,2000
pooled_macro,nuisance,single_macro,nuisance,ba,0.023699018415320627,-0.00535988939492528,0.056019077253825815,2000
pooled_macro,nuisance,single_macro,nuisance,sensitivity,0.15930434782608693,0.11381739130434783,0.208791304347826,2000
pooled_macro,nuisance,single_macro,nuisance,specificity,-0.11190631099544573,-0.15173227065712425,-0.07117761873780104,2000
pooled_macro,nuisance,single_macro,nuisance,brier,-0.011755770828435097,-0.01992219295164293,-0.003885119951631569,2000
pooled_macro,site_only,single_macro,site_only,auc,-0.009872705156855566,-0.039025982291872985,0.019107384515289445,2000
pooled_macro,site_only,single_macro,site_only,ba,-0.0034482758620689724,-0.02759137931034488,0.023174137931034445,2000
pooled_macro,site_only,single_macro,site_only,sensitivity,-0.20000000000000007,-0.2320000000000001,-0.16799999999999993,2000
pooled_macro,site_only,single_macro,site_only,specificity,0.19310344827586207,0.15517241379310348,0.23448275862068962,2000
pooled_macro,site_only,single_macro,site_only,brier,0.0006786056725791578,-1.0002157302660408e-05,0.0014503894014187418,2000
single_srpbs,tangent,single_srpbs,nuisance,auc,0.1382280557834289,0.05454881050041009,0.226995488105004,2000
single_srpbs,tangent,single_srpbs,nuisance,ba,0.06193601312551267,-0.026624282198523384,0.15284146841673493,2000
single_srpbs,tangent,single_srpbs,nuisance,sensitivity,0.05217391304347829,-0.0652173913043479,0.17391304347826092,2000
single_srpbs,tangent,single_srpbs,nuisance,specificity,0.07169811320754715,-0.05283018867924516,0.19999999999999996,2000
single_srpbs,tangent,single_srpbs,nuisance,brier,-0.044248273508072755,-0.07756665561095841,-0.012605395561415456,2000
single_srpbs,raw_fc,single_srpbs,nuisance,auc,0.030516817063166446,-0.07393765381460214,0.13224364232977853,2000
single_srpbs,raw_fc,single_srpbs,nuisance,ba,-0.016242821985233857,-0.11756460213289588,0.07859208367514357,2000
single_srpbs,raw_fc,single_srpbs,nuisance,sensitivity,-0.017391304347826098,-0.16532608695652187,0.13478260869565217,2000
single_srpbs,raw_fc,single_srpbs,nuisance,specificity,-0.015094339622641506,-0.14716981132075457,0.1132075471698113,2000
single_srpbs,raw_fc,single_srpbs,nuisance,brier,0.019171184980516454,-0.0262424243873477,0.06672807358754025,2000
pooled_srpbs,tangent,pooled_srpbs,nuisance,auc,0.1626743232157506,0.08022764561115665,0.24972108285479888,2000
pooled_srpbs,tangent,pooled_srpbs,nuisance,ba,0.10877768662838394,0.031908326497128714,0.1957854799015585,2000
pooled_srpbs,tangent,pooled_srpbs,nuisance,sensitivity,0.10434782608695647,-0.017391304347826098,0.23478260869565204,2000
pooled_srpbs,tangent,pooled_srpbs,nuisance,specificity,0.1132075471698114,0.018867924528301883,0.21509433962264157,2000
pooled_srpbs,tangent,pooled_srpbs,nuisance,brier,-0.048627898050351615,-0.0755747670655331,-0.023205166020873146,2000
pooled_srpbs,raw_fc,pooled_srpbs,nuisance,auc,0.011648892534864785,-0.09115258408531568,0.11455086136177188,2000
pooled_srpbs,raw_fc,pooled_srpbs,nuisance,ba,-0.029450369155045064,-0.11661300246103365,0.061866283839212485,2000
pooled_srpbs,raw_fc,pooled_srpbs,nuisance,sensitivity,-0.017391304347826098,-0.16086956521739126,0.12608695652173907,2000
pooled_srpbs,raw_fc,pooled_srpbs,nuisance,specificity,-0.04150943396226403,-0.15103773584905666,0.06801886792452788,2000
pooled_srpbs,raw_fc,pooled_srpbs,nuisance,brier,0.03553537696733622,-0.011601230819555185,0.08566601046169423,2000
single_zan,tangent,single_zan,nuisance,auc,-0.0011034482758621178,-0.15999999999999998,0.16221379310344824,2000
single_zan,tangent,single_zan,nuisance,ba,0.03682758620689652,-0.11034827586206897,0.17945517241379305,2000
single_zan,tangent,single_zan,nuisance,sensitivity,-0.016000000000000014,-0.19999999999999996,0.17599999999999993,2000
single_zan,tangent,single_zan,nuisance,specificity,0.08965517241379312,-0.13793103448275856,0.3034482758620689,2000
single_zan,tangent,single_zan,nuisance,brier,0.008567413165768034,-0.016395707757196315,0.03454683205667934,2000
single_zan,raw_fc,single_zan,nuisance,auc,0.04165517241379307,-0.1315931034482759,0.21000689655172367,2000
single_zan,raw_fc,single_zan,nuisance,ba,0.03572413793103446,-0.1150586206896552,0.18138965517241376,2000
single_zan,raw_fc,single_zan,nuisance,sensitivity,-0.03200000000000003,-0.21600000000000003,0.14400000000000002,2000
single_zan,raw_fc,single_zan,nuisance,specificity,0.10344827586206895,-0.12413793103448273,0.3241379310344827,2000
single_zan,raw_fc,single_zan,nuisance,brier,0.050987660626235,-0.0009434194189483554,0.1068569993451028,2000
pooled_zan,tangent,pooled_zan,nuisance,auc,0.003862068965517218,-0.18455862068965517,0.1884344827586205,2000
pooled_zan,tangent,pooled_zan,nuisance,ba,0.03889655172413792,-0.09781379310344826,0.17413448275862028,2000
pooled_zan,tangent,pooled_zan,nuisance,sensitivity,-0.3360000000000001,-0.5120000000000001,-0.14400000000000013,2000
pooled_zan,tangent,pooled_zan,nuisance,specificity,0.4137931034482759,0.22068965517241376,0.6,2000
pooled_zan,tangent,pooled_zan,nuisance,brier,0.043561891906879036,0.0002919280737221586,0.08847802248795711,2000
pooled_zan,raw_fc,pooled_zan,nuisance,auc,-0.08717241379310348,-0.2775241379310346,0.1015448275862068,2000
pooled_zan,raw_fc,pooled_zan,nuisance,ba,-0.05517241379310339,-0.18884137931034478,0.07757931034482717,2000
pooled_zan,raw_fc,pooled_zan,nuisance,sensitivity,-0.39999999999999997,-0.5920000000000001,-0.20799999999999996,2000
pooled_zan,raw_fc,pooled_zan,nuisance,specificity,0.289655172413793,0.103448275862069,0.46896551724137925,2000
pooled_zan,raw_fc,pooled_zan,nuisance,brier,0.15682912356095302,0.0792156700665461,0.23290399780819437,2000
pooled_all,tangent,pooled_all,nuisance,auc,0.09618687736173137,0.01719683957402957,0.18176657506011668,2000
pooled_all,tangent,pooled_all,nuisance,ba,0.08440398488491929,0.014757385778083262,0.1601700446581931,2000
pooled_all,tangent,pooled_all,nuisance,sensitivity,-0.05070422535211261,-0.15774647887323945,0.05633802816901412,2000
pooled_all,tangent,pooled_all,nuisance,specificity,0.2195121951219513,0.12682926829268293,0.31219512195121957,2000
pooled_all,tangent,pooled_all,nuisance,brier,-0.016090325124270166,-0.03927499582523879,0.006987276181155307,2000
pooled_all,raw_fc,pooled_all,nuisance,auc,-0.039814496736516714,-0.1327061147372038,0.05589316386121605,2000
pooled_all,raw_fc,pooled_all,nuisance,ba,-0.0382514599793885,-0.11333347646856747,0.037891188594984485,2000
pooled_all,raw_fc,pooled_all,nuisance,sensitivity,-0.15211267605633805,-0.2648591549295775,-0.03380281690140852,2000
pooled_all,raw_fc,pooled_all,nuisance,specificity,0.07560975609756104,-0.02195121951219514,0.17560975609756097,2000
pooled_all,raw_fc,pooled_all,nuisance,brier,0.07834493458861269,0.03662195963288692,0.11992875686313406,2000
srpbs_to_zan,tangent,srpbs_to_zan,nuisance,auc,-0.011310344827586305,-0.23010344827586213,0.20584827586206875,2000
srpbs_to_zan,tangent,srpbs_to_zan,nuisance,ba,0.10648275862068968,-0.03159999999999995,0.23565517241379286,2000
srpbs_to_zan,tangent,srpbs_to_zan,nuisance,sensitivity,-0.256,-0.46399999999999997,-0.05600000000000005,2000
srpbs_to_zan,tangent,srpbs_to_zan,nuisance,specificity,0.46896551724137936,0.2896551724137931,0.6484482758620681,2000
srpbs_to_zan,tangent,srpbs_to_zan,nuisance,brier,0.018421495898340134,-0.03180402924550652,0.07253121054614886,2000
srpbs_to_zan,raw_fc,srpbs_to_zan,nuisance,auc,-0.19558620689655182,-0.44,0.04527586206896538,2000
srpbs_to_zan,raw_fc,srpbs_to_zan,nuisance,ba,-0.09682758620689658,-0.22704137931034485,0.030896551724137966,2000
srpbs_to_zan,raw_fc,srpbs_to_zan,nuisance,sensitivity,-0.504,-0.6960000000000002,-0.31200000000000006,2000
srpbs_to_zan,raw_fc,srpbs_to_zan,nuisance,specificity,0.3103448275862069,0.13793103448275862,0.48275862068965514,2000
srpbs_to_zan,raw_fc,srpbs_to_zan,nuisance,brier,0.1255960052956539,0.05241232824131734,0.2010625716185697,2000
zan_to_srpbs,tangent,zan_to_srpbs,nuisance,auc,-0.07662018047579999,-0.22723543888433134,0.07014150943396227,2000
zan_to_srpbs,tangent,zan_to_srpbs,nuisance,ba,-0.03170631665299428,-0.1476189499589828,0.08298502871205907,2000
zan_to_srpbs,tangent,zan_to_srpbs,nuisance,sensitivity,0.09130434782608698,-0.09130434782608693,0.26956521739130435,2000
zan_to_srpbs,tangent,zan_to_srpbs,nuisance,specificity,-0.15471698113207544,-0.2905660377358491,-0.011320754716981237,2000
zan_to_srpbs,tangent,zan_to_srpbs,nuisance,brier,0.005451622112037813,-0.009675213140499067,0.02204884582390187,2000
zan_to_srpbs,raw_fc,zan_to_srpbs,nuisance,auc,-0.2493027071369976,-0.4212612797374898,-0.07445857260049231,2000
zan_to_srpbs,raw_fc,zan_to_srpbs,nuisance,ba,-0.14860541427399504,-0.2738781788351107,-0.0247733798195242,2000
zan_to_srpbs,raw_fc,zan_to_srpbs,nuisance,sensitivity,0.17826086956521747,-0.0304347826086957,0.3739130434782608,2000
zan_to_srpbs,raw_fc,zan_to_srpbs,nuisance,specificity,-0.4754716981132075,-0.6226415094339623,-0.3245283018867925,2000
zan_to_srpbs,raw_fc,zan_to_srpbs,nuisance,brier,0.08433351251590987,0.04221821055264406,0.12573802137605658,2000
pooled_macro,tangent,pooled_macro,nuisance,auc,0.08326819609063385,-0.016894257588187165,0.18772818024949797,2000
pooled_macro,tangent,pooled_macro,nuisance,ba,0.0738371191762609,-0.005887186359650387,0.15399566066023593,2000
pooled_macro,tangent,pooled_macro,nuisance,sensitivity,-0.11582608695652175,-0.22686956521739132,0.0002673913043478254,2000
pooled_macro,tangent,pooled_macro,nuisance,specificity,0.2635003253090437,0.15346291476903054,0.37300422901756664,2000
pooled_macro,tangent,pooled_macro,nuisance,brier,-0.0025330030717363172,-0.02828021341900748,0.023266088303289252,2000
