seed	protocol	scaling	k	direction	mode	roc_auc	accuracy	balanced_accuracy	sensitivity	specificity	brier
20260923	development	standard	-1			0.37516087516087515	0.45569620253164556	0.45270270270270274	0.40540540540540543	0.5	0.32804548348784573
20260923	fewshot	isotropic	1			0.4763191763191763	0.47594936708860763	0.47593307593307593	0.4756756756756757	0.4761904761904763	0.25409185615169666
20260923	fewshot	isotropic	5			0.4703989703989704	0.5063291139240507	0.5022522522522522	0.4378378378378379	0.5666666666666667	0.25513469946308065
20260923	fewshot	isotropic	10			0.47335907335907346	0.49367088607594933	0.4916344916344916	0.4594594594594595	0.5238095238095238	0.25651252476204023
20260923	fewshot	standard	1			0.4428571428571429	0.46582278481012657	0.46994851994852	0.5351351351351352	0.40476190476190477	0.3751546069831037
20260923	fewshot	standard	5			0.4628056628056628	0.4886075949367089	0.48687258687258694	0.4594594594594595	0.5142857142857142	0.25626363851033707
20260923	fewshot	standard	10			0.4806949806949807	0.49873417721518987	0.4957528957528957	0.4486486486486487	0.5428571428571429	0.2562451000811158
20260923	site	weighted_standard	0	CIN-to-OSU	source_only	0.4161616161616162	0.37	0.403030303030303	0.07272727272727272	0.7333333333333333	0.26723885779927736
20260923	site	weighted_standard	0	OSU-to-CIN	source_only	0.37857142857142856	0.44210526315789467	0.42142857142857143	0.34285714285714286	0.5	0.2602909201706808
20260923	site	weighted_standard	1	CIN-to-OSU	joint	0.5212121212121212	0.5	0.503030303030303	0.4727272727272728	0.5333333333333333	0.2613863582718341
20260923	site	weighted_standard	1	CIN-to-OSU	source_only	0.4161616161616162	0.37	0.403030303030303	0.07272727272727272	0.7333333333333333	0.26723885779927736
20260923	site	weighted_standard	1	CIN-to-OSU	target_only	0.5151515151515151	0.52	0.503030303030303	0.6727272727272727	0.3333333333333333	0.3026766727219347
20260923	site	weighted_standard	1	OSU-to-CIN	joint	0.38095238095238093	0.47368421052631576	0.4523809523809524	0.3714285714285714	0.5333333333333334	0.2737438696247722
20260923	site	weighted_standard	1	OSU-to-CIN	source_only	0.37857142857142856	0.44210526315789467	0.42142857142857143	0.34285714285714286	0.5	0.2602909201706808
20260923	site	weighted_standard	1	OSU-to-CIN	target_only	0.4214285714285714	0.4842105263157895	0.45476190476190476	0.34285714285714286	0.5666666666666667	0.3084214988774727
20260923	site	weighted_standard	3	CIN-to-OSU	joint	0.5272727272727272	0.54	0.5353535353535352	0.5818181818181818	0.48888888888888893	0.25841364571845166
20260923	site	weighted_standard	3	CIN-to-OSU	source_only	0.4161616161616162	0.37	0.403030303030303	0.07272727272727272	0.7333333333333333	0.26723885779927736
20260923	site	weighted_standard	3	CIN-to-OSU	target_only	0.503030303030303	0.53	0.508080808080808	0.7272727272727273	0.28888888888888886	0.25122636104359647
20260923	site	weighted_standard	3	OSU-to-CIN	joint	0.45476190476190476	0.47368421052631576	0.47619047619047616	0.48571428571428565	0.4666666666666666	0.2625961788750447
20260923	site	weighted_standard	3	OSU-to-CIN	source_only	0.37857142857142856	0.44210526315789467	0.42142857142857143	0.34285714285714286	0.5	0.2602909201706808
20260923	site	weighted_standard	3	OSU-to-CIN	target_only	0.5238095238095238	0.5473684210526316	0.5702380952380952	0.6571428571428571	0.4833333333333334	0.25163551331639017
20260923	site	weighted_standard	5	CIN-to-OSU	joint	0.5070707070707071	0.5	0.5070707070707071	0.43636363636363634	0.5777777777777777	0.26272085021304664
20260923	site	weighted_standard	5	CIN-to-OSU	source_only	0.4161616161616162	0.37	0.403030303030303	0.07272727272727272	0.7333333333333333	0.26723885779927736
20260923	site	weighted_standard	5	CIN-to-OSU	target_only	0.4727272727272728	0.48	0.47474747474747475	0.5272727272727272	0.4222222222222222	0.25530699036077786
20260923	site	weighted_standard	5	OSU-to-CIN	joint	0.5119047619047619	0.5052631578947369	0.5130952380952382	0.5428571428571429	0.4833333333333334	0.2567877411278152
20260923	site	weighted_standard	5	OSU-to-CIN	source_only	0.37857142857142856	0.44210526315789467	0.42142857142857143	0.34285714285714286	0.5	0.2602909201706808
20260923	site	weighted_standard	5	OSU-to-CIN	target_only	0.5547619047619048	0.5157894736842106	0.5333333333333333	0.6	0.4666666666666666	0.24952844113549683
20260924	development	standard	-1			0.5508365508365509	0.5063291139240507	0.5051480051480052	0.4864864864864865	0.5238095238095238	0.30198820683351674
20260924	fewshot	isotropic	1			0.49922779922779925	0.4810126582278481	0.4790862290862291	0.4486486486486487	0.5095238095238095	0.2517096089960166
20260924	fewshot	isotropic	5			0.5105534105534105	0.5189873417721519	0.5196267696267697	0.5297297297297298	0.5095238095238095	0.2538363434824059
20260924	fewshot	isotropic	10			0.5151866151866151	0.5291139240506328	0.5314028314028314	0.5675675675675675	0.49523809523809526	0.2544616939621603
20260924	fewshot	standard	1			0.5624195624195625	0.5367088607594936	0.5314671814671815	0.4486486486486487	0.6142857142857142	0.3046483054513331
20260924	fewshot	standard	5			0.5087516087516087	0.5265822784810126	0.5261261261261261	0.518918918918919	0.5333333333333334	0.2542902081069983
20260924	fewshot	standard	10			0.5186615186615187	0.5341772151898734	0.5348777348777348	0.5459459459459459	0.5238095238095238	0.25425054317553325
20260924	site	weighted_standard	0	CIN-to-OSU	source_only	0.5818181818181818	0.55	0.5545454545454545	0.509090909090909	0.6	0.24436994875840146
20260924	site	weighted_standard	0	OSU-to-CIN	source_only	0.47619047619047616	0.4842105263157895	0.55	0.8	0.3	0.25870734243542415
20260924	site	weighted_standard	1	CIN-to-OSU	joint	0.5757575757575758	0.5	0.507070707070707	0.43636363636363634	0.5777777777777777	0.2528355445300116
20260924	site	weighted_standard	1	CIN-to-OSU	source_only	0.5818181818181818	0.55	0.5545454545454545	0.509090909090909	0.6	0.24436994875840146
20260924	site	weighted_standard	1	CIN-to-OSU	target_only	0.4525252525252525	0.51	0.5161616161616162	0.4545454545454545	0.5777777777777777	0.29334134790686045
20260924	site	weighted_standard	1	OSU-to-CIN	joint	0.4261904761904762	0.4526315789473684	0.45357142857142857	0.45714285714285713	0.45	0.27292617598852387
20260924	site	weighted_standard	1	OSU-to-CIN	source_only	0.47619047619047616	0.4842105263157895	0.55	0.8	0.3	0.25870734243542415
20260924	site	weighted_standard	1	OSU-to-CIN	target_only	0.4142857142857143	0.4842105263157895	0.45476190476190476	0.34285714285714286	0.5666666666666667	0.30306460861056617
20260924	site	weighted_standard	3	CIN-to-OSU	joint	0.5070707070707071	0.53	0.5323232323232323	0.509090909090909	0.5555555555555556	0.2547406608299725
20260924	site	weighted_standard	3	CIN-to-OSU	source_only	0.5818181818181818	0.55	0.5545454545454545	0.509090909090909	0.6	0.24436994875840146
20260924	site	weighted_standard	3	CIN-to-OSU	target_only	0.4424242424242425	0.51	0.502020202020202	0.5818181818181818	0.4222222222222222	0.254059189794106
20260924	site	weighted_standard	3	OSU-to-CIN	joint	0.5047619047619047	0.5157894736842106	0.5095238095238095	0.48571428571428565	0.5333333333333333	0.2542687074283502
20260924	site	weighted_standard	3	OSU-to-CIN	source_only	0.47619047619047616	0.4842105263157895	0.55	0.8	0.3	0.25870734243542415
20260924	site	weighted_standard	3	OSU-to-CIN	target_only	0.5023809523809524	0.5263157894736843	0.49404761904761907	0.3714285714285714	0.6166666666666667	0.24932389756613435
20260924	site	weighted_standard	5	CIN-to-OSU	joint	0.5151515151515151	0.49000000000000005	0.49191919191919187	0.4727272727272728	0.5111111111111111	0.25284801443014254
20260924	site	weighted_standard	5	CIN-to-OSU	source_only	0.5818181818181818	0.55	0.5545454545454545	0.509090909090909	0.6	0.24436994875840146
20260924	site	weighted_standard	5	CIN-to-OSU	target_only	0.4363636363636364	0.49000000000000005	0.4797979797979798	0.5818181818181818	0.37777777777777777	0.2572136622179192
20260924	site	weighted_standard	5	OSU-to-CIN	joint	0.48571428571428565	0.4842105263157895	0.5023809523809524	0.5714285714285714	0.4333333333333333	0.25525443535940384
20260924	site	weighted_standard	5	OSU-to-CIN	source_only	0.47619047619047616	0.4842105263157895	0.55	0.8	0.3	0.25870734243542415
20260924	site	weighted_standard	5	OSU-to-CIN	target_only	0.48809523809523814	0.4947368421052631	0.4928571428571429	0.48571428571428565	0.5	0.2524251098765347
20260925	development	standard	-1			0.5495495495495496	0.5443037974683544	0.5472972972972974	0.5945945945945946	0.5	0.27088140534995064
20260925	fewshot	isotropic	1			0.5231660231660232	0.5088607594936708	0.503989703989704	0.427027027027027	0.5809523809523809	0.2498513220115841
20260925	fewshot	isotropic	5			0.5346203346203346	0.5189873417721519	0.518983268983269	0.518918918918919	0.5190476190476191	0.24764241114554314
20260925	fewshot	isotropic	10			0.5474903474903475	0.5265822784810126	0.5258043758043758	0.5135135135135135	0.5380952380952381	0.24704517331612882
20260925	fewshot	standard	1			0.515958815958816	0.5113924050632911	0.5118404118404118	0.518918918918919	0.5047619047619047	0.34751624582457574
20260925	fewshot	standard	5			0.5356499356499357	0.5240506329113923	0.524066924066924	0.5243243243243243	0.5238095238095238	0.24779589120205642
20260925	fewshot	standard	10			0.5436293436293436	0.5341772151898734	0.5339124839124839	0.5297297297297298	0.5380952380952382	0.24770417940803377
20260925	site	weighted_standard	0	CIN-to-OSU	source_only	0.6707070707070707	0.5700000000000001	0.5868686868686869	0.41818181818181815	0.7555555555555555	0.2386957309342336
20260925	site	weighted_standard	0	OSU-to-CIN	source_only	0.4619047619047619	0.43157894736842106	0.4011904761904762	0.2857142857142857	0.5166666666666667	0.2515675475795353
20260925	site	weighted_standard	1	CIN-to-OSU	joint	0.5919191919191918	0.53	0.5424242424242424	0.41818181818181815	0.6666666666666666	0.25167457024810186
20260925	site	weighted_standard	1	CIN-to-OSU	source_only	0.6707070707070707	0.5700000000000001	0.5868686868686869	0.41818181818181815	0.7555555555555555	0.2386957309342336
20260925	site	weighted_standard	1	CIN-to-OSU	target_only	0.4727272727272728	0.48	0.4909090909090909	0.38181818181818183	0.6	0.31001041380056715
20260925	site	weighted_standard	1	OSU-to-CIN	joint	0.41428571428571426	0.44210526315789467	0.42142857142857143	0.34285714285714286	0.5	0.2696613182575945
20260925	site	weighted_standard	1	OSU-to-CIN	source_only	0.4619047619047619	0.43157894736842106	0.4011904761904762	0.2857142857142857	0.5166666666666667	0.2515675475795353
20260925	site	weighted_standard	1	OSU-to-CIN	target_only	0.3714285714285714	0.4842105263157895	0.48452380952380947	0.48571428571428565	0.4833333333333334	0.3516478225273805
20260925	site	weighted_standard	3	CIN-to-OSU	joint	0.4909090909090909	0.5	0.48686868686868684	0.6181818181818182	0.3555555555555555	0.25587123533932987
20260925	site	weighted_standard	3	CIN-to-OSU	source_only	0.6707070707070707	0.5700000000000001	0.5868686868686869	0.41818181818181815	0.7555555555555555	0.2386957309342336
20260925	site	weighted_standard	3	CIN-to-OSU	target_only	0.43838383838383843	0.44000000000000006	0.4404040404040404	0.43636363636363634	0.4444444444444445	0.2577275938590862
20260925	site	weighted_standard	3	OSU-to-CIN	joint	0.36190476190476184	0.42105263157894735	0.42857142857142855	0.45714285714285713	0.4	0.27396894515868003
20260925	site	weighted_standard	3	OSU-to-CIN	source_only	0.4619047619047619	0.43157894736842106	0.4011904761904762	0.2857142857142857	0.5166666666666667	0.2515675475795353
20260925	site	weighted_standard	3	OSU-to-CIN	target_only	0.38095238095238093	0.42105263157894735	0.4166666666666667	0.4	0.4333333333333333	0.26151797578458214
20260925	site	weighted_standard	5	CIN-to-OSU	joint	0.4929292929292929	0.49000000000000005	0.4737373737373737	0.6363636363636364	0.3111111111111111	0.2563477200495281
20260925	site	weighted_standard	5	CIN-to-OSU	source_only	0.6707070707070707	0.5700000000000001	0.5868686868686869	0.41818181818181815	0.7555555555555555	0.2386957309342336
20260925	site	weighted_standard	5	CIN-to-OSU	target_only	0.43838383838383843	0.43000000000000005	0.42929292929292934	0.43636363636363634	0.4222222222222222	0.26159042432464386
20260925	site	weighted_standard	5	OSU-to-CIN	joint	0.40714285714285714	0.43157894736842106	0.4309523809523809	0.42857142857142855	0.4333333333333333	0.271696732980637
20260925	site	weighted_standard	5	OSU-to-CIN	source_only	0.4619047619047619	0.43157894736842106	0.4011904761904762	0.2857142857142857	0.5166666666666667	0.2515675475795353
20260925	site	weighted_standard	5	OSU-to-CIN	target_only	0.41666666666666663	0.44210526315789467	0.43928571428571433	0.42857142857142855	0.45	0.26217318613159807
20260926	development	standard	-1			0.6145431145431145	0.6075949367088608	0.5987773487773488	0.4594594594594595	0.7380952380952381	0.23340002344093938
20260926	fewshot	isotropic	1			0.5467181467181468	0.5265822784810126	0.5351351351351351	0.6702702702702703	0.4	0.2500249196717407
20260926	fewshot	isotropic	5			0.51994851994852	0.5240506329113924	0.525997425997426	0.5567567567567567	0.49523809523809526	0.25276666127265174
20260926	fewshot	isotropic	10			0.523938223938224	0.5012658227848101	0.5026383526383527	0.5243243243243244	0.4809523809523809	0.25163116585242024
20260926	fewshot	standard	1			0.5366795366795367	0.5291139240506328	0.5336550836550836	0.6054054054054054	0.4619047619047619	0.3093988102472466
20260926	fewshot	standard	5			0.5284427284427284	0.5569620253164558	0.5575933075933076	0.5675675675675675	0.5476190476190477	0.25112672603548125
20260926	fewshot	standard	10			0.5465894465894466	0.5518987341772152	0.5518661518661518	0.5513513513513514	0.5523809523809524	0.24893573203256886
20260926	site	weighted_standard	0	CIN-to-OSU	source_only	0.5919191919191918	0.55	0.5626262626262626	0.43636363636363634	0.6888888888888889	0.25455668323375136
20260926	site	weighted_standard	0	OSU-to-CIN	source_only	0.4928571428571429	0.47368421052631576	0.5476190476190477	0.8285714285714285	0.26666666666666666	0.267431305269779
20260926	site	weighted_standard	1	CIN-to-OSU	joint	0.6242424242424243	0.55	0.5525252525252525	0.5272727272727272	0.5777777777777777	0.24027209872134753
20260926	site	weighted_standard	1	CIN-to-OSU	source_only	0.5919191919191918	0.55	0.5626262626262626	0.43636363636363634	0.6888888888888889	0.25455668323375136
20260926	site	weighted_standard	1	CIN-to-OSU	target_only	0.5818181818181818	0.5700000000000001	0.5525252525252525	0.7272727272727273	0.37777777777777777	0.2510075352797857
20260926	site	weighted_standard	1	OSU-to-CIN	joint	0.488095238095238	0.4526315789473684	0.4833333333333333	0.6	0.3666666666666667	0.2701666784207497
20260926	site	weighted_standard	1	OSU-to-CIN	source_only	0.4928571428571429	0.47368421052631576	0.5476190476190477	0.8285714285714285	0.26666666666666666	0.267431305269779
20260926	site	weighted_standard	1	OSU-to-CIN	target_only	0.488095238095238	0.5578947368421052	0.530952380952381	0.42857142857142855	0.6333333333333333	0.30697546799653397
20260926	site	weighted_standard	3	CIN-to-OSU	joint	0.692929292929293	0.6	0.61010101010101	0.509090909090909	0.711111111111111	0.23059040789866278
20260926	site	weighted_standard	3	CIN-to-OSU	source_only	0.5919191919191918	0.55	0.5626262626262626	0.43636363636363634	0.6888888888888889	0.25455668323375136
20260926	site	weighted_standard	3	CIN-to-OSU	target_only	0.7151515151515151	0.63	0.6232323232323231	0.6909090909090909	0.5555555555555556	0.23469760071029472
20260926	site	weighted_standard	3	OSU-to-CIN	joint	0.4833333333333332	0.42105263157894735	0.4583333333333333	0.6	0.31666666666666665	0.2710861801018182
20260926	site	weighted_standard	3	OSU-to-CIN	source_only	0.4928571428571429	0.47368421052631576	0.5476190476190477	0.8285714285714285	0.26666666666666666	0.267431305269779
20260926	site	weighted_standard	3	OSU-to-CIN	target_only	0.46428571428571425	0.44210526315789467	0.4630952380952381	0.5428571428571429	0.3833333333333333	0.25952337028352035
20260926	site	weighted_standard	5	CIN-to-OSU	joint	0.7171717171717171	0.6	0.6141414141414141	0.47272727272727266	0.7555555555555555	0.22781522120887904
20260926	site	weighted_standard	5	CIN-to-OSU	source_only	0.5919191919191918	0.55	0.5626262626262626	0.43636363636363634	0.6888888888888889	0.25455668323375136
20260926	site	weighted_standard	5	CIN-to-OSU	target_only	0.7414141414141414	0.65	0.6515151515151515	0.6363636363636364	0.6666666666666666	0.2298817781572911
20260926	site	weighted_standard	5	OSU-to-CIN	joint	0.48571428571428565	0.44210526315789467	0.475	0.6	0.35	0.26373949578281974
20260926	site	weighted_standard	5	OSU-to-CIN	source_only	0.4928571428571429	0.47368421052631576	0.5476190476190477	0.8285714285714285	0.26666666666666666	0.267431305269779
20260926	site	weighted_standard	5	OSU-to-CIN	target_only	0.4904761904761905	0.5368421052631579	0.555952380952381	0.6285714285714286	0.4833333333333334	0.25942810837035035
20260927	development	standard	-1			0.44530244530244534	0.45569620253164556	0.4510939510939511	0.3783783783783784	0.5238095238095238	0.3320990370793367
20260927	fewshot	isotropic	1			0.4808236808236808	0.4886075949367088	0.4852638352638353	0.43243243243243246	0.5380952380952382	0.25366319957905076
20260927	fewshot	isotropic	5			0.46074646074646075	0.47341772151898737	0.4738738738738739	0.48108108108108105	0.4666666666666667	0.2569730972785486
20260927	fewshot	isotropic	10			0.43745173745173743	0.46835443037974683	0.4649292149292149	0.4108108108108108	0.5190476190476191	0.26072364654334124
20260927	fewshot	standard	1			0.5167310167310168	0.5316455696202531	0.5296010296010296	0.4972972972972974	0.5619047619047619	0.3485737809542572
20260927	fewshot	standard	5			0.46602316602316607	0.4886075949367089	0.48815958815958815	0.48108108108108105	0.49523809523809526	0.25659982552368205
20260927	fewshot	standard	10			0.44517374517374525	0.46835443037974683	0.4655727155727156	0.42162162162162165	0.5095238095238095	0.26068167021600475
20260927	site	weighted_standard	0	CIN-to-OSU	source_only	0.49696969696969695	0.45999999999999996	0.494949494949495	0.14545454545454545	0.8444444444444444	0.26488702035897554
20260927	site	weighted_standard	0	OSU-to-CIN	source_only	0.33095238095238094	0.5368421052631579	0.45476190476190476	0.14285714285714285	0.7666666666666667	0.2564080940223449
20260927	site	weighted_standard	1	CIN-to-OSU	joint	0.4888888888888888	0.45	0.4494949494949495	0.4545454545454545	0.4444444444444445	0.265530890903494
20260927	site	weighted_standard	1	CIN-to-OSU	source_only	0.49696969696969695	0.45999999999999996	0.494949494949495	0.14545454545454545	0.8444444444444444	0.26488702035897554
20260927	site	weighted_standard	1	CIN-to-OSU	target_only	0.4808080808080808	0.53	0.5343434343434343	0.4909090909090909	0.5777777777777777	0.31053026411578744
20260927	site	weighted_standard	1	OSU-to-CIN	joint	0.48809523809523814	0.5368421052631579	0.5142857142857142	0.42857142857142855	0.6	0.2586570689085305
20260927	site	weighted_standard	1	OSU-to-CIN	source_only	0.33095238095238094	0.5368421052631579	0.45476190476190476	0.14285714285714285	0.7666666666666667	0.2564080940223449
20260927	site	weighted_standard	1	OSU-to-CIN	target_only	0.39285714285714285	0.4526315789473684	0.38809523809523805	0.14285714285714285	0.6333333333333334	0.31025008926169206
20260927	site	weighted_standard	3	CIN-to-OSU	joint	0.44646464646464645	0.48	0.4787878787878788	0.4909090909090909	0.4666666666666666	0.2674006972398519
20260927	site	weighted_standard	3	CIN-to-OSU	source_only	0.49696969696969695	0.45999999999999996	0.494949494949495	0.14545454545454545	0.8444444444444444	0.26488702035897554
20260927	site	weighted_standard	3	CIN-to-OSU	target_only	0.38585858585858585	0.38	0.37777777777777777	0.4	0.3555555555555555	0.258851451388063
20260927	site	weighted_standard	3	OSU-to-CIN	joint	0.5142857142857142	0.5263157894736842	0.5416666666666667	0.6	0.4833333333333334	0.2585991701636702
20260927	site	weighted_standard	3	OSU-to-CIN	source_only	0.33095238095238094	0.5368421052631579	0.45476190476190476	0.14285714285714285	0.7666666666666667	0.2564080940223449
20260927	site	weighted_standard	3	OSU-to-CIN	target_only	0.6	0.5263157894736843	0.5238095238095238	0.5142857142857142	0.5333333333333333	0.2478678348135095
20260927	site	weighted_standard	5	CIN-to-OSU	joint	0.3939393939393939	0.45999999999999996	0.4606060606060606	0.4545454545454545	0.4666666666666666	0.26986766249727656
20260927	site	weighted_standard	5	CIN-to-OSU	source_only	0.49696969696969695	0.45999999999999996	0.494949494949495	0.14545454545454545	0.8444444444444444	0.26488702035897554
20260927	site	weighted_standard	5	CIN-to-OSU	target_only	0.36363636363636365	0.43	0.42727272727272725	0.4545454545454545	0.4	0.26386141422346127
20260927	site	weighted_standard	5	OSU-to-CIN	joint	0.4666666666666666	0.5052631578947369	0.5011904761904762	0.48571428571428565	0.5166666666666666	0.257648154481926
20260927	site	weighted_standard	5	OSU-to-CIN	source_only	0.33095238095238094	0.5368421052631579	0.45476190476190476	0.14285714285714285	0.7666666666666667	0.2564080940223449
20260927	site	weighted_standard	5	OSU-to-CIN	target_only	0.5523809523809524	0.5578947368421052	0.5666666666666667	0.6	0.5333333333333333	0.2494971989468014
