representation	protocol	scaling	k	direction	mode	roc_auc	accuracy	balanced_accuracy	sensitivity	specificity	brier
pretrained	development	standard	-1			0.5894465894465895	0.5443037974683544	0.5456885456885456	0.5675675675675675	0.5238095238095238	0.24447685137939984
pretrained	fewshot	isotropic	1			0.5711711711711712	0.5291139240506328	0.5291505791505792	0.5297297297297298	0.5285714285714286	0.25329648396796384
pretrained	fewshot	isotropic	5			0.5812097812097813	0.5392405063291139	0.5438223938223938	0.6162162162162163	0.4714285714285714	0.251767540304376
pretrained	fewshot	isotropic	10			0.5952380952380952	0.5746835443037975	0.5765122265122266	0.6054054054054054	0.5476190476190477	0.2535223944998066
pretrained	fewshot	standard	1			0.5626769626769627	0.5620253164556962	0.5575289575289576	0.4864864864864865	0.6285714285714286	0.32135268238243025
pretrained	fewshot	standard	5			0.5406692406692407	0.5367088607594936	0.5391891891891892	0.5783783783783785	0.5	0.2657361195320467
pretrained	fewshot	standard	10			0.5818532818532819	0.5772151898734177	0.5798584298584298	0.6216216216216216	0.5380952380952382	0.2556487386956403
pretrained	site	weighted_standard	0	CIN-to-OSU	source_only	0.5535353535353535	0.61	0.6030303030303031	0.6727272727272727	0.5333333333333334	0.2789591606079782
pretrained	site	weighted_standard	0	OSU-to-CIN	source_only	0.5190476190476191	0.5894736842105264	0.5619047619047619	0.45714285714285713	0.6666666666666666	0.2527798121786029
pretrained	site	weighted_standard	1	CIN-to-OSU	joint	0.5232323232323232	0.5	0.494949494949495	0.5454545454545454	0.4444444444444445	0.2959656409837064
pretrained	site	weighted_standard	1	CIN-to-OSU	source_only	0.5535353535353535	0.61	0.6030303030303031	0.6727272727272727	0.5333333333333334	0.2789591606079782
pretrained	site	weighted_standard	1	CIN-to-OSU	target_only	0.42020202020202024	0.43	0.44747474747474747	0.2727272727272727	0.6222222222222222	0.4036031900468677
pretrained	site	weighted_standard	1	OSU-to-CIN	joint	0.5833333333333333	0.6	0.5880952380952381	0.5428571428571429	0.6333333333333333	0.251242667402489
pretrained	site	weighted_standard	1	OSU-to-CIN	source_only	0.5190476190476191	0.5894736842105264	0.5619047619047619	0.45714285714285713	0.6666666666666666	0.2527798121786029
pretrained	site	weighted_standard	1	OSU-to-CIN	target_only	0.5297619047619048	0.5052631578947369	0.49523809523809526	0.45714285714285713	0.5333333333333334	0.37076566617760776
pretrained	site	weighted_standard	3	CIN-to-OSU	joint	0.5656565656565655	0.54	0.5212121212121212	0.7090909090909091	0.3333333333333333	0.2558629600872039
pretrained	site	weighted_standard	3	CIN-to-OSU	source_only	0.5535353535353535	0.61	0.6030303030303031	0.6727272727272727	0.5333333333333334	0.2789591606079782
pretrained	site	weighted_standard	3	CIN-to-OSU	target_only	0.5595959595959596	0.54	0.5333333333333334	0.6	0.4666666666666666	0.27280713149164604
pretrained	site	weighted_standard	3	OSU-to-CIN	joint	0.5976190476190476	0.5894736842105263	0.5619047619047619	0.45714285714285713	0.6666666666666667	0.24120364012736087
pretrained	site	weighted_standard	3	OSU-to-CIN	source_only	0.5190476190476191	0.5894736842105264	0.5619047619047619	0.45714285714285713	0.6666666666666666	0.2527798121786029
pretrained	site	weighted_standard	3	OSU-to-CIN	target_only	0.5845238095238094	0.5473684210526315	0.5642857142857143	0.6285714285714286	0.5	0.2974717504549075
pretrained	site	weighted_standard	5	CIN-to-OSU	joint	0.5636363636363637	0.5599999999999999	0.5393939393939394	0.7454545454545455	0.3333333333333333	0.25357197175412177
pretrained	site	weighted_standard	5	CIN-to-OSU	source_only	0.5535353535353535	0.61	0.6030303030303031	0.6727272727272727	0.5333333333333334	0.2789591606079782
pretrained	site	weighted_standard	5	CIN-to-OSU	target_only	0.4626262626262626	0.51	0.491919191919192	0.6727272727272727	0.31111111111111106	0.2697956902154288
pretrained	site	weighted_standard	5	OSU-to-CIN	joint	0.6476190476190476	0.6631578947368422	0.65	0.6	0.7	0.2311775611432377
pretrained	site	weighted_standard	5	OSU-to-CIN	source_only	0.5190476190476191	0.5894736842105264	0.5619047619047619	0.45714285714285713	0.6666666666666666	0.2527798121786029
pretrained	site	weighted_standard	5	OSU-to-CIN	target_only	0.6869047619047619	0.6631578947368422	0.6738095238095237	0.7142857142857142	0.6333333333333334	0.260141614291923
random_20260923	development	standard	-1			0.5051480051480052	0.5316455696202531	0.5305662805662805	0.5135135135135135	0.5476190476190477	0.25186003203632257
random_20260923	fewshot	isotropic	1			0.5148005148005148	0.5341772151898734	0.5306949806949808	0.4756756756756757	0.5857142857142857	0.251750271741551
random_20260923	fewshot	isotropic	5			0.5289575289575289	0.5341772151898734	0.5303732303732304	0.47027027027027024	0.5904761904761905	0.25095675344958046
random_20260923	fewshot	isotropic	10			0.5043758043758044	0.5139240506329114	0.5113256113256114	0.47027027027027024	0.5523809523809524	0.2556547272465023
random_20260923	fewshot	standard	1			0.5046332046332046	0.5037974683544304	0.5108108108108109	0.6216216216216216	0.4	0.3292816003720852
random_20260923	fewshot	standard	5			0.5184041184041185	0.5037974683544304	0.5018018018018018	0.47027027027027024	0.5333333333333333	0.2501641950192625
random_20260923	fewshot	standard	10			0.5030888030888032	0.5139240506329114	0.5116473616473616	0.4756756756756757	0.5476190476190477	0.2518849704211167
random_20260923	site	weighted_standard	0	CIN-to-OSU	source_only	0.5535353535353535	0.5700000000000001	0.601010101010101	0.2909090909090909	0.9111111111111111	0.25893615755184163
random_20260923	site	weighted_standard	0	OSU-to-CIN	source_only	0.5119047619047619	0.5578947368421052	0.530952380952381	0.42857142857142855	0.6333333333333333	0.25473791660163714
random_20260923	site	weighted_standard	1	CIN-to-OSU	joint	0.5757575757575757	0.55	0.5606060606060606	0.4545454545454545	0.6666666666666667	0.2511840716011887
random_20260923	site	weighted_standard	1	CIN-to-OSU	source_only	0.5535353535353535	0.5700000000000001	0.601010101010101	0.2909090909090909	0.9111111111111111	0.25893615755184163
random_20260923	site	weighted_standard	1	CIN-to-OSU	target_only	0.5636363636363637	0.53	0.5242424242424242	0.5818181818181818	0.4666666666666667	0.30337945213295026
random_20260923	site	weighted_standard	1	OSU-to-CIN	joint	0.46904761904761905	0.5368421052631579	0.5142857142857142	0.42857142857142855	0.6	0.25438962994004843
random_20260923	site	weighted_standard	1	OSU-to-CIN	source_only	0.5119047619047619	0.5578947368421052	0.530952380952381	0.42857142857142855	0.6333333333333333	0.25473791660163714
random_20260923	site	weighted_standard	1	OSU-to-CIN	target_only	0.5261904761904762	0.5263157894736843	0.5238095238095238	0.5142857142857142	0.5333333333333334	0.37484039847552747
random_20260923	site	weighted_standard	3	CIN-to-OSU	joint	0.602020202020202	0.6199999999999999	0.6161616161616161	0.6545454545454545	0.5777777777777777	0.24696408504164574
random_20260923	site	weighted_standard	3	CIN-to-OSU	source_only	0.5535353535353535	0.5700000000000001	0.601010101010101	0.2909090909090909	0.9111111111111111	0.25893615755184163
random_20260923	site	weighted_standard	3	CIN-to-OSU	target_only	0.5555555555555556	0.5700000000000001	0.5525252525252525	0.7272727272727273	0.37777777777777777	0.24555461184666597
random_20260923	site	weighted_standard	3	OSU-to-CIN	joint	0.530952380952381	0.5052631578947369	0.5071428571428571	0.5142857142857142	0.5	0.25210904504835063
random_20260923	site	weighted_standard	3	OSU-to-CIN	source_only	0.5119047619047619	0.5578947368421052	0.530952380952381	0.42857142857142855	0.6333333333333333	0.25473791660163714
random_20260923	site	weighted_standard	3	OSU-to-CIN	target_only	0.5761904761904761	0.5473684210526316	0.5464285714285714	0.5428571428571429	0.55	0.24729422739700926
random_20260923	site	weighted_standard	5	CIN-to-OSU	joint	0.5797979797979798	0.5900000000000001	0.5969696969696969	0.5272727272727272	0.6666666666666666	0.24872740128303022
random_20260923	site	weighted_standard	5	CIN-to-OSU	source_only	0.5535353535353535	0.5700000000000001	0.601010101010101	0.2909090909090909	0.9111111111111111	0.25893615755184163
random_20260923	site	weighted_standard	5	CIN-to-OSU	target_only	0.5555555555555556	0.56	0.5595959595959596	0.5636363636363637	0.5555555555555556	0.2468164280647976
random_20260923	site	weighted_standard	5	OSU-to-CIN	joint	0.5380952380952381	0.5578947368421052	0.5428571428571429	0.48571428571428565	0.6	0.2492619939245641
random_20260923	site	weighted_standard	5	OSU-to-CIN	source_only	0.5119047619047619	0.5578947368421052	0.530952380952381	0.42857142857142855	0.6333333333333333	0.25473791660163714
random_20260923	site	weighted_standard	5	OSU-to-CIN	target_only	0.55	0.5684210526315789	0.5392857142857143	0.42857142857142855	0.65	0.24694663961883156
random_20260924	development	standard	-1			0.574002574002574	0.5189873417721519	0.5202702702702703	0.5405405405405406	0.5	0.2746405565673899
random_20260924	fewshot	isotropic	1			0.48262548262548266	0.4835443037974684	0.4821106821106822	0.4594594594594595	0.5047619047619047	0.2547157188298991
random_20260924	fewshot	isotropic	5			0.5137709137709138	0.5215189873417722	0.5194337194337194	0.4864864864864865	0.5523809523809524	0.25346523892786815
random_20260924	fewshot	isotropic	10			0.543886743886744	0.5240506329113923	0.5221364221364222	0.4918918918918919	0.5523809523809524	0.2523261974780831
random_20260924	fewshot	standard	1			0.5178893178893178	0.5341772151898734	0.5303732303732304	0.47027027027027024	0.5904761904761905	0.32228096441780524
random_20260924	fewshot	standard	5			0.5283140283140283	0.5139240506329114	0.5113256113256114	0.47027027027027024	0.5523809523809524	0.25019638165674574
random_20260924	fewshot	standard	10			0.5361647361647363	0.5240506329113923	0.5214929214929216	0.48108108108108116	0.5619047619047619	0.2501327578585332
random_20260924	site	weighted_standard	0	CIN-to-OSU	source_only	0.6	0.44000000000000006	0.4444444444444445	0.4	0.4888888888888888	0.23946862738475422
random_20260924	site	weighted_standard	0	OSU-to-CIN	source_only	0.5404761904761904	0.44210526315789467	0.4333333333333333	0.4	0.4666666666666667	0.24789881974513417
random_20260924	site	weighted_standard	1	CIN-to-OSU	joint	0.5353535353535354	0.48	0.4909090909090909	0.38181818181818183	0.6	0.25723076420407176
random_20260924	site	weighted_standard	1	CIN-to-OSU	source_only	0.6	0.44000000000000006	0.4444444444444445	0.4	0.4888888888888888	0.23946862738475422
random_20260924	site	weighted_standard	1	CIN-to-OSU	target_only	0.5555555555555556	0.5700000000000001	0.5787878787878787	0.4909090909090909	0.6666666666666666	0.32282099782582563
random_20260924	site	weighted_standard	1	OSU-to-CIN	joint	0.4261904761904762	0.4	0.3821428571428572	0.3142857142857143	0.45	0.2612675294104513
random_20260924	site	weighted_standard	1	OSU-to-CIN	source_only	0.5404761904761904	0.44210526315789467	0.4333333333333333	0.4	0.4666666666666667	0.24789881974513417
random_20260924	site	weighted_standard	1	OSU-to-CIN	target_only	0.4833333333333333	0.39999999999999997	0.4416666666666667	0.6	0.2833333333333333	0.3679894869550041
random_20260924	site	weighted_standard	3	CIN-to-OSU	joint	0.5353535353535352	0.52	0.5212121212121212	0.509090909090909	0.5333333333333333	0.25101061189828744
random_20260924	site	weighted_standard	3	CIN-to-OSU	source_only	0.6	0.44000000000000006	0.4444444444444445	0.4	0.4888888888888888	0.23946862738475422
random_20260924	site	weighted_standard	3	CIN-to-OSU	target_only	0.4606060606060606	0.55	0.5484848484848485	0.5636363636363636	0.5333333333333333	0.2543735962800603
random_20260924	site	weighted_standard	3	OSU-to-CIN	joint	0.4595238095238095	0.47368421052631576	0.4404761904761905	0.3142857142857143	0.5666666666666667	0.2506457769531743
random_20260924	site	weighted_standard	3	OSU-to-CIN	source_only	0.5404761904761904	0.44210526315789467	0.4333333333333333	0.4	0.4666666666666667	0.24789881974513417
random_20260924	site	weighted_standard	3	OSU-to-CIN	target_only	0.4833333333333334	0.5473684210526315	0.5166666666666667	0.4	0.6333333333333333	0.24852535394920183
random_20260924	site	weighted_standard	5	CIN-to-OSU	joint	0.5535353535353535	0.55	0.5505050505050505	0.5454545454545455	0.5555555555555556	0.2471793514471158
random_20260924	site	weighted_standard	5	CIN-to-OSU	source_only	0.6	0.44000000000000006	0.4444444444444445	0.4	0.4888888888888888	0.23946862738475422
random_20260924	site	weighted_standard	5	CIN-to-OSU	target_only	0.46464646464646464	0.44000000000000006	0.4303030303030303	0.5272727272727272	0.33333333333333337	0.2544324844312962
random_20260924	site	weighted_standard	5	OSU-to-CIN	joint	0.45476190476190476	0.44210526315789467	0.4333333333333333	0.39999999999999997	0.4666666666666667	0.2528980841450651
random_20260924	site	weighted_standard	5	OSU-to-CIN	source_only	0.5404761904761904	0.44210526315789467	0.4333333333333333	0.4	0.4666666666666667	0.24789881974513417
random_20260924	site	weighted_standard	5	OSU-to-CIN	target_only	0.44523809523809527	0.4947368421052632	0.475	0.4	0.55	0.25239413017904616
random_20260925	development	standard	-1			0.501930501930502	0.5063291139240507	0.5083655083655083	0.5405405405405406	0.47619047619047616	0.3027093720038043
random_20260925	fewshot	isotropic	1			0.5365508365508366	0.5037974683544304	0.5008365508365509	0.454054054054054	0.5476190476190477	0.24946145405227776
random_20260925	fewshot	isotropic	5			0.57001287001287	0.5544303797468354	0.5548906048906049	0.5621621621621622	0.5476190476190477	0.24602130889256837
random_20260925	fewshot	isotropic	10			0.5505791505791506	0.5341772151898734	0.5361647361647361	0.5675675675675675	0.5047619047619047	0.24958293473373874
random_20260925	fewshot	standard	1			0.5476190476190477	0.5164556962025316	0.5182110682110682	0.5459459459459459	0.4904761904761904	0.29714801857805206
random_20260925	fewshot	standard	5			0.5667953667953668	0.5569620253164558	0.5563063063063064	0.5459459459459459	0.5666666666666667	0.24670007724016013
random_20260925	fewshot	standard	10			0.5652509652509653	0.5443037974683544	0.5453667953667953	0.5621621621621622	0.5285714285714286	0.24756914419163292
random_20260925	site	weighted_standard	0	CIN-to-OSU	source_only	0.6262626262626262	0.61	0.6353535353535353	0.38181818181818183	0.888888888888889	0.24591190554962084
random_20260925	site	weighted_standard	0	OSU-to-CIN	source_only	0.4309523809523809	0.4842105263157895	0.4309523809523809	0.22857142857142856	0.6333333333333333	0.2542048344207452
random_20260925	site	weighted_standard	1	CIN-to-OSU	joint	0.49696969696969695	0.43000000000000005	0.4414141414141414	0.32727272727272727	0.5555555555555556	0.25747754413292157
random_20260925	site	weighted_standard	1	CIN-to-OSU	source_only	0.6262626262626262	0.61	0.6353535353535353	0.38181818181818183	0.888888888888889	0.24591190554962084
random_20260925	site	weighted_standard	1	CIN-to-OSU	target_only	0.4727272727272728	0.55	0.5505050505050505	0.5454545454545455	0.5555555555555556	0.38468456491084585
random_20260925	site	weighted_standard	1	OSU-to-CIN	joint	0.39761904761904765	0.4842105263157895	0.4488095238095238	0.3142857142857143	0.5833333333333333	0.26645592573483545
random_20260925	site	weighted_standard	1	OSU-to-CIN	source_only	0.4309523809523809	0.4842105263157895	0.4309523809523809	0.22857142857142856	0.6333333333333333	0.2542048344207452
random_20260925	site	weighted_standard	1	OSU-to-CIN	target_only	0.4738095238095238	0.5052631578947369	0.5011904761904762	0.48571428571428565	0.5166666666666667	0.35434131733229846
random_20260925	site	weighted_standard	3	CIN-to-OSU	joint	0.43838383838383843	0.41	0.40101010101010104	0.4909090909090909	0.3111111111111111	0.2606660289235995
random_20260925	site	weighted_standard	3	CIN-to-OSU	source_only	0.6262626262626262	0.61	0.6353535353535353	0.38181818181818183	0.888888888888889	0.24591190554962084
random_20260925	site	weighted_standard	3	CIN-to-OSU	target_only	0.42020202020202013	0.4600000000000001	0.46464646464646464	0.41818181818181815	0.5111111111111111	0.25714609152331935
random_20260925	site	weighted_standard	3	OSU-to-CIN	joint	0.39999999999999997	0.47368421052631576	0.46428571428571425	0.42857142857142855	0.5	0.2691734895956107
random_20260925	site	weighted_standard	3	OSU-to-CIN	source_only	0.4309523809523809	0.4842105263157895	0.4309523809523809	0.22857142857142856	0.6333333333333333	0.2542048344207452
random_20260925	site	weighted_standard	3	OSU-to-CIN	target_only	0.4714285714285714	0.5052631578947369	0.4833333333333334	0.4	0.5666666666666667	0.2569575144001514
random_20260925	site	weighted_standard	5	CIN-to-OSU	joint	0.44848484848484843	0.5	0.48888888888888893	0.6	0.37777777777777777	0.26029986895399093
random_20260925	site	weighted_standard	5	CIN-to-OSU	source_only	0.6262626262626262	0.61	0.6353535353535353	0.38181818181818183	0.888888888888889	0.24591190554962084
random_20260925	site	weighted_standard	5	CIN-to-OSU	target_only	0.42828282828282827	0.47000000000000003	0.46767676767676764	0.4909090909090909	0.4444444444444445	0.25842739398566233
random_20260925	site	weighted_standard	5	OSU-to-CIN	joint	0.4261904761904762	0.4631578947368421	0.45595238095238094	0.42857142857142855	0.4833333333333333	0.2722183064355216
random_20260925	site	weighted_standard	5	OSU-to-CIN	source_only	0.4309523809523809	0.4842105263157895	0.4309523809523809	0.22857142857142856	0.6333333333333333	0.2542048344207452
random_20260925	site	weighted_standard	5	OSU-to-CIN	target_only	0.4523809523809524	0.47368421052631576	0.47023809523809523	0.45714285714285713	0.4833333333333333	0.25899893143634156
random_20260926	development	standard	-1			0.6396396396396397	0.6329113924050633	0.6274131274131274	0.5405405405405406	0.7142857142857143	0.2583654031092662
random_20260926	fewshot	isotropic	1			0.5696267696267696	0.5417721518987342	0.5510296010296011	0.6972972972972973	0.40476190476190477	0.2512028547881867
random_20260926	fewshot	isotropic	5			0.5503217503217503	0.5392405063291139	0.5406048906048906	0.5621621621621622	0.5190476190476191	0.25088450409722635
random_20260926	fewshot	isotropic	10			0.5939510939510939	0.5645569620253165	0.566023166023166	0.5891891891891892	0.5428571428571429	0.24536808859994444
random_20260926	fewshot	standard	1			0.48043758043758045	0.5037974683544304	0.504054054054054	0.5081081081081081	0.5	0.36372682404085854
random_20260926	fewshot	standard	5			0.5361647361647361	0.5367088607594936	0.5391891891891892	0.5783783783783785	0.5	0.2506350342226996
random_20260926	fewshot	standard	10			0.5637065637065637	0.549367088607595	0.5517374517374517	0.5891891891891892	0.5142857142857142	0.24757692630779865
random_20260926	site	weighted_standard	0	CIN-to-OSU	source_only	0.5333333333333333	0.5	0.5010101010101009	0.4909090909090909	0.5111111111111111	0.2573115373009351
random_20260926	site	weighted_standard	0	OSU-to-CIN	source_only	0.4357142857142858	0.41052631578947363	0.44404761904761897	0.5714285714285714	0.31666666666666665	0.2759620432568125
random_20260926	site	weighted_standard	1	CIN-to-OSU	joint	0.5131313131313131	0.5700000000000001	0.5606060606060607	0.6545454545454545	0.4666666666666667	0.25438750597533966
random_20260926	site	weighted_standard	1	CIN-to-OSU	source_only	0.5333333333333333	0.5	0.5010101010101009	0.4909090909090909	0.5111111111111111	0.2573115373009351
random_20260926	site	weighted_standard	1	CIN-to-OSU	target_only	0.5313131313131313	0.53	0.5141414141414142	0.6727272727272727	0.3555555555555555	0.318290953912142
random_20260926	site	weighted_standard	1	OSU-to-CIN	joint	0.4595238095238095	0.4526315789473684	0.4714285714285714	0.5428571428571429	0.4	0.2712700766044384
random_20260926	site	weighted_standard	1	OSU-to-CIN	source_only	0.4357142857142858	0.41052631578947363	0.44404761904761897	0.5714285714285714	0.31666666666666665	0.2759620432568125
random_20260926	site	weighted_standard	1	OSU-to-CIN	target_only	0.4619047619047619	0.43157894736842106	0.46071428571428574	0.5714285714285714	0.35	0.3760048882374521
random_20260926	site	weighted_standard	3	CIN-to-OSU	joint	0.6181818181818182	0.62	0.6242424242424243	0.5818181818181818	0.6666666666666667	0.24437723352185375
random_20260926	site	weighted_standard	3	CIN-to-OSU	source_only	0.5333333333333333	0.5	0.5010101010101009	0.4909090909090909	0.5111111111111111	0.2573115373009351
random_20260926	site	weighted_standard	3	CIN-to-OSU	target_only	0.6606060606060605	0.5900000000000001	0.5828282828282829	0.6545454545454545	0.5111111111111111	0.2431472173924582
random_20260926	site	weighted_standard	3	OSU-to-CIN	joint	0.469047619047619	0.47368421052631576	0.4821428571428571	0.5142857142857142	0.45	0.27074058866017314
random_20260926	site	weighted_standard	3	OSU-to-CIN	source_only	0.4357142857142858	0.41052631578947363	0.44404761904761897	0.5714285714285714	0.31666666666666665	0.2759620432568125
random_20260926	site	weighted_standard	3	OSU-to-CIN	target_only	0.4714285714285714	0.47368421052631576	0.4821428571428571	0.5142857142857142	0.45	0.2548787748433017
random_20260926	site	weighted_standard	5	CIN-to-OSU	joint	0.6727272727272726	0.5900000000000001	0.5929292929292929	0.5636363636363637	0.6222222222222222	0.23774714742040323
random_20260926	site	weighted_standard	5	CIN-to-OSU	source_only	0.5333333333333333	0.5	0.5010101010101009	0.4909090909090909	0.5111111111111111	0.2573115373009351
random_20260926	site	weighted_standard	5	CIN-to-OSU	target_only	0.6707070707070708	0.61	0.598989898989899	0.7090909090909091	0.4888888888888888	0.2376754602579115
random_20260926	site	weighted_standard	5	OSU-to-CIN	joint	0.4928571428571429	0.5368421052631579	0.5440476190476191	0.5714285714285714	0.5166666666666667	0.2634153766872845
random_20260926	site	weighted_standard	5	OSU-to-CIN	source_only	0.4357142857142858	0.41052631578947363	0.44404761904761897	0.5714285714285714	0.31666666666666665	0.2759620432568125
random_20260926	site	weighted_standard	5	OSU-to-CIN	target_only	0.5071428571428571	0.4947368421052631	0.4988095238095238	0.5142857142857142	0.4833333333333334	0.2542447531682385
random_20260927	development	standard	-1			0.5489060489060489	0.5063291139240507	0.5019305019305019	0.43243243243243246	0.5714285714285714	0.2854656018331997
random_20260927	fewshot	isotropic	1			0.5003861003861004	0.46835443037974683	0.4694337194337194	0.4864864864864865	0.4523809523809524	0.2537519515456015
random_20260927	fewshot	isotropic	5			0.4890604890604891	0.5012658227848101	0.501994851994852	0.5135135135135135	0.4904761904761905	0.25629543336220795
random_20260927	fewshot	isotropic	10			0.4756756756756757	0.45822784810126577	0.4566924066924066	0.43243243243243246	0.4809523809523809	0.25895818903083556
random_20260927	fewshot	standard	1			0.45225225225225224	0.4962025316455696	0.48693693693693696	0.34054054054054056	0.6333333333333333	0.3407160421144134
random_20260927	fewshot	standard	5			0.5003861003861004	0.5139240506329114	0.5138996138996139	0.5135135135135135	0.5142857142857142	0.25251499454264825
random_20260927	fewshot	standard	10			0.5066924066924068	0.4962025316455696	0.49530244530244527	0.48108108108108116	0.5095238095238095	0.25161375399190655
random_20260927	site	weighted_standard	0	CIN-to-OSU	source_only	0.6484848484848484	0.51	0.5484848484848485	0.16363636363636364	0.9333333333333332	0.2494279247754773
random_20260927	site	weighted_standard	0	OSU-to-CIN	source_only	0.5666666666666667	0.6526315789473685	0.6535714285714287	0.6571428571428571	0.65	0.247960423186291
random_20260927	site	weighted_standard	1	CIN-to-OSU	joint	0.5494949494949495	0.52	0.5252525252525253	0.47272727272727266	0.5777777777777777	0.25064663985531016
random_20260927	site	weighted_standard	1	CIN-to-OSU	source_only	0.6484848484848484	0.51	0.5484848484848485	0.16363636363636364	0.9333333333333332	0.2494279247754773
random_20260927	site	weighted_standard	1	CIN-to-OSU	target_only	0.4121212121212121	0.47000000000000003	0.47575757575757577	0.41818181818181815	0.5333333333333333	0.34348447324683196
random_20260927	site	weighted_standard	1	OSU-to-CIN	joint	0.6119047619047618	0.5894736842105263	0.5976190476190476	0.6285714285714286	0.5666666666666667	0.24463301568352197
random_20260927	site	weighted_standard	1	OSU-to-CIN	source_only	0.5666666666666667	0.6526315789473685	0.6535714285714287	0.6571428571428571	0.65	0.247960423186291
random_20260927	site	weighted_standard	1	OSU-to-CIN	target_only	0.5166666666666666	0.5052631578947369	0.519047619047619	0.5714285714285714	0.4666666666666667	0.3110607607177638
random_20260927	site	weighted_standard	3	CIN-to-OSU	joint	0.5696969696969697	0.5900000000000001	0.5969696969696969	0.5272727272727272	0.6666666666666666	0.24881426368093998
random_20260927	site	weighted_standard	3	CIN-to-OSU	source_only	0.6484848484848484	0.51	0.5484848484848485	0.16363636363636364	0.9333333333333332	0.2494279247754773
random_20260927	site	weighted_standard	3	CIN-to-OSU	target_only	0.4909090909090909	0.49000000000000005	0.47777777777777775	0.6	0.3555555555555555	0.25308489747701796
random_20260927	site	weighted_standard	3	OSU-to-CIN	joint	0.6214285714285714	0.5578947368421053	0.5785714285714285	0.6571428571428571	0.5	0.24635185786163918
random_20260927	site	weighted_standard	3	OSU-to-CIN	source_only	0.5666666666666667	0.6526315789473685	0.6535714285714287	0.6571428571428571	0.65	0.247960423186291
random_20260927	site	weighted_standard	3	OSU-to-CIN	target_only	0.6023809523809524	0.5578947368421052	0.5547619047619048	0.5428571428571428	0.5666666666666667	0.24588793566984898
random_20260927	site	weighted_standard	5	CIN-to-OSU	joint	0.5636363636363637	0.5599999999999999	0.5636363636363636	0.5272727272727272	0.6	0.24926902317293118
random_20260927	site	weighted_standard	5	CIN-to-OSU	source_only	0.6484848484848484	0.51	0.5484848484848485	0.16363636363636364	0.9333333333333332	0.2494279247754773
random_20260927	site	weighted_standard	5	CIN-to-OSU	target_only	0.505050505050505	0.47000000000000003	0.46565656565656566	0.509090909090909	0.4222222222222222	0.253402628665666
random_20260927	site	weighted_standard	5	OSU-to-CIN	joint	0.5738095238095238	0.5684210526315789	0.569047619047619	0.5714285714285714	0.5666666666666667	0.24682136946079458
random_20260927	site	weighted_standard	5	OSU-to-CIN	source_only	0.5666666666666667	0.6526315789473685	0.6535714285714287	0.6571428571428571	0.65	0.247960423186291
random_20260927	site	weighted_standard	5	OSU-to-CIN	target_only	0.5404761904761906	0.5052631578947369	0.513095238095238	0.5428571428571429	0.4833333333333333	0.24926500775220703
