method	k	roc_auc	accuracy	balanced_accuracy	sensitivity	specificity	brier	extreme_fraction
aal90_tangent	1	0.5056628056628056	0.5139240506329114	0.5106821106821107	0.4594594594594595	0.5619047619047619	0.42983794914374424	0.42531645569620247
aal90_tangent	5	0.6124839124839125	0.579746835443038	0.5828828828828828	0.6324324324324324	0.5333333333333333	0.24233149982411778	0.0
aal90_tangent	10	0.661904761904762	0.610126582278481	0.6117760617760618	0.6378378378378379	0.5857142857142857	0.2335061307083301	0.0
fc419	1	0.5171171171171172	0.521518987341772	0.5226512226512227	0.5405405405405406	0.5047619047619047	0.4585998229616107	0.6531645569620252
fc419	5	0.6014157014157014	0.5620253164556962	0.563963963963964	0.5945945945945945	0.5333333333333333	0.27301741850822847	0.0
fc419	10	0.6424710424710425	0.6177215189873417	0.6185971685971686	0.6324324324324324	0.6047619047619047	0.2627699735843792	0.0
isotropic_aal90_tangent	1	0.54002574002574	0.5746835443037975	0.5652509652509653	0.41621621621621624	0.7142857142857142	0.24958650583049993	0.0
isotropic_aal90_tangent	5	0.618018018018018	0.569620253164557	0.5743243243243243	0.6486486486486487	0.5	0.2423785627671204	0.0
isotropic_aal90_tangent	10	0.6693693693693694	0.620253164556962	0.6225868725868726	0.6594594594594595	0.5857142857142857	0.2311313226345984	0.0
isotropic_fc419	1	0.5218790218790219	0.521518987341772	0.5139639639639639	0.3945945945945946	0.6333333333333333	0.30049646709495687	0.0
isotropic_fc419	5	0.6021879021879022	0.5670886075949367	0.569047619047619	0.6	0.5380952380952381	0.2729548033509273	0.0
isotropic_fc419	10	0.6438867438867439	0.6177215189873417	0.6182754182754183	0.6270270270270271	0.6095238095238095	0.2620881897476298	0.0
isotropic_meta458	1	0.5252252252252252	0.5164556962025316	0.5220720720720721	0.6108108108108109	0.4333333333333333	0.31628354588329943	0.0
isotropic_meta458	5	0.5794079794079794	0.5367088607594936	0.5417631917631918	0.6216216216216216	0.4619047619047619	0.26695944922426873	0.0
isotropic_meta458	10	0.6084942084942085	0.5670886075949367	0.5696911196911196	0.6108108108108109	0.5285714285714286	0.26401435268814843	0.0
isotropic_pretrained_dnn67	1	0.5754182754182755	0.549367088607595	0.5494851994851995	0.5513513513513514	0.5476190476190477	0.2516756436666144	0.0
isotropic_pretrained_dnn67	5	0.5794079794079794	0.559493670886076	0.5612612612612613	0.5891891891891892	0.5333333333333333	0.24823471389606172	0.0
isotropic_pretrained_dnn67	10	0.6056628056628057	0.579746835443038	0.5796653796653797	0.5783783783783785	0.5809523809523809	0.24744735892051417	0.0
isotropic_random_dnn67	1	0.4763191763191763	0.47594936708860763	0.47593307593307593	0.4756756756756757	0.4761904761904763	0.25409185615169666	0.0
isotropic_random_dnn67	5	0.4703989703989704	0.5063291139240507	0.5022522522522522	0.4378378378378379	0.5666666666666667	0.25513469946308065	0.0
isotropic_random_dnn67	10	0.47335907335907346	0.49367088607594933	0.4916344916344916	0.4594594594594595	0.5238095238095238	0.25651252476204023	0.0
meta458	1	0.4943371943371943	0.47848101265822784	0.4712355212355212	0.3567567567567568	0.5857142857142857	0.41986288284954404	0.28860759493670884
meta458	5	0.5809523809523809	0.5620253164556962	0.5684684684684684	0.6702702702702703	0.4666666666666667	0.26559014651158536	0.0
meta458	10	0.6046332046332047	0.5898734177215189	0.5933719433719433	0.6486486486486487	0.5380952380952382	0.26342208604451006	0.0
pretrained_dnn67	1	0.5727155727155727	0.5569620253164558	0.5521235521235521	0.4756756756756757	0.6285714285714286	0.28329409411924206	0.04810126582278481
pretrained_dnn67	5	0.5813384813384813	0.5392405063291139	0.5441441441441441	0.6216216216216217	0.4666666666666666	0.24831441029081985	0.0
pretrained_dnn67	10	0.6042471042471043	0.569620253164557	0.5707850707850708	0.5891891891891892	0.5523809523809524	0.24519164689619988	0.0
random_dnn67	1	0.4428571428571429	0.46582278481012657	0.46994851994852	0.5351351351351352	0.40476190476190477	0.37515460698310377	0.05822784810126582
random_dnn67	5	0.4628056628056628	0.4886075949367089	0.48687258687258694	0.4594594594594595	0.5142857142857142	0.25626363851033707	0.0
random_dnn67	10	0.4806949806949807	0.49873417721518987	0.4957528957528957	0.4486486486486487	0.5428571428571429	0.2562451000811158	0.0
