direction	k	mode	method	roc_auc	accuracy	balanced_accuracy	sensitivity	specificity	brier
CIN-to-OSU	0	source_only	aal90_plus_meta458	0.5555555555555556	0.56	0.5515151515151515	0.6363636363636364	0.4666666666666666	0.25424580029705474
CIN-to-OSU	0	source_only	aal90_plus_pretrained_dnn67	0.5757575757575758	0.51	0.5060606060606061	0.5454545454545454	0.4666666666666666	0.24724074648576472
CIN-to-OSU	0	source_only	aal90_tangent	0.5878787878787879	0.45999999999999996	0.49696969696969695	0.12727272727272726	0.8666666666666666	0.2548515269436308
CIN-to-OSU	0	source_only	fc419	0.5838383838383839	0.5700000000000001	0.5909090909090909	0.38181818181818183	0.8	0.31158439798405274
CIN-to-OSU	0	source_only	meta458	0.5393939393939393	0.6	0.5878787878787879	0.7090909090909091	0.4666666666666666	0.3100585699673917
CIN-to-OSU	0	source_only	pretrained_dnn67	0.5696969696969697	0.52	0.501010101010101	0.6909090909090909	0.31111111111111106	0.273351872617761
CIN-to-OSU	0	source_only	random_dnn67	0.4161616161616162	0.37	0.403030303030303	0.07272727272727272	0.7333333333333333	0.26723885779927736
CIN-to-OSU	1	joint	aal90_plus_meta458	0.593939393939394	0.58	0.5717171717171717	0.6545454545454545	0.48888888888888893	0.2460518851959038
CIN-to-OSU	1	joint	aal90_plus_pretrained_dnn67	0.5555555555555556	0.45	0.45151515151515154	0.43636363636363634	0.4666666666666667	0.25575344485016477
CIN-to-OSU	1	joint	aal90_tangent	0.6404040404040404	0.5599999999999999	0.5777777777777777	0.4	0.7555555555555555	0.23486733528854695
CIN-to-OSU	1	joint	fc419	0.6343434343434343	0.5900000000000001	0.6070707070707071	0.43636363636363634	0.7777777777777778	0.2844223307099148
CIN-to-OSU	1	joint	meta458	0.5535353535353535	0.6	0.5878787878787879	0.7090909090909091	0.4666666666666666	0.2981695850094125
CIN-to-OSU	1	joint	pretrained_dnn67	0.4787878787878788	0.47000000000000003	0.4636363636363637	0.5272727272727272	0.4	0.30152614729897464
CIN-to-OSU	1	joint	random_dnn67	0.5212121212121212	0.5	0.503030303030303	0.4727272727272728	0.5333333333333333	0.2613863582718341
CIN-to-OSU	1	source_only	aal90_plus_meta458	0.5555555555555556	0.56	0.5515151515151515	0.6363636363636364	0.4666666666666666	0.25424580029705474
CIN-to-OSU	1	source_only	aal90_plus_pretrained_dnn67	0.5757575757575758	0.51	0.5060606060606061	0.5454545454545454	0.4666666666666666	0.24724074648576472
CIN-to-OSU	1	source_only	aal90_tangent	0.5878787878787879	0.45999999999999996	0.49696969696969695	0.12727272727272726	0.8666666666666666	0.2548515269436308
CIN-to-OSU	1	source_only	fc419	0.5838383838383839	0.5700000000000001	0.5909090909090909	0.38181818181818183	0.8	0.31158439798405274
CIN-to-OSU	1	source_only	meta458	0.5393939393939393	0.6	0.5878787878787879	0.7090909090909091	0.4666666666666666	0.3100585699673917
CIN-to-OSU	1	source_only	pretrained_dnn67	0.5696969696969697	0.52	0.501010101010101	0.6909090909090909	0.31111111111111106	0.273351872617761
CIN-to-OSU	1	source_only	random_dnn67	0.4161616161616162	0.37	0.403030303030303	0.07272727272727272	0.7333333333333333	0.26723885779927736
CIN-to-OSU	1	target_only	aal90_plus_meta458	0.4626262626262626	0.49000000000000005	0.4898989898989899	0.4909090909090909	0.4888888888888888	0.3567920843199362
CIN-to-OSU	1	target_only	aal90_plus_pretrained_dnn67	0.4141414141414142	0.45	0.4595959595959596	0.36363636363636365	0.5555555555555556	0.3285177670299898
CIN-to-OSU	1	target_only	aal90_tangent	0.4898989898989899	0.45999999999999996	0.4686868686868687	0.38181818181818183	0.5555555555555556	0.494491835927239
CIN-to-OSU	1	target_only	fc419	0.608080808080808	0.4600000000000001	0.4707070707070707	0.36363636363636365	0.5777777777777777	0.47880381025063434
CIN-to-OSU	1	target_only	meta458	0.49696969696969695	0.45999999999999996	0.45858585858585854	0.4727272727272728	0.4444444444444445	0.3974198741843127
CIN-to-OSU	1	target_only	pretrained_dnn67	0.44848484848484843	0.4600000000000001	0.4545454545454545	0.509090909090909	0.4	0.30239395386992346
CIN-to-OSU	1	target_only	random_dnn67	0.5151515151515151	0.52	0.503030303030303	0.6727272727272727	0.3333333333333333	0.3026766727219347
CIN-to-OSU	3	joint	aal90_plus_meta458	0.6262626262626263	0.61	0.6050505050505051	0.6545454545454545	0.5555555555555556	0.23401374127535912
CIN-to-OSU	3	joint	aal90_plus_pretrained_dnn67	0.6606060606060605	0.6300000000000001	0.6212121212121213	0.7090909090909091	0.5333333333333333	0.23013394352830688
CIN-to-OSU	3	joint	aal90_tangent	0.6747474747474748	0.61	0.6212121212121212	0.509090909090909	0.7333333333333333	0.2284111503335998
CIN-to-OSU	3	joint	fc419	0.6181818181818182	0.6	0.6080808080808081	0.5272727272727272	0.6888888888888889	0.2782854948456842
CIN-to-OSU	3	joint	meta458	0.5636363636363637	0.62	0.6121212121212121	0.6909090909090909	0.5333333333333333	0.26642053315948017
CIN-to-OSU	3	joint	pretrained_dnn67	0.5898989898989899	0.5700000000000001	0.5545454545454546	0.7090909090909091	0.4	0.24627208750698584
CIN-to-OSU	3	joint	random_dnn67	0.5272727272727272	0.54	0.5353535353535352	0.5818181818181818	0.48888888888888893	0.25841364571845166
CIN-to-OSU	3	source_only	aal90_plus_meta458	0.5555555555555556	0.56	0.5515151515151515	0.6363636363636364	0.4666666666666666	0.25424580029705474
CIN-to-OSU	3	source_only	aal90_plus_pretrained_dnn67	0.5757575757575758	0.51	0.5060606060606061	0.5454545454545454	0.4666666666666666	0.24724074648576472
CIN-to-OSU	3	source_only	aal90_tangent	0.5878787878787879	0.45999999999999996	0.49696969696969695	0.12727272727272726	0.8666666666666666	0.2548515269436308
CIN-to-OSU	3	source_only	fc419	0.5838383838383839	0.5700000000000001	0.5909090909090909	0.38181818181818183	0.8	0.31158439798405274
CIN-to-OSU	3	source_only	meta458	0.5393939393939393	0.6	0.5878787878787879	0.7090909090909091	0.4666666666666666	0.3100585699673917
CIN-to-OSU	3	source_only	pretrained_dnn67	0.5696969696969697	0.52	0.501010101010101	0.6909090909090909	0.31111111111111106	0.273351872617761
CIN-to-OSU	3	source_only	random_dnn67	0.4161616161616162	0.37	0.403030303030303	0.07272727272727272	0.7333333333333333	0.26723885779927736
CIN-to-OSU	3	target_only	aal90_plus_meta458	0.5898989898989899	0.54	0.5353535353535354	0.5818181818181818	0.4888888888888888	0.2471791251917102
CIN-to-OSU	3	target_only	aal90_plus_pretrained_dnn67	0.6	0.53	0.5303030303030303	0.5272727272727272	0.5333333333333333	0.24736073883856619
CIN-to-OSU	3	target_only	aal90_tangent	0.6323232323232324	0.5700000000000001	0.5767676767676767	0.509090909090909	0.6444444444444445	0.24034453042940168
CIN-to-OSU	3	target_only	fc419	0.5636363636363637	0.55	0.5545454545454545	0.509090909090909	0.6	0.2794798740337471
CIN-to-OSU	3	target_only	meta458	0.5494949494949495	0.53	0.5202020202020202	0.6181818181818182	0.4222222222222222	0.27003164959734854
CIN-to-OSU	3	target_only	pretrained_dnn67	0.5373737373737374	0.51	0.5040404040404041	0.5636363636363637	0.4444444444444445	0.2612401755885597
CIN-to-OSU	3	target_only	random_dnn67	0.503030303030303	0.53	0.508080808080808	0.7272727272727273	0.28888888888888886	0.25122636104359647
CIN-to-OSU	5	joint	aal90_plus_meta458	0.6585858585858586	0.62	0.6161616161616161	0.6545454545454545	0.5777777777777777	0.22450738946906706
CIN-to-OSU	5	joint	aal90_plus_pretrained_dnn67	0.705050505050505	0.61	0.598989898989899	0.7090909090909091	0.4888888888888888	0.22377147617458232
CIN-to-OSU	5	joint	aal90_tangent	0.7454545454545455	0.65	0.6616161616161615	0.5454545454545455	0.7777777777777778	0.21939641850074798
CIN-to-OSU	5	joint	fc419	0.6404040404040404	0.64	0.6424242424242423	0.6181818181818182	0.6666666666666666	0.2569858114713156
CIN-to-OSU	5	joint	meta458	0.6121212121212121	0.62	0.6101010101010101	0.7090909090909091	0.5111111111111111	0.25125258101026704
CIN-to-OSU	5	joint	pretrained_dnn67	0.5878787878787879	0.61	0.5888888888888889	0.8	0.37777777777777777	0.24031064279974768
CIN-to-OSU	5	joint	random_dnn67	0.5070707070707071	0.5	0.5070707070707071	0.43636363636363634	0.5777777777777777	0.26272085021304664
CIN-to-OSU	5	source_only	aal90_plus_meta458	0.5555555555555556	0.56	0.5515151515151515	0.6363636363636364	0.4666666666666666	0.25424580029705474
CIN-to-OSU	5	source_only	aal90_plus_pretrained_dnn67	0.5757575757575758	0.51	0.5060606060606061	0.5454545454545454	0.4666666666666666	0.24724074648576472
CIN-to-OSU	5	source_only	aal90_tangent	0.5878787878787879	0.45999999999999996	0.49696969696969695	0.12727272727272726	0.8666666666666666	0.2548515269436308
CIN-to-OSU	5	source_only	fc419	0.5838383838383839	0.5700000000000001	0.5909090909090909	0.38181818181818183	0.8	0.31158439798405274
CIN-to-OSU	5	source_only	meta458	0.5393939393939393	0.6	0.5878787878787879	0.7090909090909091	0.4666666666666666	0.3100585699673917
CIN-to-OSU	5	source_only	pretrained_dnn67	0.5696969696969697	0.52	0.501010101010101	0.6909090909090909	0.31111111111111106	0.273351872617761
CIN-to-OSU	5	source_only	random_dnn67	0.4161616161616162	0.37	0.403030303030303	0.07272727272727272	0.7333333333333333	0.26723885779927736
CIN-to-OSU	5	target_only	aal90_plus_meta458	0.5838383838383838	0.5700000000000001	0.5626262626262626	0.6363636363636364	0.4888888888888888	0.2413043060674065
CIN-to-OSU	5	target_only	aal90_plus_pretrained_dnn67	0.6646464646464646	0.5900000000000001	0.5808080808080808	0.6727272727272727	0.48888888888888893	0.23749329448336912
CIN-to-OSU	5	target_only	aal90_tangent	0.6646464646464646	0.65	0.6515151515151515	0.6363636363636364	0.6666666666666666	0.2341268479785214
CIN-to-OSU	5	target_only	fc419	0.6060606060606061	0.5700000000000001	0.5666666666666667	0.6	0.5333333333333333	0.2696665137317612
CIN-to-OSU	5	target_only	meta458	0.5595959595959596	0.54	0.5232323232323232	0.6909090909090909	0.3555555555555555	0.2638730895545268
CIN-to-OSU	5	target_only	pretrained_dnn67	0.5656565656565656	0.51	0.49595959595959593	0.6363636363636364	0.3555555555555555	0.24663445961168984
CIN-to-OSU	5	target_only	random_dnn67	0.4727272727272728	0.48	0.47474747474747475	0.5272727272727272	0.4222222222222222	0.25530699036077786
OSU-to-CIN	0	source_only	aal90_plus_meta458	0.5357142857142857	0.5789473684210527	0.5357142857142857	0.3714285714285714	0.7	0.24603565977158967
OSU-to-CIN	0	source_only	aal90_plus_pretrained_dnn67	0.5452380952380953	0.6	0.5702380952380952	0.45714285714285713	0.6833333333333333	0.23711795859781973
OSU-to-CIN	0	source_only	aal90_tangent	0.5785714285714285	0.5789473684210527	0.5357142857142857	0.3714285714285714	0.7	0.24580433915170521
OSU-to-CIN	0	source_only	fc419	0.4833333333333333	0.5894736842105264	0.5023809523809524	0.17142857142857143	0.8333333333333334	0.31119835568539084
OSU-to-CIN	0	source_only	meta458	0.5190476190476191	0.5263157894736843	0.47023809523809523	0.2571428571428571	0.6833333333333333	0.26027174990126545
OSU-to-CIN	0	source_only	pretrained_dnn67	0.5452380952380953	0.5894736842105263	0.5380952380952381	0.34285714285714286	0.7333333333333333	0.2383465651524031
OSU-to-CIN	0	source_only	random_dnn67	0.37857142857142856	0.44210526315789467	0.42142857142857143	0.34285714285714286	0.5	0.2602909201706808
OSU-to-CIN	1	joint	aal90_plus_meta458	0.5095238095238095	0.5263157894736842	0.5059523809523809	0.42857142857142855	0.5833333333333334	0.257983909199764
OSU-to-CIN	1	joint	aal90_plus_pretrained_dnn67	0.6119047619047618	0.5894736842105263	0.5678571428571428	0.48571428571428565	0.65	0.23262352227345806
OSU-to-CIN	1	joint	aal90_tangent	0.5714285714285714	0.5368421052631579	0.5083333333333333	0.4	0.6166666666666666	0.24823722306900828
OSU-to-CIN	1	joint	fc419	0.4714285714285714	0.5894736842105264	0.5261904761904762	0.2857142857142857	0.7666666666666666	0.3158977297899309
OSU-to-CIN	1	joint	meta458	0.46904761904761905	0.4947368421052632	0.4511904761904762	0.2857142857142857	0.6166666666666667	0.2906841282424019
OSU-to-CIN	1	joint	pretrained_dnn67	0.6380952380952382	0.6105263157894736	0.5845238095238094	0.48571428571428565	0.6833333333333333	0.2350751835050398
OSU-to-CIN	1	joint	random_dnn67	0.38095238095238093	0.47368421052631576	0.4523809523809524	0.3714285714285714	0.5333333333333334	0.2737438696247722
OSU-to-CIN	1	source_only	aal90_plus_meta458	0.5357142857142857	0.5789473684210527	0.5357142857142857	0.3714285714285714	0.7	0.24603565977158967
OSU-to-CIN	1	source_only	aal90_plus_pretrained_dnn67	0.5452380952380953	0.6	0.5702380952380952	0.45714285714285713	0.6833333333333333	0.23711795859781973
OSU-to-CIN	1	source_only	aal90_tangent	0.5785714285714285	0.5789473684210527	0.5357142857142857	0.3714285714285714	0.7	0.24580433915170521
OSU-to-CIN	1	source_only	fc419	0.4833333333333333	0.5894736842105264	0.5023809523809524	0.17142857142857143	0.8333333333333334	0.31119835568539084
OSU-to-CIN	1	source_only	meta458	0.5190476190476191	0.5263157894736843	0.47023809523809523	0.2571428571428571	0.6833333333333333	0.26027174990126545
OSU-to-CIN	1	source_only	pretrained_dnn67	0.5452380952380953	0.5894736842105263	0.5380952380952381	0.34285714285714286	0.7333333333333333	0.2383465651524031
OSU-to-CIN	1	source_only	random_dnn67	0.37857142857142856	0.44210526315789467	0.42142857142857143	0.34285714285714286	0.5	0.2602909201706808
OSU-to-CIN	1	target_only	aal90_plus_meta458	0.46428571428571425	0.4842105263157895	0.45476190476190476	0.34285714285714286	0.5666666666666667	0.31584405818864714
OSU-to-CIN	1	target_only	aal90_plus_pretrained_dnn67	0.45476190476190476	0.47368421052631576	0.4345238095238095	0.2857142857142857	0.5833333333333333	0.31574087744283025
OSU-to-CIN	1	target_only	aal90_tangent	0.4166666666666667	0.5052631578947369	0.45952380952380956	0.2857142857142857	0.6333333333333334	0.44440462968237454
OSU-to-CIN	1	target_only	fc419	0.6369047619047619	0.6210526315789473	0.5988095238095238	0.5142857142857142	0.6833333333333333	0.3498082066703077
OSU-to-CIN	1	target_only	meta458	0.5595238095238095	0.5473684210526316	0.5702380952380952	0.6571428571428571	0.4833333333333334	0.35880723611064813
OSU-to-CIN	1	target_only	pretrained_dnn67	0.5809523809523809	0.5263157894736843	0.5297619047619048	0.5428571428571428	0.5166666666666667	0.351273986362738
OSU-to-CIN	1	target_only	random_dnn67	0.4214285714285714	0.4842105263157895	0.45476190476190476	0.34285714285714286	0.5666666666666667	0.3084214988774727
OSU-to-CIN	3	joint	aal90_plus_meta458	0.5071428571428571	0.5789473684210527	0.5595238095238095	0.48571428571428565	0.6333333333333334	0.2563128374453738
OSU-to-CIN	3	joint	aal90_plus_pretrained_dnn67	0.6285714285714286	0.6421052631578947	0.6095238095238095	0.48571428571428565	0.7333333333333333	0.231194487083681
OSU-to-CIN	3	joint	aal90_tangent	0.5595238095238095	0.5894736842105263	0.5619047619047619	0.45714285714285713	0.6666666666666667	0.24633308962925432
OSU-to-CIN	3	joint	fc419	0.45714285714285713	0.5578947368421053	0.5071428571428571	0.3142857142857142	0.7	0.3066578010166027
OSU-to-CIN	3	joint	meta458	0.523809523809524	0.5157894736842105	0.5035714285714286	0.45714285714285713	0.55	0.2870339884454453
OSU-to-CIN	3	joint	pretrained_dnn67	0.65	0.6526315789473685	0.6178571428571429	0.48571428571428565	0.75	0.22811159356383967
OSU-to-CIN	3	joint	random_dnn67	0.45476190476190476	0.47368421052631576	0.47619047619047616	0.48571428571428565	0.4666666666666666	0.2625961788750447
OSU-to-CIN	3	source_only	aal90_plus_meta458	0.5357142857142857	0.5789473684210527	0.5357142857142857	0.3714285714285714	0.7	0.24603565977158967
OSU-to-CIN	3	source_only	aal90_plus_pretrained_dnn67	0.5452380952380953	0.6	0.5702380952380952	0.45714285714285713	0.6833333333333333	0.23711795859781973
OSU-to-CIN	3	source_only	aal90_tangent	0.5785714285714285	0.5789473684210527	0.5357142857142857	0.3714285714285714	0.7	0.24580433915170521
OSU-to-CIN	3	source_only	fc419	0.4833333333333333	0.5894736842105264	0.5023809523809524	0.17142857142857143	0.8333333333333334	0.31119835568539084
OSU-to-CIN	3	source_only	meta458	0.5190476190476191	0.5263157894736843	0.47023809523809523	0.2571428571428571	0.6833333333333333	0.26027174990126545
OSU-to-CIN	3	source_only	pretrained_dnn67	0.5452380952380953	0.5894736842105263	0.5380952380952381	0.34285714285714286	0.7333333333333333	0.2383465651524031
OSU-to-CIN	3	source_only	random_dnn67	0.37857142857142856	0.44210526315789467	0.42142857142857143	0.34285714285714286	0.5	0.2602909201706808
OSU-to-CIN	3	target_only	aal90_plus_meta458	0.6857142857142857	0.6105263157894736	0.6559523809523811	0.8285714285714285	0.4833333333333333	0.24038842075751682
OSU-to-CIN	3	target_only	aal90_plus_pretrained_dnn67	0.6761904761904762	0.6210526315789473	0.6226190476190476	0.6285714285714286	0.6166666666666667	0.2379587254406949
OSU-to-CIN	3	target_only	aal90_tangent	0.5619047619047619	0.5578947368421052	0.5666666666666667	0.6	0.5333333333333334	0.24956638429146882
OSU-to-CIN	3	target_only	fc419	0.49523809523809526	0.4947368421052632	0.5047619047619047	0.5428571428571429	0.4666666666666667	0.3000631202260204
OSU-to-CIN	3	target_only	meta458	0.6857142857142857	0.6105263157894736	0.6619047619047619	0.8571428571428571	0.4666666666666667	0.2582468853642255
OSU-to-CIN	3	target_only	pretrained_dnn67	0.7	0.6631578947368422	0.6738095238095239	0.7142857142857142	0.6333333333333333	0.2319737443632089
OSU-to-CIN	3	target_only	random_dnn67	0.5238095238095238	0.5473684210526316	0.5702380952380952	0.6571428571428571	0.4833333333333334	0.25163551331639017
OSU-to-CIN	5	joint	aal90_plus_meta458	0.5476190476190477	0.5578947368421052	0.530952380952381	0.42857142857142855	0.6333333333333334	0.2526912915730662
OSU-to-CIN	5	joint	aal90_plus_pretrained_dnn67	0.6690476190476191	0.6631578947368422	0.6261904761904762	0.48571428571428565	0.7666666666666666	0.22472038125068589
OSU-to-CIN	5	joint	aal90_tangent	0.5714285714285714	0.6210526315789473	0.575	0.39999999999999997	0.75	0.2415587658685534
OSU-to-CIN	5	joint	fc419	0.4904761904761905	0.5368421052631579	0.49642857142857144	0.34285714285714286	0.65	0.31687999767904784
OSU-to-CIN	5	joint	meta458	0.5071428571428571	0.5052631578947369	0.4833333333333333	0.4	0.5666666666666667	0.2831221116696264
OSU-to-CIN	5	joint	pretrained_dnn67	0.7119047619047618	0.6736842105263158	0.6404761904761905	0.5142857142857142	0.7666666666666667	0.21830414666810222
OSU-to-CIN	5	joint	random_dnn67	0.5119047619047619	0.5052631578947369	0.5130952380952382	0.5428571428571429	0.4833333333333334	0.2567877411278152
OSU-to-CIN	5	source_only	aal90_plus_meta458	0.5357142857142857	0.5789473684210527	0.5357142857142857	0.3714285714285714	0.7	0.24603565977158967
OSU-to-CIN	5	source_only	aal90_plus_pretrained_dnn67	0.5452380952380953	0.6	0.5702380952380952	0.45714285714285713	0.6833333333333333	0.23711795859781973
OSU-to-CIN	5	source_only	aal90_tangent	0.5785714285714285	0.5789473684210527	0.5357142857142857	0.3714285714285714	0.7	0.24580433915170521
OSU-to-CIN	5	source_only	fc419	0.4833333333333333	0.5894736842105264	0.5023809523809524	0.17142857142857143	0.8333333333333334	0.31119835568539084
OSU-to-CIN	5	source_only	meta458	0.5190476190476191	0.5263157894736843	0.47023809523809523	0.2571428571428571	0.6833333333333333	0.26027174990126545
OSU-to-CIN	5	source_only	pretrained_dnn67	0.5452380952380953	0.5894736842105263	0.5380952380952381	0.34285714285714286	0.7333333333333333	0.2383465651524031
OSU-to-CIN	5	source_only	random_dnn67	0.37857142857142856	0.44210526315789467	0.42142857142857143	0.34285714285714286	0.5	0.2602909201706808
OSU-to-CIN	5	target_only	aal90_plus_meta458	0.7595238095238095	0.7157894736842105	0.7214285714285714	0.7428571428571429	0.7	0.2175167671000509
OSU-to-CIN	5	target_only	aal90_plus_pretrained_dnn67	0.7547619047619047	0.7052631578947368	0.6892857142857143	0.6285714285714286	0.75	0.22495275519393915
OSU-to-CIN	5	target_only	aal90_tangent	0.5857142857142857	0.5894736842105263	0.6095238095238095	0.6857142857142857	0.5333333333333333	0.2479086310648028
OSU-to-CIN	5	target_only	fc419	0.5071428571428571	0.47368421052631576	0.488095238095238	0.5428571428571429	0.4333333333333333	0.3081800970092171
OSU-to-CIN	5	target_only	meta458	0.7666666666666667	0.7263157894736842	0.7238095238095238	0.7142857142857142	0.7333333333333333	0.21352212305499046
OSU-to-CIN	5	target_only	pretrained_dnn67	0.7976190476190477	0.7157894736842105	0.7095238095238094	0.6857142857142857	0.7333333333333333	0.20999186637773057
OSU-to-CIN	5	target_only	random_dnn67	0.5547619047619048	0.5157894736842106	0.5333333333333333	0.6	0.4666666666666666	0.24952844113549683
