method	k	people	draws	roc_auc	accuracy	balanced_accuracy	sensitivity	specificity	brier	auc_sd
aal90_plus_meta458	1	79	5	0.4953667953667954	0.5012658227848101	0.4923423423423424	0.35135135135135137	0.6333333333333334	0.3276553225423034	0.07673242633202483
aal90_plus_meta458	5	79	5	0.6007722007722008	0.5873417721518988	0.5932432432432433	0.6864864864864866	0.5	0.24492918198770636	0.0634861572148235
aal90_plus_meta458	10	79	5	0.6391248391248391	0.6227848101265823	0.6268983268983269	0.6918918918918919	0.5619047619047619	0.23868940402109703	0.04155788735233393
aal90_plus_pretrained_dnn67	1	79	5	0.5525096525096526	0.5240506329113923	0.5176319176319176	0.41621621621621624	0.6190476190476192	0.2908208541514478	0.0626903069576569
aal90_plus_pretrained_dnn67	5	79	5	0.6281853281853282	0.6075949367088608	0.6129343629343629	0.6972972972972974	0.5285714285714286	0.24183665694184003	0.059120516278550875
aal90_plus_pretrained_dnn67	10	79	5	0.6593307593307592	0.6354430379746836	0.6391248391248391	0.6972972972972973	0.5809523809523809	0.23462816459786895	0.05494606277465754
aal90_tangent	1	79	5	0.5056628056628056	0.5139240506329115	0.5106821106821108	0.4594594594594595	0.5619047619047619	0.42983794914374424	0.04460021210354104
aal90_tangent	5	79	5	0.6124839124839125	0.579746835443038	0.5828828828828828	0.6324324324324324	0.5333333333333334	0.2423314998241178	0.05680583711537076
aal90_tangent	10	79	5	0.661904761904762	0.610126582278481	0.6117760617760618	0.6378378378378378	0.5857142857142856	0.2335061307083301	0.033491720322932676
fc419	1	79	5	0.5171171171171172	0.521518987341772	0.5226512226512227	0.5405405405405406	0.5047619047619047	0.45859982296161067	0.07462852887031753
fc419	5	79	5	0.6014157014157014	0.5620253164556962	0.563963963963964	0.5945945945945945	0.5333333333333334	0.27301741850822847	0.019946444031978774
fc419	10	79	5	0.6424710424710425	0.6177215189873417	0.6185971685971687	0.6324324324324324	0.6047619047619047	0.2627699735843792	0.014168709337990122
meta458	1	79	5	0.4943371943371943	0.47848101265822784	0.4712355212355213	0.3567567567567568	0.5857142857142857	0.41986288284954404	0.09658020734751284
meta458	5	79	5	0.5809523809523809	0.5620253164556962	0.5684684684684684	0.6702702702702703	0.4666666666666666	0.26559014651158536	0.08263585616690629
meta458	10	79	5	0.6046332046332047	0.589873417721519	0.5933719433719433	0.6486486486486487	0.5380952380952382	0.26342208604451006	0.043247839432153885
pretrained_dnn67	1	79	5	0.5727155727155727	0.5569620253164558	0.5521235521235521	0.4756756756756757	0.6285714285714286	0.28329409411924206	0.10533675083524295
pretrained_dnn67	5	79	5	0.5813384813384813	0.5392405063291139	0.5441441441441441	0.6216216216216217	0.4666666666666666	0.2483144102908199	0.0808312118895795
pretrained_dnn67	10	79	5	0.6042471042471043	0.569620253164557	0.5707850707850708	0.5891891891891893	0.5523809523809524	0.24519164689619988	0.05686157537805537
random_dnn67	1	79	5	0.4428571428571429	0.46582278481012657	0.46994851994852	0.5351351351351351	0.40476190476190477	0.3751546069831037	0.037721434692517326
random_dnn67	5	79	5	0.4628056628056628	0.4886075949367088	0.48687258687258694	0.45945945945945954	0.5142857142857142	0.25626363851033707	0.05215412929652539
random_dnn67	10	79	5	0.4806949806949807	0.49873417721518987	0.4957528957528957	0.4486486486486487	0.5428571428571428	0.2562451000811158	0.03856443037702091
