target	fold	representation	mae	mse	auc	ba	brier
age	0	fc450	9.825365094751978	134.8825778779696	NA	NA	NA
age	0	pretrained	13.063208937843731	246.73564974337162	NA	NA	NA
age	0	random20260925	13.091620699242037	238.5546784951221	NA	NA	NA
age	0	random20260926	13.25775036615022	243.68603143194207	NA	NA	NA
age	0	random20260927	13.147446704369669	239.23633526190406	NA	NA	NA
age	0	training_constant	13.276532835356365	241.05310811906463	NA	NA	NA
age	1	fc450	9.225112520277296	124.18489133006629	NA	NA	NA
age	1	pretrained	13.294217166257733	232.64740244355266	NA	NA	NA
age	1	random20260925	14.113779965513634	273.8554555957328	NA	NA	NA
age	1	random20260926	14.2327584604094	275.8099434197192	NA	NA	NA
age	1	random20260927	14.196426662480166	274.55323066933784	NA	NA	NA
age	1	training_constant	13.548101462807345	252.46370924913174	NA	NA	NA
age	2	fc450	10.3268727878525	152.103673930297	NA	NA	NA
age	2	pretrained	14.000354592302699	280.3588104573708	NA	NA	NA
age	2	random20260925	15.619769125875463	328.3195566699445	NA	NA	NA
age	2	random20260926	15.58529165586809	326.5632926292478	NA	NA	NA
age	2	random20260927	16.280296552477985	382.7748268699468	NA	NA	NA
age	2	training_constant	13.79628073451603	256.96253070363946	NA	NA	NA
sex	0	fc450	NA	NA	0.575919450919451	0.5389374514374514	0.2970043476677444
sex	0	pretrained	NA	NA	0.4978567728567729	0.5308469308469309	0.25786319552071124
sex	0	random20260925	NA	NA	0.47991452991452993	0.5719988344988344	0.3089868970572266
sex	0	random20260926	NA	NA	0.4360657860657861	0.5545325045325046	0.2983978794657482
sex	0	random20260927	NA	NA	0.4693149443149443	0.5568473193473192	0.3178044080662221
sex	0	training_constant	NA	NA	0.5	0.5	0.24028356440615464
sex	1	fc450	NA	NA	0.7138888888888889	0.6511904761904762	0.2629218343359349
sex	1	pretrained	NA	NA	0.6453042328042328	0.6037698412698412	0.27829448582303046
sex	1	random20260925	NA	NA	0.5657407407407408	0.4986111111111111	0.2553315224767601
sex	1	random20260926	NA	NA	0.5316137566137566	0.4783730158730159	0.32411351664888516
sex	1	random20260927	NA	NA	0.5710317460317461	0.47361111111111115	0.2855940035197157
sex	1	training_constant	NA	NA	0.5	0.5	0.24209175028035904
sex	2	fc450	NA	NA	0.6464646464646465	0.5939393939393939	0.2553067224489544
sex	2	pretrained	NA	NA	0.6368686868686869	0.6133838383838385	0.27549771111423543
sex	2	random20260925	NA	NA	0.5956228956228956	0.5338383838383838	0.369900265232405
sex	2	random20260926	NA	NA	0.6496212121212122	0.5268939393939394	0.3210933813050099
sex	2	random20260927	NA	NA	0.6175925925925926	0.5338383838383839	0.3555580243991772
sex	2	training_constant	NA	NA	0.5	0.5	0.2554839219638473
