target	representation	mae	mse	auc	ba	brier
age	fc450	9.792450134293924	137.05704771277763	NA	NA	NA
age	pretrained	13.452593565468055	253.24728754809834	NA	NA	NA
age	random20260925	14.275056596877043	280.2432302535998	NA	NA	NA
age	random20260926	14.358600160809239	282.01975582696974	NA	NA	NA
age	random20260927	14.541389973109274	298.85479760039624	NA	NA	NA
age	training_constant	13.540305010893247	250.15978269061193	NA	NA	NA
sex	fc450	NA	NA	0.6454243287576621	0.5946891071891072	0.2717443014842112
sex	pretrained	NA	NA	0.5933432308432308	0.5826668701668702	0.27055179748599234
sex	random20260925	NA	NA	0.5470927220927221	0.5348161098161097	0.31140622825546393
sex	random20260926	NA	NA	0.5391002516002517	0.5199331532664866	0.31453492580654774
sex	random20260927	NA	NA	0.5526464276464277	0.5214322714322714	0.31965214532837166
sex	training_constant	NA	NA	0.5	0.5	0.24595307888345364
