design,left,right,auc_difference,auc_ci95,ba_difference,ba_ci95,sensitivity_difference,sensitivity_ci95,specificity_difference,specificity_ci95
CIN-to-OSU,srpbs50_contrastive,srpbs50_crop_reconstruction,0.012605588044184535,"[-0.08331708901884341, 0.10866471734892776]",0.007732293697205975,"[-0.07927387914230018, 0.10052631578947367]",-0.061728395061728406,"[-0.18271604938271602, 0.06666666666666668]",0.07719298245614035,"[-0.04210526315789473, 0.2070175438596491]"
CIN-to-OSU,srpbs50_contrastive,srpbs50_trained,0.07329434697855751,"[-0.04067576348278103, 0.17753086419753078]",0.0649772579597141,"[-0.03328784925276152, 0.1571848602988954]",0.024691358024691357,"[-0.11851851851851852, 0.15067901234567865]",0.10526315789473684,"[-0.04210526315789472, 0.23859649122807017]"
CIN-to-OSU,srpbs50_contrastive,srpbs50_random,0.10188434048083173,"[-0.05915854450942171, 0.25291423001949304]",0.09428200129954517,"[-0.023333333333333327, 0.20769005847953204]",0.2938271604938272,"[0.13827160493827162, 0.43703703703703706]",-0.10526315789473684,"[-0.27026315789473687, 0.07368421052631577]"
CIN-to-OSU,srpbs50_contrastive,tangent,0.022092267706302775,"[-0.17635152696556208, 0.2184990253411304]",0.01630929174788824,"[-0.11960851202079273, 0.15842430149447687]",-0.20246913580246914,"[-0.35555555555555557, -0.04191358024691392]",0.23508771929824562,"[-0.003508771929824561, 0.45271929824561363]"
CIN-to-OSU,zan54_contrastive,zan54_crop_reconstruction,-0.07199480181936323,"[-0.17571150097465885, 0.039379467186484725]",-0.10578297595841459,"[-0.19181448992852504, -0.019100064977258]",-0.06419753086419755,"[-0.1580246913580247, 0.03209876543209875]",-0.14736842105263162,"[-0.2912280701754386, 0.003508771929824552]"
CIN-to-OSU,zan54_contrastive,zan54_trained,-0.05666016894087069,"[-0.14971085120207928, 0.042511371020142845]",-0.06608187134502924,"[-0.13996101364522417, 0.01650422352176737]",-0.044444444444444446,"[-0.12098765432098765, 0.027160493827160497]",-0.08771929824561404,"[-0.22456140350877193, 0.05614035087719297]"
CIN-to-OSU,zan54_contrastive,zan54_random,-0.04678362573099414,"[-0.20481156595191682, 0.10084795321637424]",-0.058154645873944116,"[-0.17414230019493182, 0.05225795971409999]",0.16790123456790124,"[-0.009938271604938287, 0.32098765432098764]",-0.28421052631578947,"[-0.4385964912280701, -0.12271929824561452]"
CIN-to-OSU,zan54_contrastive,tangent,-0.058999350227420415,"[-0.23808641975308645, 0.12335932423651705]",-0.08726445743989603,"[-0.20814489928525018, 0.03489278752436646]",-0.22716049382716047,"[-0.3778395061728395, -0.0765432098765432]",0.05263157894736842,"[-0.14035087719298248, 0.22807017543859653]"
CIN-to-OSU,joint104_contrastive,joint104_crop_reconstruction,0.051072124756335276,"[-0.08512345679012347, 0.18532163742690053]",0.052046783625730994,"[-0.07044834307992204, 0.17031676413255356]",-0.022222222222222223,"[-0.1358641975308642, 0.1037037037037037]",0.12631578947368421,"[-0.09473684210526315, 0.31929824561403514]"
CIN-to-OSU,joint104_contrastive,joint104_trained,0.10214424951267058,"[-0.046796621182586096, 0.23977582846003892]",0.10922677063027941,"[-0.004554905782975978, 0.22586257309941518]",0.10617283950617284,"[-0.014814814814814824, 0.23703703703703705]",0.11228070175438597,"[-0.08421052631578947, 0.2983333333333329]"
CIN-to-OSU,joint104_contrastive,joint104_random,0.05795971410006498,"[-0.09681936322287199, 0.198843404808317]",0.04756335282651071,"[-0.06914230019493181, 0.16199317738791422]",0.2740740740740741,"[0.13333333333333333, 0.4024691358024692]",-0.17894736842105266,"[-0.3720175438596492, -0.0035087719298245723]"
CIN-to-OSU,joint104_contrastive,tangent,0.014554905782975941,"[-0.16049707602339183, 0.20208901884340477]",0.013970110461338517,"[-0.12404808317089021, 0.15276315789473688]",-0.1580246913580247,"[-0.2740740740740741, -0.037037037037037035]",0.18596491228070172,"[-0.05263157894736842, 0.4245614035087719]"
OSU-to-CIN,srpbs50_contrastive,srpbs50_crop_reconstruction,0.008912655971479503,"[-0.06762032085561498, 0.0809387997623291]",-0.008259061200237665,"[-0.07670825906120024, 0.05484848484848482]",0.0784313725490196,"[-0.03921568627450978, 0.18823529411764706]",-0.09494949494949494,"[-0.16161616161616163, -0.03232323232323232]"
OSU-to-CIN,srpbs50_contrastive,srpbs50_trained,0.01651812240047535,"[-0.061696375519904915, 0.09387997623291741]",-0.012121212121212116,"[-0.08015597147950089, 0.05773915626856781]",0.06666666666666668,"[-0.04313725490196076, 0.1803921568627451]",-0.09090909090909091,"[-0.18181818181818182, -0.004040404040404036]"
OSU-to-CIN,srpbs50_contrastive,srpbs50_random,0.03672014260249556,"[-0.09329174093879973, 0.17267379679144382]",0.02679738562091505,"[-0.08806001188354129, 0.1455154486036839]",0.031372549019607864,"[-0.1607843137254902, 0.23931372549019553]",0.022222222222222233,"[-0.10707070707070705, 0.15555555555555556]"
OSU-to-CIN,srpbs50_contrastive,tangent,-0.011051693404634584,"[-0.14795306001188355, 0.14082590612002371]",0.008556149732620314,"[-0.1003579916815211, 0.11421717171717162]",0.035294117647058816,"[-0.14509803921568626, 0.20392156862745098]",-0.018181818181818188,"[-0.14747474747474745, 0.10914141414141389]"
OSU-to-CIN,zan54_contrastive,zan54_crop_reconstruction,-0.04646464646464647,"[-0.1323856209150327, 0.04624183006535941]",-0.09102792632204396,"[-0.15936423054070112, -0.021685977421271544]",-0.058823529411764705,"[-0.15294117647058827, 0.03921568627450981]",-0.12323232323232322,"[-0.21414141414141413, -0.02828282828282829]"
OSU-to-CIN,zan54_contrastive,zan54_trained,-0.055971479500891264,"[-0.15259655377302436, 0.04159536541889483]",-0.0865121806298277,"[-0.15436720142602495, -0.020317884729649443]",-0.023529411764705892,"[-0.11764705882352941, 0.06666666666666667]",-0.14949494949494951,"[-0.25050505050505045, -0.05454545454545454]"
OSU-to-CIN,zan54_contrastive,zan54_random,-0.02174688057040998,"[-0.14133095662507425, 0.10673796791443839]",0.003386809269162218,"[-0.08829471182412357, 0.10036838978015446]",-0.09019607843137252,"[-0.23137254901960783, 0.0627450980392157]",0.09696969696969696,"[-0.03237373737373736, 0.22020202020202023]"
OSU-to-CIN,zan54_contrastive,tangent,-0.046345811051693414,"[-0.20536541889483068, 0.12917706476530003]",-0.01847890671420084,"[-0.14748366013071892, 0.10345216874628635]",-0.04705882352941178,"[-0.23529411764705888, 0.11372549019607843]",0.010101010101010098,"[-0.15151515151515152, 0.17782828282828259]"
OSU-to-CIN,joint104_contrastive,joint104_crop_reconstruction,0.019726678550207957,"[-0.07084967320261439, 0.12122103386809262]",0.011527035056446816,"[-0.04878342245989306, 0.07350267379679143]",0.039215686274509796,"[-0.05098039215686276, 0.1295098039215681]",-0.016161616161616165,"[-0.09494949494949496, 0.06262626262626261]"
OSU-to-CIN,joint104_contrastive,joint104_trained,0.04741532976827094,"[-0.03672311348781937, 0.13896019013666053]",0.016339869281045742,"[-0.0398871063576946, 0.08354426619132499]",0.05490196078431371,"[-0.03529411764705882, 0.16862745098039217]",-0.02222222222222223,"[-0.09090909090909091, 0.054545454545454536]"
OSU-to-CIN,joint104_contrastive,joint104_random,-0.03351158645276292,"[-0.17257278669043372, 0.12016042780748654]",-0.026500297088532382,"[-0.13452168746286391, 0.09272281639928683]",-0.1843137254901961,"[-0.36078431372549025, -1.9428902930941132e-17]",0.13131313131313133,"[-0.022272727272727267, 0.2828787878787877]"
OSU-to-CIN,joint104_contrastive,tangent,-0.05585264408793822,"[-0.19382650029708853, 0.09769459298871055]",-0.014735591206179455,"[-0.11667112299465242, 0.08592097445038618]",-0.09411764705882354,"[-0.21960784313725493, 0.011764705882352932]",0.06464646464646463,"[-0.08484848484848484, 0.22424242424242422]"
primary99,srpbs50_contrastive,srpbs50_crop_reconstruction,-0.027071369975389663,"[-0.0790046486190867, 0.026305715066994802]",-0.01581897730380093,"[-0.06075984413453649, 0.030128520645337664]",-0.0014492753623188462,"[-0.06956521739130436, 0.07101449275362318]",-0.030188679245283016,"[-0.0930817610062893, 0.027672955974842768]"
primary99,srpbs50_contrastive,srpbs50_trained,0.000519551544982224,"[-0.06117377631938745, 0.06155523653267706]",0.003349740224227505,"[-0.04744018321028166, 0.05600252939567952]",-0.015942028985507253,"[-0.08840579710144929, 0.05652173913043478]",0.022641509433962263,"[-0.046540880503144665, 0.09685534591194968]"
primary99,srpbs50_contrastive,srpbs50_random,0.02611430133989609,"[-0.050598167897183494, 0.10289855072463769]",0.016475252939567968,"[-0.05078103636860814, 0.08410138091331693]",0.03043478260869567,"[-0.07246376811594202, 0.13478260869565217]",0.0025157232704402627,"[-0.09182389937106916, 0.09433962264150944]"
primary99,srpbs50_contrastive,tangent,-0.15127153404429863,"[-0.2328171998906207, -0.07063576702214945]",-0.10071096527208095,"[-0.17886450642603227, -0.022412496581897794]",-0.08695652173913046,"[-0.18699275362318843, 0.015942028985507246]",-0.11446540880503145,"[-0.22518867924528302, -0.0024842767295599442]"
primary99,zan54_contrastive,zan54_crop_reconstruction,0.0026251025430680873,"[-0.04909010117582719, 0.05871889526934641]",-0.007410445720535955,"[-0.060763945857260054, 0.04449822258681975]",-0.05507246376811594,"[-0.1290217391304348, 0.017391304347826084]",0.04025157232704403,"[-0.03018867924528302, 0.11198113207547153]"
primary99,zan54_contrastive,zan54_trained,-0.009051134809953513,"[-0.06204744325950234, 0.04832171178561661]",-0.022436423297785068,"[-0.07238822805578343, 0.029466434235712317]",-0.08260869565217391,"[-0.1536231884057971, -0.017355072463768315]",0.03773584905660377,"[-0.03018867924528302, 0.11323899371069167]"
primary99,zan54_contrastive,zan54_random,0.028001093792726285,"[-0.0424398414000547, 0.09992001640689088]",0.017418649165983048,"[-0.03939021055509981, 0.0757489062072737]",-0.0028985507246376855,"[-0.08844202898550725, 0.08260869565217391]",0.03773584905660378,"[-0.04154088050314466, 0.12075471698113208]"
primary99,zan54_contrastive,tangent,-0.13158326497128794,"[-0.21137681159420288, -0.05061525840853159]",-0.08743505605687724,"[-0.1586474569319114, -0.017650396499863292]",-0.11449275362318842,"[-0.21449275362318843, -0.017391304347826098]",-0.06037735849056604,"[-0.15974842767295597, 0.03773584905660377]"
primary99,joint104_contrastive,joint104_crop_reconstruction,-0.011676237353021604,"[-0.05850150396499862, 0.03426989335520915]",-0.01482089144107191,"[-0.051923366147115124, 0.024884809953513814]",-0.04347826086956521,"[-0.0855072463768116, 0.0043478260869565235]",0.013836477987421388,"[-0.0490566037735849, 0.07676100628930801]"
primary99,joint104_contrastive,joint104_trained,0.01607875307629204,"[-0.03008887065901012, 0.06346800656275636]",-0.0005742411812961444,"[-0.03818738036642056, 0.03867548537052223]",-0.008695652173913044,"[-0.049275362318840575, 0.03623188405797101]",0.007547169811320755,"[-0.05283018867924528, 0.07044025157232706]"
primary99,joint104_contrastive,joint104_random,0.009215203718895278,"[-0.06090306261963357, 0.07941482089144106]",-0.005564670494941202,"[-0.0713641646158053, 0.054417555373256765]",0.0014492753623188493,"[-0.0898550724637681, 0.08840579710144929]",-0.012578616352201253,"[-0.10817610062893082, 0.07547169811320754]"
primary99,joint104_contrastive,tangent,-0.155728739403883,"[-0.23667281925075198, -0.08011279737489749]",-0.10041017227235438,"[-0.17913727098714796, -0.028284454470877806]",-0.1014492753623188,"[-0.19713768115942032, -0.011594202898550732]",-0.09937106918238996,"[-0.22141509433962264, 0.015094339622641489]"
sensitivity96,srpbs50_contrastive,srpbs50_crop_reconstruction,-0.03018648018648019,"[-0.09239291958041959, 0.025554341491841485]",-0.018414918414918418,"[-0.06573426573426572, 0.028334790209790135]",-0.006060606060606058,"[-0.07424242424242423, 0.06515151515151517]",-0.030769230769230778,"[-0.09618589743589744, 0.028237179487179326]"
sensitivity96,srpbs50_contrastive,srpbs50_trained,-0.001689976689976688,"[-0.06591710372960373, 0.057955273892773884]",-0.005303030303030299,"[-0.05548076923076922, 0.043417832167832154]",-0.010606060606060608,"[-0.08484848484848485, 0.06363636363636363]",9.607699251563854e-18,"[-0.06798076923076923, 0.06282051282051283]"
sensitivity96,srpbs50_contrastive,srpbs50_random,0.02231934731934732,"[-0.05470643939393938, 0.10364437645687646]",0.010431235431235437,"[-0.05343822843822844, 0.07873251748251746]",0.010606060606060612,"[-0.08337121212121214, 0.11212121212121211]",0.01025641025641026,"[-0.08076923076923077, 0.1000320512820511]"
sensitivity96,srpbs50_contrastive,tangent,-0.1560606060606061,"[-0.23934586247086248, -0.06835664335664338]",-0.11678321678321679,"[-0.19173076923076923, -0.04206293706293712]",-0.10151515151515152,"[-0.20761363636363633, 0.013636363636363629]",-0.13205128205128205,"[-0.2423076923076923, -0.019230769230769267]"
sensitivity96,zan54_contrastive,zan54_crop_reconstruction,-0.02240675990675991,"[-0.0746284965034965, 0.03243298368298367]",-0.00046620046620045666,"[-0.046397144522144516, 0.048607226107226086]",-0.03939393939393939,"[-0.10151515151515152, 0.02276515151515131]",0.03846153846153848,"[-0.028205128205128202, 0.1128205128205128]"
sensitivity96,zan54_contrastive,zan54_trained,-0.02144522144522145,"[-0.07896780303030303, 0.03704691142191135]",-0.006002331002330989,"[-0.0578831585081585, 0.04947989510489507]",-0.06969696969696969,"[-0.13939393939393938, 0.003030303030303032]",0.05769230769230771,"[-0.017948717948717937, 0.14618589743589724]"
sensitivity96,zan54_contrastive,zan54_random,0.04184149184149184,"[-0.028121357808857824, 0.11393210955710956]",0.02937062937062937,"[-0.03014131701631701, 0.08694784382284382]",-0.0015151515151515147,"[-0.08939393939393939, 0.08636363636363638]",0.06025641025641026,"[-0.016666666666666663, 0.1371794871794872]"
sensitivity96,zan54_contrastive,tangent,-0.1349941724941725,"[-0.2163599941724942, -0.051192453379953394]",-0.08991841491841493,"[-0.1598499417249417, -0.015125291375291526]",-0.11060606060606061,"[-0.21818181818181823, 0.004545454545454519]",-0.06923076923076923,"[-0.16153846153846155, 0.029487179487179493]"
sensitivity96,joint104_contrastive,joint104_crop_reconstruction,-0.04761072261072261,"[-0.10035037878787881, 0.002449737762237749]",-0.03344988344988345,"[-0.0723878205128205, 0.006818181818181817]",-0.06818181818181818,"[-0.12727272727272726, -0.007575757575757572]",0.0012820512820512775,"[-0.048717948717948725, 0.05512820512820512]"
sensitivity96,joint104_contrastive,joint104_trained,-0.017540792540792542,"[-0.06748688811188813, 0.0309513403263403]",-0.019289044289044287,"[-0.05903409090909091, 0.020712412587412455]",-0.04242424242424241,"[-0.09242424242424242, 0.009090909090909092]",0.003846153846153839,"[-0.05384615384615386, 0.06794871794871794]"
sensitivity96,joint104_contrastive,joint104_random,-0.009265734265734264,"[-0.07203234265734268, 0.05641098484848484]",-0.018123543123543116,"[-0.07460227272727271, 0.040219988344988286]",-0.043939393939393924,"[-0.11818181818181817, 0.03333333333333333]",0.007692307692307693,"[-0.07948717948717948, 0.09230769230769229]"
sensitivity96,joint104_contrastive,tangent,-0.18126456876456878,"[-0.2561778846153846, -0.10588141025641026]",-0.12791375291375293,"[-0.19697698135198136, -0.05634615384615388]",-0.1378787878787879,"[-0.23787878787878788, -0.03784090909090929]",-0.11794871794871795,"[-0.21666666666666665, -0.011538461538461543]"
