design,method,reference,metric,delta,ci_low,ci_high,favored,bootstrap_n,bootstrap_people
primary99,state_occupancy4,raw_fc,roc_auc,-0.01419196062346173,-0.11593724364232978,0.08574856439704627,higher,2000,99
primary99,state_occupancy4,raw_fc,balanced_accuracy,0.0364232977850697,-0.06501435602953247,0.12998666940114842,higher,2000,99
primary99,state_occupancy4,raw_fc,sensitivity,0.008695652173912993,-0.14347826086956528,0.15652173913043477,higher,2000,99
primary99,state_occupancy4,raw_fc,specificity,0.0641509433962264,-0.07169811320754704,0.19999999999999996,higher,2000,99
primary99,state_occupancy4,raw_fc,brier,-0.015864961007610034,-0.06092744326968777,0.028162044609286667,lower,2000,99
primary99,state_occupancy4,tangent,roc_auc,-0.12190319934372418,-0.21858285479901565,-0.021565832649712843,higher,2000,99
primary99,state_occupancy4,tangent,balanced_accuracy,-0.04175553732567683,-0.14442678424938485,0.0556265381460214,higher,2000,99
primary99,state_occupancy4,tangent,sensitivity,-0.0608695652173914,-0.2130434782608695,0.08260869565217377,higher,2000,99
primary99,state_occupancy4,tangent,specificity,-0.02264150943396226,-0.1584905660377358,0.11698113207547178,higher,2000,99
primary99,state_occupancy4,tangent,brier,0.047554497480979174,0.018109842536651582,0.07678651204540878,lower,2000,99
primary99,state_occupancy4,random_srpbs50,roc_auc,0.08835110746513541,-0.041279737489745845,0.21338802296964718,higher,2000,99
primary99,state_occupancy4,random_srpbs50,balanced_accuracy,0.10877768662838383,-0.011578137817883557,0.2181357670221494,higher,2000,99
primary99,state_occupancy4,random_srpbs50,sensitivity,0.10434782608695659,-0.06956521739130428,0.28695652173913033,higher,2000,99
primary99,state_occupancy4,random_srpbs50,specificity,0.1132075471698114,-0.0339622641509435,0.2603773584905661,higher,2000,99
primary99,state_occupancy4,random_srpbs50,brier,-0.0030719878790327892,-0.018295873606693023,0.014337128019886262,lower,2000,99
primary99,state_occupancy4,anatomical45,roc_auc,0.0011484823625923513,-0.09701394585726011,0.09477337981952408,higher,2000,99
primary99,state_occupancy4,anatomical45,balanced_accuracy,0.03207547169811309,-0.05078855619360112,0.11071164889253479,higher,2000,99
primary99,state_occupancy4,anatomical45,sensitivity,0.0,-0.1304347826086958,0.1218478260869559,higher,2000,99
primary99,state_occupancy4,anatomical45,specificity,0.0641509433962264,-0.030188679245283123,0.1622641509433962,higher,2000,99
primary99,state_occupancy4,anatomical45,brier,3.62166636920791e-05,-0.03035171711889391,0.03208353409715523,lower,2000,99
primary99,state_occupancy4,cpm_p01,roc_auc,-0.06497128794093521,-0.16054552912223127,0.0354429860541427,higher,2000,99
primary99,state_occupancy4,cpm_p01,balanced_accuracy,-0.005496308449548959,-0.09934885151763743,0.08938679245283022,higher,2000,99
primary99,state_occupancy4,cpm_p01,sensitivity,-0.02608695652173909,-0.17402173913043487,0.11739130434782613,higher,2000,99
primary99,state_occupancy4,cpm_p01,specificity,0.015094339622641506,-0.11698113207547178,0.1433962264150942,higher,2000,99
primary99,state_occupancy4,cpm_p01,brier,0.0177050696046418,-0.011177609733106853,0.04539593953551148,lower,2000,99
sensitivity96,state_occupancy4,raw_fc,roc_auc,-0.01735139860139856,-0.12078562062937068,0.08440122377622368,higher,2000,96
sensitivity96,state_occupancy4,raw_fc,balanced_accuracy,0.03181818181818186,-0.06294580419580428,0.12836101398601363,higher,2000,96
sensitivity96,state_occupancy4,raw_fc,sensitivity,0.013636363636363558,-0.1227272727272728,0.15454545454545454,higher,2000,96
sensitivity96,state_occupancy4,raw_fc,specificity,0.04999999999999993,-0.0847115384615387,0.18846153846153835,higher,2000,96
sensitivity96,state_occupancy4,raw_fc,brier,-0.017774677468762184,-0.06308921168812492,0.025126859038174732,lower,2000,96
sensitivity96,state_occupancy4,tangent,roc_auc,-0.13334790209790204,-0.23065887237762217,-0.03688483391608386,higher,2000,96
sensitivity96,state_occupancy4,tangent,balanced_accuracy,-0.07272727272727264,-0.16958041958041958,0.020284090909090963,higher,2000,96
sensitivity96,state_occupancy4,tangent,sensitivity,-0.09545454545454546,-0.23636363636363633,0.03636363636363649,higher,2000,96
sensitivity96,state_occupancy4,tangent,specificity,-0.04999999999999982,-0.1807692307692308,0.08076923076923082,higher,2000,96
sensitivity96,state_occupancy4,tangent,brier,0.041650765050591926,0.009178195245406816,0.07228087292313237,lower,2000,96
sensitivity96,state_occupancy4,random_srpbs50,roc_auc,0.02888986013986017,-0.09476070804195806,0.15145869755244748,higher,2000,96
sensitivity96,state_occupancy4,random_srpbs50,balanced_accuracy,0.033041958041958086,-0.07308566433566452,0.13707167832167813,higher,2000,96
sensitivity96,state_occupancy4,random_srpbs50,sensitivity,0.004545454545454519,-0.15909090909090906,0.1681818181818181,higher,2000,96
sensitivity96,state_occupancy4,random_srpbs50,specificity,0.06153846153846165,-0.07692307692307698,0.19615384615384612,higher,2000,96
sensitivity96,state_occupancy4,random_srpbs50,brier,-0.00672982016283305,-0.018510818351479802,0.00523498079889148,lower,2000,96
sensitivity96,state_occupancy4,anatomical45,roc_auc,0.0003933566433567126,-0.09647945804195807,0.09419252622377623,higher,2000,96
sensitivity96,state_occupancy4,anatomical45,balanced_accuracy,0.007692307692307776,-0.07344405594405617,0.08742132867132871,higher,2000,96
sensitivity96,state_occupancy4,anatomical45,sensitivity,-0.050000000000000044,-0.16829545454545455,0.07727272727272727,higher,2000,96
sensitivity96,state_occupancy4,anatomical45,specificity,0.06538461538461549,-0.03846153846153849,0.16923076923076918,higher,2000,96
sensitivity96,state_occupancy4,anatomical45,brier,-0.0070788713244710755,-0.034607336229563995,0.017776518396207815,lower,2000,96
sensitivity96,state_occupancy4,cpm_p01,roc_auc,-0.03448426573426566,-0.1360008741258742,0.0665734265734264,higher,2000,96
sensitivity96,state_occupancy4,cpm_p01,balanced_accuracy,0.0033216783216784007,-0.09808129370629369,0.09564248251748253,higher,2000,96
sensitivity96,state_occupancy4,cpm_p01,sensitivity,-0.03181818181818186,-0.17727272727272725,0.10454545454545461,higher,2000,96
sensitivity96,state_occupancy4,cpm_p01,specificity,0.03846153846153866,-0.10009615384615393,0.16538461538461546,higher,2000,96
sensitivity96,state_occupancy4,cpm_p01,brier,0.004434480667898838,-0.019804555224048323,0.02727307945209926,lower,2000,96
OSU-to-CIN,state_occupancy4,raw_fc,roc_auc,0.06381461675579325,-0.04349376114082004,0.184674688057041,higher,2000,50
OSU-to-CIN,state_occupancy4,raw_fc,balanced_accuracy,0.08609625668449183,-0.03375668449197871,0.2180169340463458,higher,2000,50
OSU-to-CIN,state_occupancy4,raw_fc,sensitivity,0.11764705882352938,-0.11764705882352938,0.35294117647058826,higher,2000,50
OSU-to-CIN,state_occupancy4,raw_fc,specificity,0.05454545454545445,-0.048484848484848464,0.17575757575757578,higher,2000,50
OSU-to-CIN,state_occupancy4,raw_fc,brier,-0.014654405436368811,-0.06140065551259573,0.028053152331596023,lower,2000,50
OSU-to-CIN,state_occupancy4,tangent,roc_auc,0.0064171122994651775,-0.1568894830659537,0.18826203208556136,higher,2000,50
OSU-to-CIN,state_occupancy4,tangent,balanced_accuracy,0.04616755793226368,-0.10197860962566842,0.187361853832442,higher,2000,50
OSU-to-CIN,state_occupancy4,tangent,sensitivity,-0.04705882352941171,-0.29411764705882354,0.18823529411764706,higher,2000,50
OSU-to-CIN,state_occupancy4,tangent,specificity,0.1393939393939394,-0.012121212121212088,0.2909090909090909,higher,2000,50
OSU-to-CIN,state_occupancy4,tangent,brier,-0.000994837618712524,-0.04048618851884561,0.03409337383658593,lower,2000,50
OSU-to-CIN,state_occupancy4,random_srpbs50,roc_auc,0.0859180035650623,-0.18645721925133696,0.3436942959001782,higher,2000,50
OSU-to-CIN,state_occupancy4,random_srpbs50,balanced_accuracy,0.06559714795008897,-0.13995543672014268,0.2622192513368984,higher,2000,50
OSU-to-CIN,state_occupancy4,random_srpbs50,sensitivity,-0.12941176470588234,-0.4708823529411765,0.22352941176470587,higher,2000,50
OSU-to-CIN,state_occupancy4,random_srpbs50,specificity,0.2606060606060606,0.06060606060606066,0.4545454545454545,higher,2000,50
OSU-to-CIN,state_occupancy4,random_srpbs50,brier,-0.09420625375828184,-0.16315662827988966,-0.026506560274711693,lower,2000,50
OSU-to-CIN,state_occupancy4,anatomical45,roc_auc,0.021746880570409965,-0.05170677361853838,0.09430926916221022,higher,2000,50
OSU-to-CIN,state_occupancy4,anatomical45,balanced_accuracy,0.04385026737967901,-0.056158645276292336,0.1381550802139037,higher,2000,50
OSU-to-CIN,state_occupancy4,anatomical45,sensitivity,0.10588235294117648,-0.09411764705882353,0.29411764705882354,higher,2000,50
OSU-to-CIN,state_occupancy4,anatomical45,specificity,-0.018181818181818188,-0.07272727272727264,0.024242424242424176,higher,2000,50
OSU-to-CIN,state_occupancy4,anatomical45,brier,0.0036334476240749425,-0.013770365399048157,0.019935701073177964,lower,2000,50
OSU-to-CIN,state_occupancy4,cpm_p01,roc_auc,0.0802139037433156,-0.07772727272727276,0.2465285204991086,higher,2000,50
OSU-to-CIN,state_occupancy4,cpm_p01,balanced_accuracy,0.08021390374331538,-0.0916221033868092,0.2442335115864527,higher,2000,50
OSU-to-CIN,state_occupancy4,cpm_p01,sensitivity,-0.09411764705882353,-0.3882352941176469,0.18823529411764706,higher,2000,50
OSU-to-CIN,state_occupancy4,cpm_p01,specificity,0.2545454545454545,0.08469696969696959,0.43030303030303013,higher,2000,50
OSU-to-CIN,state_occupancy4,cpm_p01,brier,-0.06368908997553996,-0.13260443936925606,0.0027262895985524387,lower,2000,50
CIN-to-OSU,state_occupancy4,raw_fc,roc_auc,0.13138401559454194,-0.07330409356725148,0.3278752436647173,higher,2000,46
CIN-to-OSU,state_occupancy4,raw_fc,balanced_accuracy,0.05341130604288513,-0.10897173489278747,0.2168323586744635,higher,2000,46
CIN-to-OSU,state_occupancy4,raw_fc,sensitivity,-0.10370370370370374,-0.3407407407407406,0.14074074074074072,higher,2000,46
CIN-to-OSU,state_occupancy4,raw_fc,specificity,0.21052631578947367,-0.010526315789473717,0.43157894736842106,higher,2000,46
CIN-to-OSU,state_occupancy4,raw_fc,brier,-0.039392681997666545,-0.09837073613423969,0.017726453471687477,lower,2000,46
CIN-to-OSU,state_occupancy4,tangent,roc_auc,0.05107212475633527,-0.17507797270955155,0.2688352826510718,higher,2000,46
CIN-to-OSU,state_occupancy4,tangent,balanced_accuracy,0.033138401559454356,-0.12847465886939555,0.19812865497075982,higher,2000,46
CIN-to-OSU,state_occupancy4,tangent,sensitivity,-0.2074074074074076,-0.3925925925925926,-0.022222222222222143,higher,2000,46
CIN-to-OSU,state_occupancy4,tangent,specificity,0.2736842105263158,0.021052631578947323,0.5473684210526315,higher,2000,46
CIN-to-OSU,state_occupancy4,tangent,brier,-0.012400098258862041,-0.04584078117538983,0.020868249937316685,lower,2000,46
CIN-to-OSU,state_occupancy4,random_srpbs50,roc_auc,0.1473684210526317,-0.12203216374269008,0.4027485380116958,higher,2000,46
CIN-to-OSU,state_occupancy4,random_srpbs50,balanced_accuracy,0.1276803118908384,-0.0750487329434697,0.3294444444444444,higher,2000,46
CIN-to-OSU,state_occupancy4,random_srpbs50,sensitivity,0.3185185185185184,0.04444444444444445,0.5703703703703702,higher,2000,46
CIN-to-OSU,state_occupancy4,random_srpbs50,specificity,-0.06315789473684208,-0.37894736842105264,0.26315789473684204,higher,2000,46
CIN-to-OSU,state_occupancy4,random_srpbs50,brier,-0.058121324983617606,-0.1019622107835586,-0.012369029796492995,lower,2000,46
CIN-to-OSU,state_occupancy4,anatomical45,roc_auc,-0.028070175438596467,-0.23294346978557495,0.16942982456140332,higher,2000,46
CIN-to-OSU,state_occupancy4,anatomical45,balanced_accuracy,-0.021442495126705485,-0.1863888888888889,0.1389912280701755,higher,2000,46
CIN-to-OSU,state_occupancy4,anatomical45,sensitivity,0.051851851851851705,-0.16296296296296298,0.2740740740740741,higher,2000,46
CIN-to-OSU,state_occupancy4,anatomical45,specificity,-0.09473684210526312,-0.3368421052631579,0.14736842105263154,higher,2000,46
CIN-to-OSU,state_occupancy4,anatomical45,brier,0.0024405684712323628,-0.057038269610497995,0.056261470549032265,lower,2000,46
CIN-to-OSU,state_occupancy4,cpm_p01,roc_auc,0.14385964912280702,-0.05458089668615984,0.34679824561403505,higher,2000,46
CIN-to-OSU,state_occupancy4,cpm_p01,balanced_accuracy,0.1292397660818715,-0.03391812865497057,0.2970808966861597,higher,2000,46
CIN-to-OSU,state_occupancy4,cpm_p01,sensitivity,0.11111111111111105,-0.1483333333333332,0.37777777777777777,higher,2000,46
CIN-to-OSU,state_occupancy4,cpm_p01,specificity,0.14736842105263154,-0.05263157894736842,0.35815789473684073,higher,2000,46
CIN-to-OSU,state_occupancy4,cpm_p01,brier,-0.03543103171658535,-0.062907009851151,-0.007769654263637515,lower,2000,46
zan54,state_occupancy4,raw_fc,roc_auc,0.09931034482758622,-0.020148275862069062,0.2193137931034482,higher,2000,54
zan54,state_occupancy4,raw_fc,balanced_accuracy,0.04993103448275871,-0.06527241379310351,0.16180689655172406,higher,2000,54
zan54,state_occupancy4,raw_fc,sensitivity,0.02400000000000002,-0.13600000000000007,0.192,higher,2000,54
zan54,state_occupancy4,raw_fc,specificity,0.07586206896551728,-0.07586206896551728,0.23448275862068962,higher,2000,54
zan54,state_occupancy4,raw_fc,brier,-0.08292704607730314,-0.12674283982970866,-0.04088896212866867,lower,2000,54
zan54,state_occupancy4,tangent,roc_auc,0.1420689655172414,-0.015606896551724125,0.2924344827586206,higher,2000,54
zan54,state_occupancy4,tangent,balanced_accuracy,0.048827586206896645,-0.09036551724137935,0.18441724137931034,higher,2000,54
zan54,state_occupancy4,tangent,sensitivity,0.008000000000000007,-0.184,0.192,higher,2000,54
zan54,state_occupancy4,tangent,specificity,0.08965517241379312,-0.11034482758620673,0.296551724137931,higher,2000,54
zan54,state_occupancy4,tangent,brier,-0.040506798616836176,-0.06583211828179761,-0.017062793044613066,lower,2000,54
zan54,state_occupancy4,random_srpbs50,roc_auc,-0.08082758620689645,-0.22429310344827588,0.0583482758620689,higher,2000,54
zan54,state_occupancy4,random_srpbs50,balanced_accuracy,-0.07765517241379305,-0.19686896551724137,0.03808275862068968,higher,2000,54
zan54,state_occupancy4,random_srpbs50,sensitivity,-0.17600000000000005,-0.3282000000000001,-0.02400000000000002,higher,2000,54
zan54,state_occupancy4,random_srpbs50,specificity,0.020689655172413834,-0.17241379310344807,0.2068965517241379,higher,2000,54
zan54,state_occupancy4,random_srpbs50,brier,-0.028617657794438173,-0.08113013511491077,0.020396437737451867,lower,2000,54
zan54,state_occupancy4,anatomical45,roc_auc,0.07641379310344831,-0.04401724137931027,0.19531379310344824,higher,2000,54
zan54,state_occupancy4,anatomical45,balanced_accuracy,0.0419310344827587,-0.06415172413793106,0.15200344827586218,higher,2000,54
zan54,state_occupancy4,anatomical45,sensitivity,0.008000000000000007,-0.12,0.14419999999999897,higher,2000,54
zan54,state_occupancy4,anatomical45,specificity,0.07586206896551728,-0.09655172413793106,0.24137931034482762,higher,2000,54
zan54,state_occupancy4,anatomical45,brier,-0.09906172240073027,-0.15864536886301697,-0.04233821243031586,lower,2000,54
zan54,state_occupancy4,cpm_p01,roc_auc,0.030068965517241364,-0.061796551724137894,0.12441379310344824,higher,2000,54
zan54,state_occupancy4,cpm_p01,balanced_accuracy,-0.007862068965517222,-0.09201379310344836,0.07932413793103446,higher,2000,54
zan54,state_occupancy4,cpm_p01,sensitivity,-0.06400000000000006,-0.18420000000000009,0.06399999999999995,higher,2000,54
zan54,state_occupancy4,cpm_p01,specificity,0.0482758620689655,-0.07603448275862076,0.16551724137931045,higher,2000,54
zan54,state_occupancy4,cpm_p01,brier,-0.03615386900539766,-0.06350977785390703,-0.008747811883447367,lower,2000,54
severity_sup7,state_occupancy4,raw_fc,mae,-0.18754449127176898,-1.6758619237860235,1.2996154860270264,lower,2000,29
severity_sup7,state_occupancy4,raw_fc,rmse,0.35889677254666097,-1.6861958091836666,2.2503504551879456,lower,2000,29
severity_sup7,state_occupancy4,raw_fc,r2,-0.03724709359130993,-0.2511662431463969,0.20178707838412846,higher,2000,29
severity_sup7,state_occupancy4,tangent,mae,0.5092544327215229,-0.39644890369212354,1.7229823134242537,lower,2000,29
severity_sup7,state_occupancy4,tangent,rmse,0.7876738224096265,-0.3390626960434548,2.460250777990975,lower,2000,29
severity_sup7,state_occupancy4,tangent,r2,-0.07627710594115919,-0.3097270607279628,0.03360270664198702,higher,2000,29
severity_sup7,state_occupancy4,train_mean,mae,0.9161382593170053,-0.04776023733875085,2.2722611933479464,lower,2000,29
severity_sup7,state_occupancy4,train_mean,rmse,1.0547488278170114,-0.03324709027214805,2.854590483449545,lower,2000,29
severity_sup7,state_occupancy4,train_mean,r2,-0.10094155307476388,-0.364453831397255,0.003082121205962797,higher,2000,29
severity_sup7,state_occupancy4,train_median,mae,0.3330711086817999,-1.157099966463074,2.2453553511987154,lower,2000,29
severity_sup7,state_occupancy4,train_median,rmse,0.5977816690428632,-1.0295418103798188,2.807558667395023,lower,2000,29
severity_sup7,state_occupancy4,train_median,r2,-0.057268417380650805,-0.364272077902704,0.11363090812812149,higher,2000,29
severity_sup7,state_occupancy4,random_srpbs50,mae,-0.3177615936606948,-2.0024107532853925,1.5790813881805201,lower,2000,29
severity_sup7,state_occupancy4,random_srpbs50,rmse,0.5509925484211777,-1.3534845259520738,2.700426471037458,lower,2000,29
severity_sup7,state_occupancy4,random_srpbs50,r2,-0.04746515170600607,-0.28637107840923637,0.17785549891896957,higher,2000,29
severity_sup7,state_occupancy4,anatomical45,mae,-2.611975362223376,-5.817514363136309,0.21892715070914787,lower,2000,29
severity_sup7,state_occupancy4,anatomical45,rmse,-3.4174281648211853,-7.955096700520114,0.2519365817455465,lower,2000,29
severity_sup7,state_occupancy4,anatomical45,r2,0.3722514027919127,-0.005028846181126861,1.239986346498491,higher,2000,29
severity_sup7,state_occupancy4,cpm_p01,mae,-0.0720503460174875,-1.205989499296677,1.2299448309394183,lower,2000,29
severity_sup7,state_occupancy4,cpm_p01,rmse,0.5416812677842877,-1.0017078916391167,1.995696453756826,lower,2000,29
severity_sup7,state_occupancy4,cpm_p01,r2,-0.053046497603511655,-0.23430898834188965,0.11751551516300991,higher,2000,29
severity_sup8,state_occupancy4,raw_fc,mae,-0.08515881273214498,-0.33130276502867534,0.16683914192104238,lower,2000,15
severity_sup8,state_occupancy4,raw_fc,rmse,-0.004373887996222514,-0.25989619605587266,0.23048481535303877,lower,2000,15
severity_sup8,state_occupancy4,raw_fc,r2,0.00328873207132836,-0.15375877562831447,0.34366712698532004,higher,2000,15
severity_sup8,state_occupancy4,tangent,mae,-0.1637819214471663,-0.43094071565763037,0.07994607945656308,lower,2000,15
severity_sup8,state_occupancy4,tangent,rmse,-0.04267504187112259,-0.26120676932008735,0.18244227308646102,lower,2000,15
severity_sup8,state_occupancy4,tangent,r2,0.030712505561960965,-0.22675168133923443,0.20879586835149727,higher,2000,15
severity_sup8,state_occupancy4,train_mean,mae,-0.15485820269746675,-0.45052717369290446,0.14732719597185495,lower,2000,15
severity_sup8,state_occupancy4,train_mean,rmse,-0.07429531343305307,-0.33270038744950536,0.22134227821883104,lower,2000,15
severity_sup8,state_occupancy4,train_mean,r2,0.05510666024798638,-0.26960576398817937,0.26053295660988995,higher,2000,15
severity_sup8,state_occupancy4,train_median,mae,-0.13752486936413355,-0.8015352724705234,0.5377448462885286,lower,2000,15
severity_sup8,state_occupancy4,train_median,rmse,-0.33729632659730147,-0.8757444640081712,0.4000512344125114,lower,2000,15
severity_sup8,state_occupancy4,train_median,r2,0.2723918164979864,-0.5365414154035929,0.8203789058271694,higher,2000,15
severity_sup8,state_occupancy4,random_srpbs50,mae,-0.14398000107419984,-0.6361332512080802,0.30434371913685604,lower,2000,15
severity_sup8,state_occupancy4,random_srpbs50,rmse,-0.09360492657014108,-0.49804275276117843,0.2614920883279345,lower,2000,15
severity_sup8,state_occupancy4,random_srpbs50,r2,0.07563481982278261,-0.18846057537625335,0.6113192156043612,higher,2000,15
severity_sup8,state_occupancy4,anatomical45,mae,-0.2730805817461319,-0.4279082143758395,-0.12016707792948703,lower,2000,15
severity_sup8,state_occupancy4,anatomical45,rmse,-0.17776247721121763,-0.32410683431390436,-0.05262113769223124,lower,2000,15
severity_sup8,state_occupancy4,anatomical45,r2,0.13877933524835115,0.04301284909837371,0.34171442514232075,higher,2000,15
severity_sup8,state_occupancy4,cpm_p01,mae,-0.20348509701255013,-0.4190953782842313,0.016946686623894966,lower,2000,15
severity_sup8,state_occupancy4,cpm_p01,rmse,-0.07479041208571147,-0.3228672620712307,0.127909833482391,lower,2000,15
severity_sup8,state_occupancy4,cpm_p01,r2,0.05864316750687768,-0.10179307303471843,0.40711808620065953,higher,2000,15
