roi,label,group
1,PreCG.L,sensorimotor
2,PreCG.R,sensorimotor
3,SFGdor.L,frontal_olfactory
4,SFGdor.R,frontal_olfactory
5,ORBsup.L,frontal_olfactory
6,ORBsup.R,frontal_olfactory
7,MFG.L,frontal_olfactory
8,MFG.R,frontal_olfactory
9,ORBmid.L,frontal_olfactory
10,ORBmid.R,frontal_olfactory
11,IFGoperc.L,frontal_olfactory
12,IFGoperc.R,frontal_olfactory
13,IFGtriang.L,frontal_olfactory
14,IFGtriang.R,frontal_olfactory
15,ORBinf.L,frontal_olfactory
16,ORBinf.R,frontal_olfactory
17,ROL.L,sensorimotor
18,ROL.R,sensorimotor
19,SMA.L,sensorimotor
20,SMA.R,sensorimotor
21,OLF.L,frontal_olfactory
22,OLF.R,frontal_olfactory
23,SFGmed.L,frontal_olfactory
24,SFGmed.R,frontal_olfactory
25,ORBsupmed.L,frontal_olfactory
26,ORBsupmed.R,frontal_olfactory
27,REC.L,frontal_olfactory
28,REC.R,frontal_olfactory
29,INS.L,insula
30,INS.R,insula
31,ACG.L,cingulate
32,ACG.R,cingulate
33,DCG.L,cingulate
34,DCG.R,cingulate
35,PCG.L,cingulate
36,PCG.R,cingulate
37,HIP.L,medial_temporal
38,HIP.R,medial_temporal
39,PHG.L,medial_temporal
40,PHG.R,medial_temporal
41,AMYG.L,medial_temporal
42,AMYG.R,medial_temporal
43,CAL.L,occipital_fusiform
44,CAL.R,occipital_fusiform
45,CUN.L,occipital_fusiform
46,CUN.R,occipital_fusiform
47,LING.L,occipital_fusiform
48,LING.R,occipital_fusiform
49,SOG.L,occipital_fusiform
50,SOG.R,occipital_fusiform
51,MOG.L,occipital_fusiform
52,MOG.R,occipital_fusiform
53,IOG.L,occipital_fusiform
54,IOG.R,occipital_fusiform
55,FFG.L,occipital_fusiform
56,FFG.R,occipital_fusiform
57,PoCG.L,sensorimotor
58,PoCG.R,sensorimotor
59,SPG.L,parietal_precuneus
60,SPG.R,parietal_precuneus
61,IPL.L,parietal_precuneus
62,IPL.R,parietal_precuneus
63,SMG.L,parietal_precuneus
64,SMG.R,parietal_precuneus
65,ANG.L,parietal_precuneus
66,ANG.R,parietal_precuneus
67,PCUN.L,parietal_precuneus
68,PCUN.R,parietal_precuneus
69,PCL.L,sensorimotor
70,PCL.R,sensorimotor
71,CAU.L,basal_ganglia_thalamus
72,CAU.R,basal_ganglia_thalamus
73,PUT.L,basal_ganglia_thalamus
74,PUT.R,basal_ganglia_thalamus
75,PAL.L,basal_ganglia_thalamus
76,PAL.R,basal_ganglia_thalamus
77,THA.L,basal_ganglia_thalamus
78,THA.R,basal_ganglia_thalamus
79,HES.L,lateral_temporal
80,HES.R,lateral_temporal
81,STG.L,lateral_temporal
82,STG.R,lateral_temporal
83,TPOsup.L,lateral_temporal
84,TPOsup.R,lateral_temporal
85,MTG.L,lateral_temporal
86,MTG.R,lateral_temporal
87,TPOmid.L,lateral_temporal
88,TPOmid.R,lateral_temporal
89,ITG.L,lateral_temporal
90,ITG.R,lateral_temporal
