design,method,reference,metric,delta,ci_low,ci_high,bootstrap_n
primary99,motion_screened_state4,state_occupancy4,roc_auc,0.0031993437243640344,-0.02165709598031174,0.026989335520918756,2000
primary99,motion_screened_state4,state_occupancy4,balanced_accuracy,-0.018252666119770167,-0.04565217391304344,0.005824446267432393,2000
primary99,motion_screened_state4,state_occupancy4,sensitivity,-0.047826086956521685,-0.09576086956521744,-0.008695652173913104,2000
primary99,motion_screened_state4,state_occupancy4,specificity,0.01132075471698124,-0.01886792452830177,0.04150943396226403,2000
primary99,motion_screened_state4,state_occupancy4,brier,-0.0036533632731017285,-0.011316644844198497,0.00330971896114206,2000
primary99,motion_screened_state4,tangent,roc_auc,-0.11870385561936014,-0.2207178014766203,-0.020703445447087784,2000
primary99,motion_screened_state4,tangent,balanced_accuracy,-0.060008203445446995,-0.1654645200984413,0.0403773584905661,2000
primary99,motion_screened_state4,tangent,sensitivity,-0.10869565217391308,-0.26086956521739135,0.0391304347826088,2000
primary99,motion_screened_state4,tangent,specificity,-0.011320754716981019,-0.15471698113207533,0.12452830188679254,2000
primary99,motion_screened_state4,tangent,brier,0.043901134207877446,0.014060758251515655,0.07404398487639388,2000
sensitivity96,motion_screened_state4,state_occupancy4,roc_auc,-0.0031905594405594595,-0.03990384615384612,0.03553540209790205,2000
sensitivity96,motion_screened_state4,state_occupancy4,balanced_accuracy,-0.016258741258741383,-0.039340034965034895,0.007172202797202946,2000
sensitivity96,motion_screened_state4,state_occupancy4,sensitivity,-0.036363636363636265,-0.06818181818181823,-0.009090909090909038,2000
sensitivity96,motion_screened_state4,state_occupancy4,specificity,0.0038461538461538325,-0.03076923076923077,0.03846153846153855,2000
sensitivity96,motion_screened_state4,state_occupancy4,brier,0.001361324253636026,-0.004501337725426895,0.007435645462846798,2000
sensitivity96,motion_screened_state4,tangent,roc_auc,-0.1365384615384615,-0.24134615384615365,-0.04142154720279727,2000
sensitivity96,motion_screened_state4,tangent,balanced_accuracy,-0.08898601398601402,-0.1896853146853147,0.004724650349650376,2000
sensitivity96,motion_screened_state4,tangent,sensitivity,-0.13181818181818172,-0.2864772727272728,0.009090909090909038,2000
sensitivity96,motion_screened_state4,tangent,specificity,-0.04615384615384599,-0.16932692307692324,0.07307692307692315,2000
sensitivity96,motion_screened_state4,tangent,brier,0.04301208930422795,0.009158770139261627,0.07603000456349086,2000
OSU-to-CIN,motion_screened_state4,state_occupancy4,roc_auc,0.04973262032085557,-0.030307486631016126,0.13297682709447411,2000
OSU-to-CIN,motion_screened_state4,state_occupancy4,balanced_accuracy,0.03636363636363649,-0.08823529411764708,0.1600713012477718,2000
OSU-to-CIN,motion_screened_state4,state_occupancy4,sensitivity,0.0,-0.23529411764705882,0.23529411764705882,2000
OSU-to-CIN,motion_screened_state4,state_occupancy4,specificity,0.07272727272727264,0.0,0.163787878787878,2000
OSU-to-CIN,motion_screened_state4,state_occupancy4,brier,0.00700480630385758,-0.0035119831419946944,0.01691768077029479,2000
OSU-to-CIN,motion_screened_state4,tangent,roc_auc,0.05614973262032075,-0.11018716577540112,0.23959893048128333,2000
OSU-to-CIN,motion_screened_state4,tangent,balanced_accuracy,0.08253119429590017,-0.05278520499108732,0.22715686274509778,2000
OSU-to-CIN,motion_screened_state4,tangent,sensitivity,-0.04705882352941171,-0.2941176470588235,0.18823529411764717,2000
OSU-to-CIN,motion_screened_state4,tangent,specificity,0.21212121212121204,0.09090909090909083,0.36363636363636354,2000
OSU-to-CIN,motion_screened_state4,tangent,brier,0.006009968685145056,-0.035272281704982866,0.04567748738851112,2000
CIN-to-OSU,motion_screened_state4,state_occupancy4,roc_auc,-0.006432748538011679,-0.056145224171540026,0.05224658869395715,2000
CIN-to-OSU,motion_screened_state4,state_occupancy4,balanced_accuracy,0.028849902534113014,-0.033333333333333326,0.09376218323586749,2000
CIN-to-OSU,motion_screened_state4,state_occupancy4,sensitivity,-0.03703703703703698,-0.11851851851851858,0.03703703703703709,2000
CIN-to-OSU,motion_screened_state4,state_occupancy4,specificity,0.09473684210526312,0.0,0.1894736842105264,2000
CIN-to-OSU,motion_screened_state4,state_occupancy4,brier,0.004159888734124095,-0.0028234341345461005,0.011239260804839248,2000
CIN-to-OSU,motion_screened_state4,tangent,roc_auc,0.04463937621832359,-0.16842105263157892,0.24835769980506806,2000
CIN-to-OSU,motion_screened_state4,tangent,balanced_accuracy,0.06198830409356737,-0.07993177387914234,0.20760233918128657,2000
CIN-to-OSU,motion_screened_state4,tangent,sensitivity,-0.24444444444444458,-0.4222222222222223,-0.059259259259259345,2000
CIN-to-OSU,motion_screened_state4,tangent,specificity,0.3684210526315789,0.15789473684210525,0.5789473684210527,2000
CIN-to-OSU,motion_screened_state4,tangent,brier,-0.008240209524737946,-0.03982638691545529,0.025422918058353634,2000
zan54,motion_screened_state4,state_occupancy4,roc_auc,-0.039862068965517305,-0.07599999999999996,-0.003441379310344764,2000
zan54,motion_screened_state4,state_occupancy4,balanced_accuracy,-0.010344827586206917,-0.03668965517241368,0.015999999999999907,2000
zan54,motion_screened_state4,state_occupancy4,sensitivity,0.0,-0.03999999999999998,0.03999999999999998,2000
zan54,motion_screened_state4,state_occupancy4,specificity,-0.020689655172413834,-0.05517241379310345,0.01379310344827589,2000
zan54,motion_screened_state4,state_occupancy4,brier,0.011413164971114692,0.0031584252238244237,0.020723735739498914,2000
zan54,motion_screened_state4,tangent,roc_auc,0.1022068965517241,-0.05602068965517246,0.26043103448275856,2000
zan54,motion_screened_state4,tangent,balanced_accuracy,0.03848275862068973,-0.09352413793103448,0.17655517241379323,2000
zan54,motion_screened_state4,tangent,sensitivity,0.008000000000000007,-0.176,0.21599999999999991,2000
zan54,motion_screened_state4,tangent,specificity,0.06896551724137928,-0.13103448275862067,0.26896551724137935,2000
zan54,motion_screened_state4,tangent,brier,-0.029093633645721484,-0.05673133164203194,-0.0026613906721893,2000
severity_sup7,motion_screened_state4,state_occupancy4,mae,0.51135027787425,-0.274225293988661,1.757910942609361,2000
severity_sup7,motion_screened_state4,state_occupancy4,rmse,0.7672864978102112,-0.7026326420302647,3.0241766987126155,2000
severity_sup7,motion_screened_state4,state_occupancy4,r2,-0.0759774065905448,-0.4316995630076924,0.06205313863161508,2000
severity_sup7,motion_screened_state4,tangent,mae,1.020604710595773,-0.42294964143897607,3.3267909586444406,2000
severity_sup7,motion_screened_state4,tangent,rmse,1.5549603202198377,-0.6123032237067804,5.401461907167468,2000
severity_sup7,motion_screened_state4,tangent,r2,-0.152254512531704,-0.7497738302077255,0.056996464210884557,2000
severity_sup7,motion_screened_state4,train_mean,mae,1.4274885371912553,-0.08073574008151078,3.86555955878975,2000
severity_sup7,motion_screened_state4,train_mean,rmse,1.8220353256272226,-0.4636231219192499,5.789389866614634,2000
severity_sup7,motion_screened_state4,train_mean,r2,-0.17691895966530868,-0.8075054981915335,0.04080643575212068,2000
severity_sup7,motion_screened_state4,train_median,mae,0.8444213865560499,-1.1851104243875485,3.807141758084828,2000
severity_sup7,motion_screened_state4,train_median,rmse,1.3650681668530744,-1.2548129340936582,5.561467862105955,2000
severity_sup7,motion_screened_state4,train_median,r2,-0.1332458239711956,-0.7850869376360504,0.12407299435544901,2000
severity_sup7,clinical,demographic_motion,mae,-2.605710695450785,-6.193017973442783,0.8718935273586459,2000
severity_sup7,clinical,demographic_motion,rmse,-2.1066910023333385,-5.453626025752681,1.368414660185835,2000
severity_sup7,clinical,demographic_motion,r2,0.18486707242686723,-0.1889599261787669,0.47572548093047823,2000
severity_sup7,clinical_plus_states,clinical,mae,1.455317338466152,0.20509007370023435,2.981907346698177,2000
severity_sup7,clinical_plus_states,clinical,rmse,0.948617882645582,-0.18575236158819167,2.657769387584024,2000
severity_sup7,clinical_plus_states,clinical,r2,-0.07839804226218577,-0.27862209576589836,0.02257989015344098,2000
severity_sup7,clinical_plus_states,train_mean,mae,-0.6306130191659776,-3.847369609830777,2.665378979255249,2000
severity_sup7,clinical_plus_states,train_mean,rmse,-0.6154641859904757,-3.3845584248394136,2.582849739214455,2000
severity_sup7,clinical_plus_states,train_mean,r2,0.055478584578046226,-0.3533585749670896,0.2829117283962967,2000
severity_sup7,clinical_plus_states,train_median,mae,-1.213680169801183,-4.560579220158136,2.2650360662685167,2000
severity_sup7,clinical_plus_states,train_median,rmse,-1.0724313447646239,-3.755917635069214,2.3448173730996973,2000
severity_sup7,clinical_plus_states,train_median,r2,0.0991517202721593,-0.30645477038111996,0.31832919907592344,2000
severity_sup8,motion_screened_state4,state_occupancy4,mae,0.0015713846537090959,-0.060044845786358714,0.06329438909770774,2000
severity_sup8,motion_screened_state4,state_occupancy4,rmse,0.012414246185676436,-0.05631113519666977,0.07648656841399658,2000
severity_sup8,motion_screened_state4,state_occupancy4,r2,-0.009530876882412786,-0.056321567187687514,0.07096265167634548,2000
severity_sup8,motion_screened_state4,tangent,mae,-0.1622105367934572,-0.4177232661550309,0.08912047183271389,2000
severity_sup8,motion_screened_state4,tangent,rmse,-0.03026079568544615,-0.2536531581301889,0.18215231459500042,2000
severity_sup8,motion_screened_state4,tangent,r2,0.02118162867954818,-0.1998030895491474,0.20089037350932046,2000
severity_sup8,motion_screened_state4,train_mean,mae,-0.15328681804375766,-0.44174966536779203,0.13564962789218202,2000
severity_sup8,motion_screened_state4,train_mean,rmse,-0.06188106724737663,-0.314857458731655,0.2017482209852709,2000
severity_sup8,motion_screened_state4,train_mean,r2,0.045575783365573594,-0.2434931766539258,0.24820405812195184,2000
severity_sup8,motion_screened_state4,train_median,mae,-0.13595348471042445,-0.7478474649616701,0.5386891963761489,2000
severity_sup8,motion_screened_state4,train_median,rmse,-0.32488208041162503,-0.8155343345178876,0.38119345856569964,2000
severity_sup8,motion_screened_state4,train_median,r2,0.2628609396155736,-0.44663795873770556,0.7697887539136289,2000
severity_sup8,clinical,demographic_motion,mae,-0.3134808063699439,-0.701881984361,0.11412560460537154,2000
severity_sup8,clinical,demographic_motion,rmse,-0.11817892935516161,-0.6647729605245009,0.46358249193153955,2000
severity_sup8,clinical,demographic_motion,r2,0.13687767896273795,-0.42955635478853466,0.736047815731113,2000
severity_sup8,clinical_plus_states,clinical,mae,-0.08612979474506366,-0.4284586341567055,0.18684171612263065,2000
severity_sup8,clinical_plus_states,clinical,rmse,-0.2904669559123012,-0.7547320514056955,0.1343925227356144,2000
severity_sup8,clinical_plus_states,clinical,r2,0.23612518657914483,-0.15432524852536783,0.847803078784491,2000
severity_sup8,clinical_plus_states,train_mean,mae,-0.13210344048752676,-0.438892466336802,0.2385389112458031,2000
severity_sup8,clinical_plus_states,train_mean,rmse,-0.024296397346601495,-0.4825353337496777,0.49672595027685834,2000
severity_sup8,clinical_plus_states,train_mean,r2,0.014779172444571123,-0.537280486804017,0.334966404620361,2000
severity_sup8,clinical_plus_states,train_median,mae,-0.11477010715419356,-0.6764492400802726,0.4008134242771973,2000
severity_sup8,clinical_plus_states,train_median,rmse,-0.2872974105108499,-0.8744893695091585,0.33954884625594045,2000
severity_sup8,clinical_plus_states,train_median,r2,0.2320643286945711,-0.4383619399006286,0.7436454099165403,2000
