table,scope,field,n,available,missing
sup7,all_table,participant_id,82,82,0
sup7,all_table,site,82,82,0
sup7,all_table,diag,82,82,0
sup7,all_table,age,82,82,0
sup7,all_table,sex,82,82,0
sup7,all_table,hand,82,0,82
sup7,all_table,VAS,82,82,0
sup7,all_table,SF-MPQ2,82,82,0
sup7,all_table,Left/Right,82,82,0
sup7,all_table,Upper/Lower,82,82,0
sup7,approved99,participant_id,49,49,0
sup7,approved99,site,49,49,0
sup7,approved99,diag,49,49,0
sup7,approved99,age,49,49,0
sup7,approved99,sex,49,49,0
sup7,approved99,hand,49,0,49
sup7,approved99,VAS,49,49,0
sup7,approved99,SF-MPQ2,49,49,0
sup7,approved99,Left/Right,49,49,0
sup7,approved99,Upper/Lower,49,49,0
sup7,scored_patients,participant_id,29,29,0
sup7,scored_patients,site,29,29,0
sup7,scored_patients,diag,29,29,0
sup7,scored_patients,age,29,29,0
sup7,scored_patients,sex,29,29,0
sup7,scored_patients,hand,29,0,29
sup7,scored_patients,VAS,29,29,0
sup7,scored_patients,SF-MPQ2,29,29,0
sup7,scored_patients,Left/Right,29,29,0
sup7,scored_patients,Upper/Lower,29,29,0
sup8,all_table,participant_id,63,63,0
sup8,all_table,site,63,63,0
sup8,all_table,diag,63,63,0
sup8,all_table,age,63,63,0
sup8,all_table,sex,63,63,0
sup8,all_table,hand,63,63,0
sup8,all_table,BDI-II,63,60,3
sup8,all_table,Pain Duration,63,56,7
sup8,all_table,VAS,63,59,4
sup8,approved99,participant_id,50,50,0
sup8,approved99,site,50,50,0
sup8,approved99,diag,50,50,0
sup8,approved99,age,50,50,0
sup8,approved99,sex,50,50,0
sup8,approved99,hand,50,50,0
sup8,approved99,BDI-II,50,47,3
sup8,approved99,Pain Duration,50,45,5
sup8,approved99,VAS,50,47,3
sup8,scored_patients,participant_id,15,15,0
sup8,scored_patients,site,15,15,0
sup8,scored_patients,diag,15,15,0
sup8,scored_patients,age,15,15,0
sup8,scored_patients,sex,15,15,0
sup8,scored_patients,hand,15,15,0
sup8,scored_patients,BDI-II,15,15,0
sup8,scored_patients,Pain Duration,15,12,3
sup8,scored_patients,VAS,15,15,0
