design,method,people,model_seeds,roc_auc,accuracy,balanced_accuracy,sensitivity,specificity,brier,average_precision,log_loss,predicted_positive
primary99,raw_fc,99,1,0.6447908121410992,0.608080808080808,0.6084085315832649,0.6130434782608696,0.6037735849056604,0.26688028692312143,0.6053884698361822,0.8520855012331566,0.49696969696969706
primary99,tangent,99,1,0.7525020508613617,0.6868686868686869,0.6865873666940114,0.682608695652174,0.690566037735849,0.20346082843453223,0.7327185193217689,0.5921752877848004,0.4828282828282828
primary99,srpbs50_trained,99,3,0.6007109652720809,0.5804713804713806,0.582526661197703,0.6115942028985505,0.5534591194968552,0.247392773066278,0.5729273192528073,0.6931750008766038,0.5232323232323233
primary99,srpbs50_random,99,3,0.5751162154771671,0.5696969696969698,0.5694011484823628,0.5652173913043477,0.5735849056603775,0.2615412961478365,0.5424174902252089,0.7418156125672286,0.49090909090909085
primary99,zan54_trained,99,3,0.6299699207000273,0.6195286195286194,0.6215887339349192,0.6507246376811596,0.5924528301886791,0.24495859196872846,0.5801609169894228,0.6894087633586327,0.5205387205387205
primary99,zan54_random,99,3,0.5929176920973476,0.5824915824915825,0.5817336614711512,0.5710144927536233,0.5924528301886792,0.2552171830024185,0.5561608325750851,0.7217603822677474,0.48350168350168343
primary99,joint104_trained,99,3,0.5806945583811867,0.5865319865319865,0.5867514356029532,0.5898550724637682,0.5836477987421383,0.2535716656309993,0.5510250641477108,0.706292336633983,0.49696969696969695
primary99,joint104_random,99,3,0.5875581077385834,0.5925925925925927,0.5917418649165982,0.5797101449275363,0.6037735849056604,0.25628293922177575,0.5451975417990975,0.7191408535032717,0.48148148148148145
sensitivity96,raw_fc,96,1,0.6402097902097902,0.6020833333333333,0.6008741258741259,0.5863636363636364,0.6153846153846155,0.2638513540474316,0.5611734832498814,0.8760124857670026,0.4770833333333334
sensitivity96,tangent,96,1,0.7562062937062937,0.70625,0.7054195804195804,0.6954545454545454,0.7153846153846153,0.2044259115280775,0.7266680768004583,0.603359418384587,0.4729166666666667
sensitivity96,srpbs50_trained,96,3,0.6018356643356644,0.5930555555555556,0.5939393939393939,0.6045454545454546,0.5833333333333333,0.2510407824112594,0.5537218236328657,0.7057205208391991,0.5027777777777778
sensitivity96,srpbs50_random,96,3,0.5778263403263403,0.5777777777777778,0.5782051282051283,0.5833333333333334,0.5730769230769232,0.2607796361316748,0.5392270510361177,0.7368761674514929,0.49861111111111106
sensitivity96,zan54_trained,96,3,0.6426573426573426,0.61875,0.6215034965034966,0.6545454545454547,0.5884615384615385,0.24272737335944303,0.5891808479568412,0.6803107425972486,0.5229166666666667
sensitivity96,zan54_random,96,3,0.5793706293706293,0.586111111111111,0.5861305361305361,0.5863636363636363,0.5858974358974359,0.26495822166178645,0.5383688545199049,0.7628056217901799,0.4930555555555555
sensitivity96,joint104_trained,96,3,0.5924825174825176,0.5965277777777778,0.5967948717948719,0.6,0.5935897435897436,0.251339725203228,0.5587903609701429,0.7053742394315007,0.4951388888888888
sensitivity96,joint104_random,96,3,0.5842074592074592,0.5951388888888888,0.5956293706293707,0.6015151515151514,0.5897435897435898,0.2613779799893284,0.5350274145910059,0.7404610900972625,0.4979166666666667
OSU-to-CIN,raw_fc,50,1,0.550445632798574,0.596,0.5370766488413548,0.35294117647058826,0.7212121212121213,0.256293252329285,0.38735360082457804,0.7389209623260025,0.30400000000000005
OSU-to-CIN,tangent,50,1,0.607843137254902,0.596,0.5770053475935829,0.5176470588235293,0.6363636363636364,0.24263368451162873,0.4845749690531379,0.6821425297188818,0.41600000000000004
OSU-to-CIN,srpbs50_trained,50,3,0.5802733214497919,0.6333333333333332,0.5976827094474152,0.48627450980392156,0.7090909090909091,0.24126972572612262,0.45248283375492526,0.6773288834582757,0.35733333333333334
OSU-to-CIN,srpbs50_random,50,3,0.5600713012477719,0.5706666666666665,0.5587641117052882,0.5215686274509804,0.5959595959595959,0.29712987588248085,0.43782704168792236,0.9869096562458083,0.44399999999999995
OSU-to-CIN,zan54_trained,50,3,0.6174688057040997,0.6933333333333332,0.6450386215092097,0.4941176470588235,0.7959595959595958,0.24045686291308588,0.45599732513608365,0.6739527096641978,0.3026666666666667
OSU-to-CIN,zan54_random,50,3,0.5832442067736185,0.5533333333333333,0.5551396316102198,0.5607843137254901,0.5494949494949494,0.28202616040570566,0.4568679561942679,0.8269813746098468,0.48799999999999993
OSU-to-CIN,joint104_trained,50,3,0.5045751633986928,0.6026666666666667,0.5459298871063577,0.36862745098039207,0.7232323232323233,0.2589130384570875,0.3634537440810829,0.7221502675580536,0.308
OSU-to-CIN,joint104_random,50,3,0.5855020796197267,0.5826666666666667,0.5887700534759358,0.607843137254902,0.5696969696969697,0.28104051533896973,0.4700686882787385,0.8465746044933967,0.49066666666666675
CIN-to-OSU,raw_fc,46,1,0.5325536062378168,0.5956521739130435,0.5557504873294347,0.7851851851851851,0.3263157894736842,0.2680077342969863,0.5971822569945837,0.8077769443190409,0.7391304347826086
CIN-to-OSU,tangent,46,1,0.6128654970760234,0.6304347826086957,0.5760233918128654,0.888888888888889,0.2631578947368421,0.24101515055818182,0.7052922535460426,0.6876443833535651,0.826086956521739
CIN-to-OSU,srpbs50_trained,46,3,0.5616634178037688,0.5507246376811594,0.5273554256010397,0.6617283950617284,0.3929824561403509,0.2858892976217439,0.6526638739972032,0.8225937253071616,0.6391304347826087
CIN-to-OSU,srpbs50_random,46,3,0.5330734243014944,0.4797101449275363,0.49805068226120847,0.39259259259259255,0.6035087719298244,0.35588339245794637,0.6241651483815471,1.2350550824931426,0.39420289855072455
CIN-to-OSU,zan54_trained,46,3,0.6105263157894737,0.581159420289855,0.5548408057179988,0.7061728395061727,0.40350877192982454,0.25046541308792475,0.7058908536422006,0.7006395220262309,0.6608695652173914
CIN-to-OSU,zan54_random,46,3,0.6006497725795972,0.5376811594202899,0.5469135802469135,0.4938271604938272,0.6,0.3008400778028498,0.6827454452244197,0.9112095320357418,0.455072463768116
CIN-to-OSU,joint104_trained,46,3,0.5252761533463288,0.5057971014492754,0.4807667316439245,0.6246913580246913,0.33684210526315783,0.2744710465221801,0.6655830354795146,0.7602854546701242,0.6405797101449276
CIN-to-OSU,joint104_random,46,3,0.5694606887589343,0.527536231884058,0.5424301494476932,0.4567901234567902,0.6280701754385963,0.3286550996383723,0.6557317868702975,1.0990157955702144,0.42173913043478267
