center	k	method	mse	mae
essen	1	offset	1.012847657744074	0.7960120267381509
essen	1	raw	0.536158944006539	0.5890856134199084
essen	1	source_mean	0.6965683881701658	0.6848429457184056
essen	1	support_mean	1.2836359333414242	0.9177010685859073
essen	5	offset	0.6264611827463827	0.6263204904277239
essen	5	raw	0.5378701112262523	0.5900784667353004
essen	5	source_mean	0.6959107368765194	0.683729792863652
essen	5	support_mean	0.7566923986862666	0.7083382831906899
essen	10	offset	0.5759953371379588	0.5978280696120624
essen	10	raw	0.5357108395162138	0.5880383007198655
essen	10	source_mean	0.6925217755421799	0.6812095827691048
essen	10	support_mean	0.7004390153171206	0.6862169236113659
szeged	1	offset	0.35740983435547474	0.4943423310672967
szeged	1	raw	0.43954450342810875	0.5716735956031879
szeged	1	source_mean	0.39400878506907305	0.5388223727985807
szeged	1	support_mean	0.4204941052302068	0.5288066830189654
szeged	5	offset	0.20837334936661098	0.37392700052862926
szeged	5	raw	0.4367721216651755	0.5702759917603369
szeged	5	source_mean	0.39492481496662935	0.5400815554294656
szeged	5	support_mean	0.25273039723721896	0.40096789056703214
szeged	10	offset	0.18807653910366304	0.3552705568595114
szeged	10	raw	0.4355107654533303	0.5696937123435033
szeged	10	source_mean	0.39580490051201883	0.5413539997792695
szeged	10	support_mean	0.23061822709330834	0.37542886365346234
