stage,design,method,label,subjects,roc_auc,roc_auc_ci,accuracy,accuracy_ci,balanced_accuracy,balanced_accuracy_ci,sensitivity,sensitivity_ci,specificity,specificity_ci
logistic,primary99,raw_fc__none,Raw FC · Logistic · 未调整,99,0.6390484003281378,"[0.5476517637407711, 0.7256234618539785]",0.597979797979798,"[0.5211616161616162, 0.6747474747474748]",0.5966776045939295,"[0.5175, 0.6736751435602953]",0.5782608695652174,"[0.4608695652173913, 0.6826086956521739]",0.6150943396226415,"[0.5131132075471698, 0.720754716981132]"
logistic,primary99,raw_fc__age,Raw FC · Logistic · 年龄,99,0.5863822805578344,"[0.4984413453650533, 0.6738330598851516]",0.5656565656565656,"[0.49292929292929294, 0.6404040404040404]",0.5644790812141098,"[0.4904778506972929, 0.6391314602132896]",0.5478260869565217,"[0.43478260869565216, 0.6522826086956516]",0.5811320754716981,"[0.4830188679245283, 0.6830188679245283]"
logistic,primary99,raw_fc__age_site,Raw FC · Logistic · 年龄/站点,99,0.6202625102543068,"[0.5318088597210829, 0.7045159967186216]",0.5777777777777777,"[0.503030303030303, 0.6484848484848484]",0.5775225594749795,"[0.5009003281378179, 0.6487356439704675]",0.5739130434782609,"[0.4607608695652174, 0.6782608695652174]",0.5811320754716981,"[0.4867924528301887, 0.6830188679245283]"
logistic,primary99,raw_fc__age_site_motion,Raw FC · Logistic · 年龄/站点/头动,99,0.6216570959803118,"[0.5316591468416735, 0.7077378999179654]",0.5595959595959596,"[0.48484848484848486, 0.6323232323232323]",0.5591058244462674,"[0.48539068908941757, 0.6319524200164068]",0.5521739130434783,"[0.45652173913043476, 0.6478260869565218]",0.5660377358490566,"[0.4641509433962264, 0.6754716981132075]"
logistic,primary99,source9__none,旧9人 · Logistic · 未调整,99,0.6937653814602133,"[0.5906460213289583, 0.783525430680886]",0.6626262626262627,"[0.5797979797979798, 0.7393939393939394]",0.6599261689909761,"[0.575386587366694, 0.7376732977850697]",0.6217391304347826,"[0.5, 0.7348913043478255]",0.6981132075471698,"[0.5886792452830188, 0.8075471698113208]"
logistic,primary99,source9__age,旧9人 · Logistic · 年龄,99,0.6426579163248565,"[0.5437223133716161, 0.7378301886792452]",0.6080808080808081,"[0.5272727272727272, 0.6828282828282828]",0.6086956521739131,"[0.528615668580804, 0.6831224364232976]",0.6173913043478261,"[0.508695652173913, 0.7217391304347827]",0.6,"[0.49056603773584906, 0.7056603773584905]"
logistic,primary99,source9__age_site,旧9人 · Logistic · 年龄/站点,99,0.6168990976210008,"[0.5198523379819525, 0.71035890073831]",0.591919191919192,"[0.5151515151515151, 0.6646464646464646]",0.591591468416735,"[0.5157434372436424, 0.6643980721903199]",0.5869565217391305,"[0.4782608695652174, 0.691304347826087]",0.5962264150943396,"[0.49056603773584906, 0.6943396226415094]"
logistic,primary99,source9__age_site_motion,旧9人 · Logistic · 年龄/站点/头动,99,0.636259228876128,"[0.5407670221493027, 0.725440935192781]",0.6282828282828283,"[0.5555050505050505, 0.6970202020202018]",0.6295734208367514,"[0.5561894995898277, 0.6987325676784248]",0.6478260869565218,"[0.5434782608695652, 0.7478260869565218]",0.6113207547169811,"[0.5093396226415094, 0.7056603773584905]"
logistic,primary99,source7__none,旧低头动7人 · Logistic · 未调整,99,0.6682526661197704,"[0.5617637407711239, 0.766052091878589]",0.6464646464646465,"[0.5676767676767677, 0.7252525252525253]",0.6422477440525021,"[0.560745488105004, 0.7217063166529941]",0.5826086956521739,"[0.45217391304347826, 0.7086956521739131]",0.7018867924528301,"[0.6, 0.8]"
logistic,primary99,source7__age,旧低头动7人 · Logistic · 年龄,99,0.6298605414273994,"[0.5254245283018867, 0.7255968006562756]",0.5797979797979798,"[0.49893939393939396, 0.6545454545454545]",0.5802707136997539,"[0.498435192780968, 0.6564089417555372]",0.5869565217391305,"[0.46956521739130436, 0.7043478260869566]",0.5735849056603773,"[0.4641509433962264, 0.6830188679245283]"
logistic,primary99,source7__age_site,旧低头动7人 · Logistic · 年龄/站点,99,0.6292042657916326,"[0.5267022149302707, 0.7246944216570959]",0.597979797979798,"[0.5212121212121212, 0.6727272727272727]",0.5981132075471698,"[0.5191950369155044, 0.674127358490566]",0.6,"[0.47391304347826085, 0.7217391304347827]",0.5962264150943396,"[0.49424528301886794, 0.6943396226415094]"
logistic,primary99,source7__age_site_motion,旧低头动7人 · Logistic · 年龄/站点/头动,99,0.6319934372436423,"[0.5283757178014766, 0.7266796554552911]",0.6222222222222222,"[0.5434343434343434, 0.694949494949495]",0.6213289581624282,"[0.5410059474979492, 0.6950399917965546]",0.6086956521739131,"[0.48695652173913045, 0.7260869565217392]",0.6339622641509434,"[0.5320754716981132, 0.7320754716981132]"
logistic,primary99,nuisance__age,仅协变量 · Logistic · 年龄,99,0.6326497128794093,"[0.5184392945036915, 0.7351527891714521]",0.6323232323232323,"[0.5373737373737374, 0.7212121212121212]",0.6347826086956522,"[0.5412212879409352, 0.7249794913863823]",0.6695652173913044,"[0.5434782608695652, 0.7956521739130434]",0.6,"[0.4679245283018868, 0.7283018867924528]"
logistic,primary99,nuisance__age_site,仅协变量 · Logistic · 年龄/站点,99,0.6195242001640688,"[0.5080363002461034, 0.7286741181296144]",0.6121212121212121,"[0.5212121212121212, 0.705050505050505]",0.6121821164889254,"[0.520332239540607, 0.704316037735849]",0.6130434782608696,"[0.4782608695652174, 0.7434782608695653]",0.6113207547169811,"[0.4867924528301887, 0.7358490566037735]"
logistic,primary99,nuisance__age_site_motion,仅协变量 · Logistic · 年龄/站点/头动,99,0.5911402789171453,"[0.48045324036095155, 0.7004922067268252]",0.6121212121212121,"[0.5212121212121212, 0.705050505050505]",0.6124692370795735,"[0.5189356029532404, 0.7046041837571779]",0.6173913043478261,"[0.4826086956521739, 0.7478260869565218]",0.6075471698113207,"[0.4866981132075472, 0.7320754716981132]"
logistic,primary99,source50__none,新增50人 · Logistic · 未调整,99,0.6189499589827727,"[0.5231214109926169, 0.7103671041837569]",0.5898989898989899,"[0.509090909090909, 0.6707070707070707]",0.5897046759639049,"[0.5086289991796554, 0.6723574651353568]",0.5869565217391305,"[0.46956521739130436, 0.7043478260869566]",0.5924528301886792,"[0.47924528301886793, 0.7056603773584905]"
logistic,primary99,source50__age,新增50人 · Logistic · 年龄,99,0.5508613617719442,"[0.4561074651353569, 0.6402809680065628]",0.5252525252525253,"[0.4505050505050505, 0.597979797979798]",0.5258818703855619,"[0.450152789171452, 0.5981193601312551]",0.5347826086956522,"[0.4217391304347826, 0.639239130434782]",0.5169811320754717,"[0.41509433962264153, 0.6151886792452825]"
logistic,primary99,source50__age_site,新增50人 · Logistic · 年龄/站点,99,0.5694011484823627,"[0.47587776866283843, 0.657840442986054]",0.5373737373737374,"[0.4666666666666667, 0.6080808080808081]",0.537202625102543,"[0.4661577112387203, 0.6081367924528301]",0.5347826086956522,"[0.43043478260869567, 0.6434782608695652]",0.539622641509434,"[0.44518867924528305, 0.6339622641509434]"
logistic,primary99,source50__age_site_motion,新增50人 · Logistic · 年龄/站点/头动,99,0.5762100082034454,"[0.4877748154224774, 0.662840442986054]",0.5494949494949495,"[0.4808080808080808, 0.6202020202020202]",0.5502461033634126,"[0.4809669811320755, 0.6203066037735849]",0.5608695652173913,"[0.45217391304347826, 0.6608695652173913]",0.539622641509434,"[0.44150943396226416, 0.6377358490566037]"
logistic,primary99,source46__none,新增低头动46人 · Logistic · 未调整,99,0.5670221493027071,"[0.46496513535684986, 0.6712961443806398]",0.5878787878787879,"[0.5070707070707071, 0.6666666666666666]",0.5892534864643151,"[0.5087694831829369, 0.6697764561115669]",0.6086956521739131,"[0.49119565217391303, 0.7304347826086957]",0.569811320754717,"[0.4528301886792453, 0.6830188679245283]"
logistic,primary99,source46__age,新增低头动46人 · Logistic · 年龄,99,0.494667760459393,"[0.397122641509434, 0.5896862182116489]",0.5070707070707071,"[0.4322727272727273, 0.5818181818181818]",0.5037325676784249,"[0.4288556193601312, 0.5783162428219851]",0.45652173913043476,"[0.34347826086956523, 0.5695652173913044]",0.5509433962264151,"[0.4528301886792453, 0.6490566037735849]"
logistic,primary99,source46__age_site,新增低头动46人 · Logistic · 年龄/站点,99,0.48818703855619355,"[0.388759228876128, 0.5842596390484003]",0.498989898989899,"[0.41818181818181815, 0.5757575757575758]",0.49618539786710414,"[0.4162735849056604, 0.5736259228876128]",0.45652173913043476,"[0.34347826086956523, 0.5695652173913044]",0.5358490566037736,"[0.43018867924528303, 0.6415094339622641]"
logistic,primary99,source46__age_site_motion,新增低头动46人 · Logistic · 年龄/站点/头动,99,0.4776866283839213,"[0.3859721082854799, 0.5707157506152584]",0.4707070707070707,"[0.39792929292929297, 0.5454545454545454]",0.467760459392945,"[0.3948236259228876, 0.5416355619360131]",0.4260869565217391,"[0.3130434782608696, 0.5304347826086957]",0.5094339622641509,"[0.41122641509433966, 0.6037735849056604]"
logistic,sensitivity96,raw_fc__none,Raw FC · Logistic · 未调整,96,0.6203671328671329,"[0.5275327797202797, 0.7063876748251748]",0.58125,"[0.5020833333333333, 0.6583854166666664]",0.5791958041958042,"[0.49877622377622377, 0.6578715034965035]",0.5545454545454546,"[0.43636363636363634, 0.6727272727272727]",0.6038461538461538,"[0.5, 0.7115384615384616]"
logistic,sensitivity96,raw_fc__age,Raw FC · Logistic · 年龄,96,0.5596153846153846,"[0.4673841783216783, 0.6479938811188811]",0.5166666666666667,"[0.44583333333333336, 0.5875]",0.5171328671328671,"[0.4443968531468531, 0.5889903846153846]",0.5227272727272727,"[0.41818181818181815, 0.6228409090909084]",0.5115384615384615,"[0.4153846153846154, 0.6076923076923076]"
logistic,sensitivity96,raw_fc__age_site,Raw FC · Logistic · 年龄/站点,96,0.5664335664335663,"[0.4804152097902097, 0.6536822552447552]",0.5291666666666667,"[0.46041666666666664, 0.5979166666666667]",0.529020979020979,"[0.45978583916083915, 0.597027972027972]",0.5272727272727272,"[0.42272727272727273, 0.6272727272727273]",0.5307692307692308,"[0.4346153846153846, 0.6269230769230769]"
logistic,sensitivity96,raw_fc__age_site_motion,Raw FC · Logistic · 年龄/站点/头动,96,0.5704545454545455,"[0.48347465034965026, 0.6553321678321679]",0.5354166666666667,"[0.4666666666666667, 0.6041666666666666]",0.5323426573426573,"[0.4634615384615385, 0.5998251748251748]",0.4954545454545455,"[0.39090909090909093, 0.5954545454545455]",0.5692307692307692,"[0.47692307692307695, 0.6653846153846154]"
logistic,sensitivity96,source9__none,旧9人 · Logistic · 未调整,96,0.6853146853146853,"[0.587132867132867, 0.777972027972028]",0.6625,"[0.5853645833333334, 0.7395833333333334]",0.6587412587412588,"[0.5819886363636364, 0.7354895104895105]",0.6136363636363636,"[0.5045454545454545, 0.7272727272727273]",0.7038461538461539,"[0.5961538461538461, 0.8038461538461539]"
logistic,sensitivity96,source9__age,旧9人 · Logistic · 年龄,96,0.6284090909090909,"[0.5231643356643356, 0.7215319055944055]",0.6125,"[0.5291666666666667, 0.6895833333333333]",0.6111888111888112,"[0.527972027972028, 0.687416958041958]",0.5954545454545455,"[0.4772727272727273, 0.7136363636363636]",0.6269230769230769,"[0.5192307692307693, 0.7269230769230769]"
logistic,sensitivity96,source9__age_site,旧9人 · Logistic · 年龄/站点,96,0.6142482517482517,"[0.5133719405594406, 0.7075174825174826]",0.5875,"[0.5083333333333333, 0.6625]",0.5863636363636364,"[0.5064597902097902, 0.6606687062937063]",0.5727272727272728,"[0.45454545454545453, 0.6863636363636364]",0.6,"[0.49230769230769234, 0.6923076923076923]"
logistic,sensitivity96,source9__age_site_motion,旧9人 · Logistic · 年龄/站点/头动,96,0.6310314685314685,"[0.5338155594405594, 0.7201223776223776]",0.6166666666666667,"[0.5395833333333333, 0.6895833333333333]",0.6167832167832168,"[0.5396853146853147, 0.689868881118881]",0.6181818181818182,"[0.5045454545454545, 0.7272727272727273]",0.6153846153846154,"[0.5075961538461539, 0.7153846153846154]"
logistic,sensitivity96,source7__none,旧低头动7人 · Logistic · 未调整,96,0.6562062937062937,"[0.5550655594405595, 0.7533238636363636]",0.6291666666666667,"[0.54375, 0.7104166666666667]",0.6234265734265734,"[0.5374082167832168, 0.705611888111888]",0.5545454545454546,"[0.41818181818181815, 0.6909090909090909]",0.6923076923076923,"[0.5922115384615385, 0.7846153846153846]"
logistic,sensitivity96,source7__age,旧低头动7人 · Logistic · 年龄,96,0.6177447552447553,"[0.5128496503496504, 0.713902972027972]",0.5875,"[0.5083333333333333, 0.6625]",0.5828671328671329,"[0.5020979020979021, 0.6597902097902097]",0.5272727272727272,"[0.40443181818181817, 0.65]",0.6384615384615384,"[0.5346153846153846, 0.7346153846153847]"
logistic,sensitivity96,source7__age_site,旧低头动7人 · Logistic · 年龄/站点,96,0.6158216783216783,"[0.5135227272727273, 0.7125043706293706]",0.5833333333333334,"[0.50625, 0.6583333333333333]",0.5821678321678322,"[0.5041652097902097, 0.6571765734265734]",0.5681818181818182,"[0.44545454545454544, 0.6819318181818175]",0.5961538461538461,"[0.49615384615384617, 0.6885576923076918]"
logistic,sensitivity96,source7__age_site_motion,旧低头动7人 · Logistic · 年龄/站点/头动,96,0.6604895104895105,"[0.5521612762237762, 0.7610183566433567]",0.6229166666666667,"[0.5416666666666666, 0.7020833333333333]",0.6218531468531469,"[0.5388068181818182, 0.7034965034965035]",0.6090909090909091,"[0.4727272727272727, 0.7363636363636363]",0.6346153846153846,"[0.5269230769230769, 0.7307692307692307]"
logistic,sensitivity96,nuisance__age,仅协变量 · Logistic · 年龄,96,0.6364073426573427,"[0.5211101398601399, 0.7427644230769229]",0.6395833333333333,"[0.5416666666666666, 0.7292187499999997]",0.6421328671328672,"[0.5447508741258741, 0.7300743006993007]",0.6727272727272727,"[0.5271590909090909, 0.8046590909090903]",0.6115384615384616,"[0.4807692307692308, 0.7307692307692307]"
logistic,sensitivity96,nuisance__age_site,仅协变量 · Logistic · 年龄/站点,96,0.6430944055944057,"[0.5295356206293707, 0.7486057692307693]",0.6125,"[0.5186979166666668, 0.7041666666666667]",0.6118881118881119,"[0.5160839160839161, 0.7047333916083915]",0.6045454545454545,"[0.45454545454545453, 0.7454545454545455]",0.6192307692307693,"[0.49230769230769234, 0.7385576923076919]"
logistic,sensitivity96,nuisance__age_site_motion,仅协变量 · Logistic · 年龄/站点/头动,96,0.6038461538461538,"[0.4900305944055944, 0.7111057692307693]",0.6125,"[0.5207812500000001, 0.7]",0.6122377622377623,"[0.5176486013986014, 0.7028015734265733]",0.6090909090909091,"[0.4590909090909091, 0.7545454545454545]",0.6153846153846154,"[0.49230769230769234, 0.7307692307692307]"
logistic,sensitivity96,source50__none,新增50人 · Logistic · 未调整,96,0.6374125874125874,"[0.5379348776223775, 0.7319143356643356]",0.6083333333333333,"[0.5291145833333334, 0.6875]",0.6055944055944056,"[0.5244667832167832, 0.6834090909090909]",0.5727272727272728,"[0.45, 0.6909090909090909]",0.6384615384615384,"[0.5269230769230769, 0.7538461538461538]"
logistic,sensitivity96,source50__age,新增50人 · Logistic · 年龄,96,0.5949300699300698,"[0.49763767482517485, 0.6911800699300699]",0.56875,"[0.49375, 0.64375]",0.5652097902097901,"[0.4888111888111888, 0.6403846153846153]",0.5227272727272727,"[0.40454545454545454, 0.6318181818181818]",0.6076923076923076,"[0.5075961538461539, 0.7115384615384616]"
logistic,sensitivity96,source50__age_site,新增50人 · Logistic · 年龄/站点,96,0.5953671328671329,"[0.49580419580419577, 0.6905681818181818]",0.5520833333333334,"[0.47291666666666665, 0.6270833333333333]",0.5484265734265734,"[0.4688767482517482, 0.6236101398601398]",0.5045454545454545,"[0.38181818181818183, 0.6181818181818182]",0.5923076923076923,"[0.48846153846153845, 0.6924038461538456]"
logistic,sensitivity96,source50__age_site_motion,新增50人 · Logistic · 年龄/站点/头动,96,0.6116258741258741,"[0.5206162587412587, 0.7025655594405593]",0.5833333333333334,"[0.5145833333333333, 0.65625]",0.5804195804195804,"[0.5092613636363637, 0.6522945804195803]",0.5454545454545454,"[0.4409090909090909, 0.65]",0.6153846153846154,"[0.5192307692307693, 0.7153846153846154]"
logistic,sensitivity96,source46__none,新增低头动46人 · Logistic · 未调整,96,0.5621503496503497,"[0.4619755244755245, 0.6611123251748251]",0.5729166666666666,"[0.49583333333333335, 0.65]",0.5732517482517483,"[0.4961494755244755, 0.6519361888111886]",0.5772727272727273,"[0.45454545454545453, 0.6909090909090909]",0.5692307692307692,"[0.46153846153846156, 0.676923076923077]"
logistic,sensitivity96,source46__age,新增低头动46人 · Logistic · 年龄,96,0.46809440559440557,"[0.3766477272727273, 0.555681818181818]",0.4875,"[0.42083333333333334, 0.55625]",0.48426573426573427,"[0.4178234265734265, 0.5522945804195802]",0.44545454545454544,"[0.3409090909090909, 0.55]",0.5230769230769231,"[0.4346153846153846, 0.6116346153846149]"
logistic,sensitivity96,source46__age_site,新增低头动46人 · Logistic · 年龄/站点,96,0.4635489510489511,"[0.372895541958042, 0.5532342657342657]",0.46875,"[0.4, 0.5375]",0.4638111888111888,"[0.3956162587412588, 0.5328671328671328]",0.40454545454545454,"[0.3, 0.5136363636363637]",0.5230769230769231,"[0.4307692307692308, 0.6115384615384616]"
logistic,sensitivity96,source46__age_site_motion,新增低头动46人 · Logistic · 年龄/站点/头动,96,0.48863636363636365,"[0.3924759615384615, 0.5815581293706293]",0.49166666666666664,"[0.42083333333333334, 0.5645833333333333]",0.4891608391608392,"[0.4179763986013986, 0.5617263986013986]",0.4590909090909091,"[0.35, 0.5727272727272728]",0.5192307692307693,"[0.4229807692307692, 0.6230769230769231]"
finetuning,primary99,source9__none__frozen_encoder,旧9人 · 冻结+BCE头 · 未调整,99,0.6264150943396227,"[0.5299323215750616, 0.7251927809680065]",0.6060606060606061,"[0.5272727272727272, 0.6848484848484848]",0.6091058244462675,"[0.5309269893355208, 0.6869565217391305]",0.6521739130434783,"[0.5260869565217391, 0.7695652173913043]",0.5660377358490566,"[0.4528301886792453, 0.6754716981132075]"
finetuning,primary99,source9__none__last_layer,旧9人 · 最后层+BCE头 · 未调整,99,0.6351927809680066,"[0.5340340442986053, 0.7363412633305988]",0.6181818181818182,"[0.5353535353535354, 0.6970202020202018]",0.6192780968006563,"[0.5372395406070549, 0.6981993437243641]",0.6347826086956522,"[0.508695652173913, 0.7522826086956516]",0.6037735849056604,"[0.4867924528301887, 0.7169811320754716]"
finetuning,primary99,source9__age_site_motion__frozen_encoder,旧9人 · 冻结+BCE头 · 年龄/站点/头动,99,0.5153404429860542,"[0.44001640689089416, 0.5871534044298604]",0.5333333333333333,"[0.4726767676767677, 0.5898989898989899]",0.5311320754716982,"[0.46993334700574246, 0.5879460623461853]",0.5,"[0.41304347826086957, 0.5783695652173907]",0.5622641509433962,"[0.47915094339622644, 0.6452830188679245]"
finetuning,primary99,source9__age_site_motion__last_layer,旧9人 · 最后层+BCE头 · 年龄/站点/头动,99,0.5177194421657096,"[0.43592493847415914, 0.5965791632485643]",0.5171717171717172,"[0.45252525252525255, 0.5798484848484845]",0.5131665299425758,"[0.44790094339622644, 0.5769934372436423]",0.45652173913043476,"[0.3652173913043478, 0.5434782608695652]",0.569811320754717,"[0.47924528301886793, 0.6566037735849056]"
finetuning,primary99,source7__none__frozen_encoder,旧低头动7人 · 冻结+BCE头 · 未调整,99,0.649630844954881,"[0.5458429040196884, 0.7497477440525019]",0.6262626262626263,"[0.5515151515151515, 0.703030303030303]",0.6150533223954061,"[0.538714109926169, 0.6916642739950778]",0.45652173913043476,"[0.3347826086956522, 0.5782608695652174]",0.7735849056603774,"[0.6754716981132075, 0.8641509433962264]"
finetuning,primary99,source7__none__last_layer,旧低头动7人 · 最后层+BCE头 · 未调整,99,0.6598031173092698,"[0.5557752255947498, 0.7604614438063988]",0.6565656565656566,"[0.5797474747474747, 0.7333333333333333]",0.6468006562756358,"[0.566897046759639, 0.7267052912223133]",0.508695652173913,"[0.3782608695652174, 0.6434782608695652]",0.7849056603773585,"[0.6867924528301886, 0.8717924528301882]"
finetuning,primary99,source7__age_site_motion__frozen_encoder,旧低头动7人 · 冻结+BCE头 · 年龄/站点/头动,99,0.5283839212469237,"[0.4460028712059064, 0.608371616078753]",0.5434343434343434,"[0.4868686868686869, 0.6]",0.5313781788351107,"[0.47377563576702214, 0.5880639868744872]",0.36086956521739133,"[0.26956521739130435, 0.44782608695652176]",0.7018867924528301,"[0.6264150943396226, 0.7735849056603774]"
finetuning,primary99,source7__age_site_motion__last_layer,旧低头动7人 · 最后层+BCE头 · 年龄/站点/头动,99,0.5315012305168171,"[0.44650123051681706, 0.6143580803937653]",0.5333333333333333,"[0.47474747474747475, 0.591919191919192]",0.5207957342083676,"[0.4601691960623462, 0.5800297374897457]",0.34347826086956523,"[0.24782608695652175, 0.43478260869565216]",0.6981132075471698,"[0.6188679245283019, 0.7735849056603774]"
finetuning,primary99,source50__none__frozen_encoder,新增50人 · 冻结+BCE头 · 未调整,99,0.6211648892534865,"[0.520664479081214, 0.7178199343724364]",0.597979797979798,"[0.5191919191919192, 0.6787878787878788]",0.6004101722723544,"[0.5193560295324036, 0.6810582444626743]",0.6347826086956522,"[0.508695652173913, 0.7565217391304347]",0.5660377358490566,"[0.45660377358490567, 0.6754716981132075]"
finetuning,primary99,source50__none__last_layer,新增50人 · 最后层+BCE头 · 未调整,99,0.6189499589827727,"[0.5190053322395406, 0.7187038556193601]",0.602020202020202,"[0.5252525252525253, 0.6787878787878788]",0.6033223954060705,"[0.5267586136177194, 0.6797467186218211]",0.6217391304347826,"[0.4956521739130435, 0.7391304347826086]",0.5849056603773585,"[0.4830188679245283, 0.6867924528301886]"
finetuning,primary99,source50__age_site_motion__frozen_encoder,新增50人 · 冻结+BCE头 · 年龄/站点/头动,99,0.5195242001640689,"[0.44626743232157506, 0.5889294503691551]",0.509090909090909,"[0.45656565656565656, 0.5616161616161616]",0.5041837571780148,"[0.45082034454470876, 0.557266201804758]",0.43478260869565216,"[0.34782608695652173, 0.5173913043478261]",0.5735849056603773,"[0.5093396226415094, 0.6377358490566037]"
finetuning,primary99,source50__age_site_motion__last_layer,新增50人 · 最后层+BCE头 · 年龄/站点/头动,99,0.5183757178014766,"[0.44380434782608696, 0.5890955701394586]",0.509090909090909,"[0.4585858585858586, 0.5595959595959596]",0.5027481542247744,"[0.45126743232157507, 0.5548000410172272]",0.41304347826086957,"[0.33043478260869563, 0.49130434782608695]",0.5924528301886792,"[0.5245283018867924, 0.6528301886792452]"
finetuning,primary99,source46__none__frozen_encoder,新增低头动46人 · 冻结+BCE头 · 未调整,99,0.5959803117309269,"[0.4939273995077933, 0.6929552912223134]",0.5959595959595959,"[0.5171717171717172, 0.6747474747474748]",0.593642329778507,"[0.5151681706316653, 0.6730157916324856]",0.5608695652173913,"[0.43478260869565216, 0.6782608695652174]",0.6264150943396226,"[0.5169811320754717, 0.7283018867924528]"
finetuning,primary99,source46__none__last_layer,新增低头动46人 · 最后层+BCE头 · 未调整,99,0.5997538966365874,"[0.49638228055783434, 0.6981132075471698]",0.5878787878787879,"[0.509090909090909, 0.6666666666666666]",0.5855209187858901,"[0.5069657506152584, 0.6643580803937653]",0.5521739130434783,"[0.43043478260869567, 0.6695652173913044]",0.6188679245283019,"[0.5056603773584906, 0.7245283018867924]"
finetuning,primary99,source46__age_site_motion__frozen_encoder,新增低头动46人 · 冻结+BCE头 · 年龄/站点/头动,99,0.4780968006562757,"[0.4167247744052503, 0.5401148482362592]",0.4868686868686869,"[0.43636363636363634, 0.5373737373737374]",0.48228055783429036,"[0.4311925758818704, 0.5330270713699753]",0.41739130434782606,"[0.34347826086956523, 0.49130434782608695]",0.5471698113207547,"[0.47924528301886793, 0.6113207547169811]"
finetuning,primary99,source46__age_site_motion__last_layer,新增低头动46人 · 最后层+BCE头 · 年龄/站点/头动,99,0.47391304347826085,"[0.4103301886792453, 0.538066037735849]",0.49696969696969695,"[0.4504545454545455, 0.5454545454545454]",0.48999179655455294,"[0.4422877358490566, 0.5376948318293683]",0.391304347826087,"[0.3173913043478261, 0.4608695652173913]",0.5886792452830188,"[0.5283018867924528, 0.6490566037735849]"
finetuning,sensitivity96,source9__none__frozen_encoder,旧9人 · 冻结+BCE头 · 未调整,96,0.6447552447552447,"[0.5409287587412588, 0.7469820804195801]",0.6416666666666667,"[0.5583333333333333, 0.725]",0.6433566433566433,"[0.5583784965034965, 0.7264073426573426]",0.6636363636363637,"[0.5363636363636364, 0.7818181818181819]",0.6230769230769231,"[0.5076923076923077, 0.7269230769230769]"
finetuning,sensitivity96,source9__none__last_layer,旧9人 · 最后层+BCE头 · 未调整,96,0.6523601398601399,"[0.5493815559440559, 0.7567919580419578]",0.6520833333333333,"[0.5708333333333333, 0.7333333333333333]",0.6519230769230769,"[0.5704501748251748, 0.7346284965034965]",0.65,"[0.5272727272727272, 0.7636363636363637]",0.6538461538461539,"[0.5384615384615384, 0.7615384615384615]"
finetuning,sensitivity96,source9__age_site_motion__frozen_encoder,旧9人 · 冻结+BCE头 · 年龄/站点/头动,96,0.5373251748251748,"[0.4478146853146853, 0.6291083916083917]",0.53125,"[0.46041666666666664, 0.6041666666666666]",0.5305944055944056,"[0.4601354895104895, 0.6036713286713287]",0.5227272727272727,"[0.41818181818181815, 0.6318181818181818]",0.5384615384615384,"[0.4423076923076923, 0.6384615384615384]"
finetuning,sensitivity96,source9__age_site_motion__last_layer,旧9人 · 最后层+BCE头 · 年龄/站点/头动,96,0.5334790209790209,"[0.443791520979021, 0.6251835664335663]",0.5333333333333333,"[0.46458333333333335, 0.60625]",0.5300699300699301,"[0.4599606643356643, 0.6022770979020979]",0.4909090909090909,"[0.38636363636363635, 0.5954545454545455]",0.5692307692307692,"[0.47692307692307695, 0.6692307692307692]"
finetuning,sensitivity96,source7__none__frozen_encoder,旧低头动7人 · 冻结+BCE头 · 未调整,96,0.6680944055944055,"[0.5673951048951049, 0.7677622377622377]",0.6645833333333333,"[0.5854166666666667, 0.7417187499999998]",0.6505244755244755,"[0.5695585664335665, 0.7311232517482518]",0.4818181818181818,"[0.35, 0.6181818181818182]",0.8192307692307692,"[0.7307692307692307, 0.8961538461538462]"
finetuning,sensitivity96,source7__none__last_layer,旧低头动7人 · 最后层+BCE头 · 未调整,96,0.6738636363636364,"[0.5691368006993007, 0.7777972027972028]",0.6708333333333333,"[0.5875, 0.7500520833333331]",0.6576923076923077,"[0.5746416083916084, 0.7400393356643357]",0.5,"[0.36363636363636365, 0.6409090909090909]",0.8153846153846154,"[0.7192307692307692, 0.8961538461538462]"
finetuning,sensitivity96,source7__age_site_motion__frozen_encoder,旧低头动7人 · 冻结+BCE头 · 年龄/站点/头动,96,0.5407342657342658,"[0.45585008741258737, 0.6297355769230768]",0.5625,"[0.5, 0.6208333333333333]",0.5444055944055943,"[0.48304195804195804, 0.6021022727272727]",0.32727272727272727,"[0.23636363636363636, 0.4137499999999994]",0.7615384615384615,"[0.6846153846153846, 0.8346153846153846]"
finetuning,sensitivity96,source7__age_site_motion__last_layer,旧低头动7人 · 最后层+BCE头 · 年龄/站点/头动,96,0.543006993006993,"[0.4554829545454545, 0.6354414335664333]",0.5625,"[0.4979166666666667, 0.6229166666666667]",0.5444055944055943,"[0.48006993006993004, 0.6045454545454546]",0.32727272727272727,"[0.23636363636363636, 0.41818181818181815]",0.7615384615384615,"[0.680673076923077, 0.8384615384615385]"
finetuning,sensitivity96,source50__none__frozen_encoder,新增50人 · 冻结+BCE头 · 未调整,96,0.6041083916083915,"[0.5058173076923077, 0.698603583916084]",0.5875,"[0.5125, 0.6625]",0.587062937062937,"[0.511687062937063, 0.6620716783216782]",0.5818181818181818,"[0.4681818181818182, 0.6864772727272721]",0.5923076923076923,"[0.48846153846153845, 0.6961538461538461]"
finetuning,sensitivity96,source50__none__last_layer,新增50人 · 最后层+BCE头 · 未调整,96,0.6057692307692307,"[0.5055812937062937, 0.702541520979021]",0.5958333333333333,"[0.5166666666666667, 0.6729166666666667]",0.5933566433566433,"[0.5146678321678321, 0.6699344405594405]",0.5636363636363636,"[0.44545454545454544, 0.6727272727272727]",0.6230769230769231,"[0.5191346153846155, 0.7307692307692307]"
finetuning,sensitivity96,source50__age_site_motion__frozen_encoder,新增50人 · 冻结+BCE头 · 年龄/站点/头动,96,0.509527972027972,"[0.43243006993006994, 0.5869842657342657]",0.5125,"[0.4479166666666667, 0.5770833333333333]",0.5038461538461538,"[0.4417744755244755, 0.5674868881118882]",0.4,"[0.31363636363636366, 0.48647727272727215]",0.6076923076923076,"[0.5152884615384615, 0.7000961538461533]"
finetuning,sensitivity96,source50__age_site_motion__last_layer,新增50人 · 最后层+BCE头 · 年龄/站点/头动,96,0.5101398601398601,"[0.43295017482517484, 0.589785839160839]",0.5104166666666666,"[0.45, 0.5729166666666666]",0.49982517482517486,"[0.43950611888111885, 0.5617263986013985]",0.37272727272727274,"[0.2909090909090909, 0.4590909090909091]",0.6269230769230769,"[0.5346153846153846, 0.7153846153846154]"
finetuning,sensitivity96,source46__none__frozen_encoder,新增低头动46人 · 冻结+BCE头 · 未调整,96,0.5692307692307692,"[0.4713898601398601, 0.665034965034965]",0.5729166666666666,"[0.5020833333333333, 0.6438020833333331]",0.5662587412587413,"[0.49493006993006994, 0.6386407342657343]",0.4863636363636364,"[0.37727272727272726, 0.5909090909090909]",0.6461538461538462,"[0.5423076923076923, 0.7424038461538457]"
finetuning,sensitivity96,source46__none__last_layer,新增低头动46人 · 最后层+BCE头 · 未调整,96,0.5708916083916084,"[0.4746503496503497, 0.6667198426573425]",0.5770833333333333,"[0.5, 0.6520833333333333]",0.5711538461538461,"[0.4937062937062937, 0.6459833916083917]",0.5,"[0.38636363636363635, 0.6090909090909091]",0.6423076923076924,"[0.5346153846153846, 0.7461538461538462]"
finetuning,sensitivity96,source46__age_site_motion__frozen_encoder,新增低头动46人 · 冻结+BCE头 · 年龄/站点/头动,96,0.4316433566433567,"[0.37438592657342656, 0.4926726398601398]",0.4666666666666667,"[0.42083333333333334, 0.5145833333333333]",0.45734265734265733,"[0.4103146853146853, 0.5054370629370629]",0.34545454545454546,"[0.2727272727272727, 0.41818181818181815]",0.5692307692307692,"[0.5038461538461538, 0.6347115384615379]"
finetuning,sensitivity96,source46__age_site_motion__last_layer,新增低头动46人 · 最后层+BCE头 · 年龄/站点/头动,96,0.42465034965034965,"[0.3675677447552448, 0.48619099650349656]",0.48125,"[0.43744791666666666, 0.5291666666666667]",0.47010489510489506,"[0.42482080419580415, 0.5190603146853148]",0.33636363636363636,"[0.2681818181818182, 0.40454545454545454]",0.6038461538461538,"[0.5384615384615384, 0.6692307692307692]"
site_transfer,OSU_to_CIN,training_prior,训练集患病比例,50,0.5,"[0.5, 0.5]",0.34,"[0.34, 0.34]",0.5,"[0.5, 0.5]",1.0,"[1.0, 1.0]",0.0,"[0.0, 0.0]"
site_transfer,OSU_to_CIN,raw_fc,Raw FC · Logistic · 未调整,50,0.5967914438502673,"[0.43885026737967914, 0.7472727272727271]",0.56,"[0.436, 0.684]",0.5468805704099822,"[0.41727272727272735, 0.6757976827094472]",0.5058823529411764,"[0.29411764705882354, 0.7176470588235294]",0.5878787878787879,"[0.4303030303030303, 0.7393939393939394]"
site_transfer,OSU_to_CIN,raw_fc__age_motion,Raw FC · Logistic · 年龄/头动,50,0.6245989304812835,"[0.4730748663101604, 0.7707843137254901]",0.612,"[0.5, 0.72]",0.589126559714795,"[0.4711185383244207, 0.7089260249554367]",0.5176470588235295,"[0.3176470588235294, 0.7294117647058823]",0.6606060606060606,"[0.5151515151515151, 0.793939393939394]"
site_transfer,OSU_to_CIN,source9__none,旧9人 · Logistic · 未调整,50,0.6342245989304813,"[0.4937522281639929, 0.7711229946524064]",0.64,"[0.54, 0.736]",0.5846702317290553,"[0.47504010695187165, 0.6966221033868092]",0.4117647058823529,"[0.2235294117647059, 0.6235294117647059]",0.7575757575757576,"[0.6424242424242425, 0.8606060606060606]"
site_transfer,OSU_to_CIN,source9__age_motion,旧9人 · Logistic · 年龄/头动,50,0.6171122994652406,"[0.4648663101604278, 0.7579411764705883]",0.612,"[0.492, 0.728]",0.5919786096256685,"[0.4573885918003565, 0.7213992869875223]",0.5294117647058824,"[0.3058823529411765, 0.7411764705882353]",0.6545454545454545,"[0.5151515151515151, 0.7818181818181819]"
site_transfer,OSU_to_CIN,source7__none,旧低头动7人 · Logistic · 未调整,50,0.6409982174688057,"[0.5190463458110518, 0.7597237076648842]",0.664,"[0.596, 0.732]",0.5771836007130124,"[0.49371657754010695, 0.67397504456328]",0.3058823529411765,"[0.15294117647058825, 0.49411764705882355]",0.8484848484848485,"[0.7878787878787878, 0.896969696969697]"
site_transfer,OSU_to_CIN,source7__age_motion,旧低头动7人 · Logistic · 年龄/头动,50,0.5818181818181818,"[0.45238859180035657, 0.7098039215686274]",0.604,"[0.512, 0.692]",0.6001782531194295,"[0.5055124777183602, 0.6921702317290551]",0.5882352941176471,"[0.43529411764705883, 0.7294117647058823]",0.6121212121212121,"[0.503030303030303, 0.7151515151515152]"
site_transfer,OSU_to_CIN,nuisance_only,仅年龄/头动,50,0.489126559714795,"[0.3340374331550803, 0.6524777183600708]",0.528,"[0.404, 0.648]",0.471301247771836,"[0.3499108734402852, 0.5992914438502674]",0.29411764705882354,"[0.10588235294117647, 0.5176470588235295]",0.6484848484848484,"[0.4909090909090909, 0.7878787878787878]"
site_transfer,OSU_to_CIN,source9__none__frozen_encoder,旧9人 · 冻结+BCE头 · 未调整,50,0.5736185383244207,"[0.42774509803921573, 0.7144563279857397]",0.62,"[0.512, 0.728]",0.6065953654188948,"[0.48447415329768273, 0.7269251336898395]",0.5647058823529412,"[0.35294117647058826, 0.7764705882352941]",0.6484848484848484,"[0.5151515151515151, 0.7696969696969697]"
site_transfer,OSU_to_CIN,source9__none__last_layer,旧9人 · 最后层+BCE头 · 未调整,50,0.5914438502673797,"[0.4377361853832442, 0.7337076648841354]",0.616,"[0.5, 0.732]",0.597860962566845,"[0.47093582887700536, 0.7256907308377896]",0.5411764705882353,"[0.3176470588235294, 0.7647058823529411]",0.6545454545454545,"[0.509090909090909, 0.7818181818181819]"
site_transfer,OSU_to_CIN,source9__age_motion__frozen_encoder,旧9人 · 冻结+BCE头 · 年龄/头动,50,0.5821746880570411,"[0.44099821746880574, 0.7190909090909089]",0.592,"[0.492, 0.688]",0.6167557932263814,"[0.5119429590017825, 0.7180035650623886]",0.6941176470588235,"[0.5291176470588236, 0.8588235294117647]",0.5393939393939394,"[0.4121212121212121, 0.6666666666666666]"
site_transfer,OSU_to_CIN,source9__age_motion__last_layer,旧9人 · 最后层+BCE头 · 年龄/头动,50,0.596078431372549,"[0.453475935828877, 0.7369073083778966]",0.592,"[0.48, 0.7]",0.613903743315508,"[0.4973083778966132, 0.7246033868092692]",0.6823529411764706,"[0.49411764705882355, 0.8588235294117647]",0.5454545454545454,"[0.40606060606060607, 0.6848484848484848]"
site_transfer,OSU_to_CIN,source7__none__frozen_encoder,旧低头动7人 · 冻结+BCE头 · 未调整,50,0.5433155080213903,"[0.46487522281639926, 0.6231818181818183]",0.552,"[0.484, 0.62]",0.5550802139037433,"[0.4775, 0.6344073083778966]",0.5647058823529412,"[0.4235294117647059, 0.7058823529411765]",0.5454545454545454,"[0.4727272727272727, 0.6181818181818182]"
site_transfer,OSU_to_CIN,source7__none__last_layer,旧低头动7人 · 最后层+BCE头 · 未调整,50,0.5768270944741534,"[0.4666577540106952, 0.6862745098039216]",0.54,"[0.468, 0.616]",0.5516934046345812,"[0.4712967914438503, 0.6349420677361854]",0.5882352941176471,"[0.4470588235294118, 0.7411764705882353]",0.5151515151515151,"[0.4303030303030303, 0.6]"
site_transfer,OSU_to_CIN,source7__age_motion__frozen_encoder,旧低头动7人 · 冻结+BCE头 · 年龄/头动,50,0.5443850267379678,"[0.46488413547237084, 0.6242513368983957]",0.528,"[0.464, 0.592]",0.5454545454545454,"[0.47947860962566846, 0.6165775401069519]",0.6,"[0.4823529411764706, 0.7294117647058823]",0.4909090909090909,"[0.41818181818181815, 0.5636363636363636]"
site_transfer,OSU_to_CIN,source7__age_motion__last_layer,旧低头动7人 · 最后层+BCE头 · 年龄/头动,50,0.5661319073083779,"[0.45738859180035646, 0.6748841354723707]",0.496,"[0.428, 0.568]",0.5440285204991087,"[0.4647058823529412, 0.6185383244206774]",0.6941176470588235,"[0.5647058823529412, 0.8120588235294102]",0.3939393939393939,"[0.3151515151515151, 0.47878787878787876]"
site_transfer,OSU_to_CIN,source50__none,新增50人 · Logistic · 未调整,50,0.6317290552584669,"[0.4727183600713013, 0.7885918003565061]",0.612,"[0.48, 0.744]",0.620499108734403,"[0.48198752228163994, 0.759380570409982]",0.6470588235294118,"[0.4117647058823529, 0.8823529411764706]",0.593939393939394,"[0.4303030303030303, 0.7636363636363637]"
site_transfer,OSU_to_CIN,source50__age_motion,新增50人 · Logistic · 年龄/头动,50,0.617825311942959,"[0.454536541889483, 0.7800356506238859]",0.52,"[0.4, 0.648]",0.55650623885918,"[0.42370320855614974, 0.6875222816399287]",0.6705882352941176,"[0.43529411764705883, 0.8823529411764706]",0.44242424242424244,"[0.2909090909090909, 0.6121212121212121]"
site_transfer,OSU_to_CIN,source46__none,新增低头动46人 · Logistic · 未调整,50,0.564349376114082,"[0.39606951871657753, 0.7255258467023172]",0.564,"[0.424, 0.696]",0.5242424242424242,"[0.3836007130124777, 0.663819073083779]",0.4,"[0.17647058823529413, 0.6352941176470588]",0.6484848484848484,"[0.47878787878787876, 0.806060606060606]"
site_transfer,OSU_to_CIN,source46__age_motion,新增低头动46人 · Logistic · 年龄/头动,50,0.5618538324420678,"[0.40675579322638145, 0.7187254901960785]",0.544,"[0.436, 0.648]",0.5518716577540106,"[0.43921122994652406, 0.6668493761140819]",0.5764705882352941,"[0.38823529411764707, 0.7764705882352941]",0.5272727272727272,"[0.3939393939393939, 0.6545454545454545]"
site_transfer,OSU_to_CIN,source50__none__frozen_encoder,新增50人 · 冻结+BCE头 · 未调整,50,0.5771836007130126,"[0.4812566844919786, 0.6770409982174687]",0.512,"[0.452, 0.572]",0.5390374331550802,"[0.4793181818181818, 0.5991131907308378]",0.6235294117647059,"[0.5294117647058824, 0.7176470588235294]",0.45454545454545453,"[0.3816666666666667, 0.5272727272727272]"
site_transfer,OSU_to_CIN,source50__none__last_layer,新增50人 · 最后层+BCE头 · 未调整,50,0.6003565062388592,"[0.4609447415329768, 0.7404723707664884]",0.524,"[0.444, 0.6080999999999994]",0.5823529411764705,"[0.49857397504456324, 0.6661541889483065]",0.7647058823529411,"[0.6352941176470588, 0.8941176470588236]",0.4,"[0.296969696969697, 0.503030303030303]"
site_transfer,OSU_to_CIN,source50__age_motion__frozen_encoder,新增50人 · 冻结+BCE头 · 年龄/头动,50,0.596078431372549,"[0.49589126559714797, 0.7023351158645275]",0.488,"[0.424, 0.552]",0.5322638146167558,"[0.4639884135472371, 0.6007174688057041]",0.6705882352941176,"[0.5529411764705883, 0.788235294117647]",0.3939393939393939,"[0.3151515151515151, 0.4727272727272727]"
site_transfer,OSU_to_CIN,source50__age_motion__last_layer,新增50人 · 最后层+BCE头 · 年龄/头动,50,0.6092691622103388,"[0.46487522281639926, 0.7540106951871658]",0.46,"[0.388, 0.528]",0.5224598930481283,"[0.4456238859180036, 0.5996434937611408]",0.7176470588235294,"[0.5764705882352941, 0.8470588235294118]",0.32727272727272727,"[0.24242424242424243, 0.41818181818181815]"
site_transfer,OSU_to_CIN,source46__none__frozen_encoder,新增低头动46人 · 冻结+BCE头 · 未调整,50,0.5540106951871657,"[0.438475935828877, 0.6745098039215686]",0.508,"[0.428, 0.588]",0.5559714795008913,"[0.475222816399287, 0.6381639928698751]",0.7058823529411765,"[0.5764705882352941, 0.8355882352941161]",0.40606060606060607,"[0.30303030303030304, 0.49696969696969695]"
site_transfer,OSU_to_CIN,source46__none__last_layer,新增低头动46人 · 最后层+BCE头 · 未调整,50,0.5668449197860962,"[0.4160338680926916, 0.7194385026737968]",0.524,"[0.424, 0.62]",0.5680926916221034,"[0.4673707664884136, 0.6666711229946525]",0.7058823529411765,"[0.5411764705882353, 0.8588235294117647]",0.4303030303030303,"[0.30303030303030304, 0.5515151515151515]"
site_transfer,OSU_to_CIN,source46__age_motion__frozen_encoder,新增低头动46人 · 冻结+BCE头 · 年龄/头动,50,0.5736185383244207,"[0.46450980392156865, 0.6848484848484848]",0.492,"[0.412, 0.568]",0.5552584670231729,"[0.471301247771836, 0.6390374331550802]",0.7529411764705882,"[0.611764705882353, 0.8823529411764706]",0.3575757575757576,"[0.2545454545454545, 0.44863636363636283]"
site_transfer,OSU_to_CIN,source46__age_motion__last_layer,新增低头动46人 · 最后层+BCE头 · 年龄/头动,50,0.5818181818181818,"[0.43493761140819964, 0.7244295900178253]",0.468,"[0.3799, 0.556]",0.5342245989304812,"[0.44223262032085564, 0.6265686274509804]",0.7411764705882353,"[0.5882352941176471, 0.8823529411764706]",0.32727272727272727,"[0.21212121212121213, 0.4303030303030303]"
site_transfer,CIN_to_OSU,training_prior,训练集患病比例,46,0.5,"[0.5, 0.5]",0.41304347826086957,"[0.41304347826086957, 0.41304347826086957]",0.5,"[0.5, 0.5]",0.0,"[0.0, 0.0]",1.0,"[1.0, 1.0]"
site_transfer,CIN_to_OSU,raw_fc,Raw FC · Logistic · 未调整,46,0.5606237816764132,"[0.4023294346978557, 0.7115107212475633]",0.5173913043478261,"[0.39565217391304347, 0.6304347826086957]",0.5327485380116959,"[0.4087475633528265, 0.6461988304093567]",0.4444444444444444,"[0.2962962962962963, 0.6]",0.6210526315789474,"[0.42105263157894735, 0.8105263157894737]"
site_transfer,CIN_to_OSU,raw_fc__age_motion,Raw FC · Logistic · 年龄/头动,46,0.5543859649122806,"[0.3898538011695906, 0.7122904483430799]",0.5304347826086957,"[0.41304347826086957, 0.6521739130434783]",0.5126705653021443,"[0.39453216374269, 0.6349025341130603]",0.6148148148148148,"[0.45925925925925926, 0.762962962962963]",0.4105263157894737,"[0.23157894736842105, 0.6]"
site_transfer,CIN_to_OSU,source9__none,旧9人 · Logistic · 未调整,46,0.6003898635477583,"[0.43507797270955156, 0.7630311890838203]",0.6478260869565218,"[0.5130434782608696, 0.7782608695652173]",0.6267056530214425,"[0.48557017543859654, 0.7569298245614035]",0.7481481481481481,"[0.5777777777777777, 0.8962962962962963]",0.5052631578947369,"[0.29473684210526313, 0.7263157894736842]"
site_transfer,CIN_to_OSU,source9__age_motion,旧9人 · Logistic · 年龄/头动,46,0.5855750487329434,"[0.4210331384015594, 0.7504970760233918]",0.591304347826087,"[0.4608695652173913, 0.717391304347826]",0.5707602339181287,"[0.4411257309941521, 0.701374269005848]",0.6888888888888889,"[0.5185185185185185, 0.8444444444444444]",0.45263157894736844,"[0.2523684210526316, 0.6631578947368421]"
site_transfer,CIN_to_OSU,source7__none,旧低头动7人 · Logistic · 未调整,46,0.6588693957115009,"[0.5056432748538012, 0.8128849902534112]",0.5869565217391305,"[0.4956521739130435, 0.6739130434782609]",0.5389863547758285,"[0.4502826510721248, 0.6265350877192981]",0.8148148148148148,"[0.6962962962962963, 0.9259259259259259]",0.2631578947368421,"[0.1368421052631579, 0.4]"
site_transfer,CIN_to_OSU,source7__age_motion,旧低头动7人 · Logistic · 年龄/头动,46,0.6171539961013645,"[0.4670565302144249, 0.764541910331384]",0.5565217391304348,"[0.47391304347826085, 0.6304347826086957]",0.4927875243664718,"[0.41150097465886937, 0.5680360623781676]",0.8592592592592593,"[0.7407407407407407, 0.9555555555555556]",0.12631578947368421,"[0.021052631578947368, 0.25263157894736843]"
site_transfer,CIN_to_OSU,nuisance_only,仅年龄/头动,46,0.4304093567251462,"[0.26626705653021443, 0.6043372319688106]",0.6304347826086957,"[0.5652173913043478, 0.717391304347826]",0.560428849902534,"[0.48148148148148145, 0.6578947368421053]",0.9629629629629629,"[0.8888888888888888, 1.0]",0.15789473684210525,"[0.0, 0.3157894736842105]"
site_transfer,CIN_to_OSU,source9__none__frozen_encoder,旧9人 · 冻结+BCE头 · 未调整,46,0.615204678362573,"[0.48887914230019486, 0.7493177387914229]",0.5956521739130435,"[0.4956521739130435, 0.7]",0.5900584795321637,"[0.48557504873294344, 0.6976608187134503]",0.6222222222222222,"[0.4888888888888889, 0.7481481481481481]",0.5578947368421052,"[0.3894736842105263, 0.7263157894736842]"
site_transfer,CIN_to_OSU,source9__none__last_layer,旧9人 · 最后层+BCE头 · 未调整,46,0.6175438596491227,"[0.4791423001949318, 0.7559454191033137]",0.5826086956521739,"[0.4825, 0.6826086956521739]",0.5898635477582845,"[0.48595029239766085, 0.69182261208577]",0.5481481481481482,"[0.4148148148148148, 0.6742592592592582]",0.631578947368421,"[0.47368421052631576, 0.7894736842105263]"
site_transfer,CIN_to_OSU,source9__age_motion__frozen_encoder,旧9人 · 冻结+BCE头 · 年龄/头动,46,0.5575048732943471,"[0.4401267056530214, 0.6729044834307992]",0.46956521739130436,"[0.40869565217391307, 0.5304347826086957]",0.5387914230019494,"[0.4807017543859649, 0.5968810916179338]",0.14074074074074075,"[0.05925925925925926, 0.23703703703703705]",0.9368421052631579,"[0.8526315789473684, 1.0]"
site_transfer,CIN_to_OSU,source9__age_motion__last_layer,旧9人 · 最后层+BCE头 · 年龄/头动,46,0.582066276803119,"[0.47210526315789475, 0.6849999999999999]",0.43043478260869567,"[0.4043478260869565, 0.4652173913043478]",0.5116959064327485,"[0.48011695906432744, 0.5444444444444444]",0.044444444444444446,"[0.0, 0.1037037037037037]",0.9789473684210527,"[0.9368421052631579, 1.0]"
site_transfer,CIN_to_OSU,source7__none__frozen_encoder,旧低头动7人 · 冻结+BCE头 · 未调整,46,0.6015594541910332,"[0.5044736842105263, 0.6900779727095514]",0.5652173913043478,"[0.49130434782608695, 0.6391304347826087]",0.5937621832358675,"[0.5220126705653021, 0.6654970760233918]",0.42962962962962964,"[0.3257407407407408, 0.5333333333333333]",0.7578947368421053,"[0.6526315789473685, 0.8526315789473684]"
site_transfer,CIN_to_OSU,source7__none__last_layer,旧低头动7人 · 最后层+BCE头 · 未调整,46,0.6140350877192982,"[0.4916179337231969, 0.730214424951267]",0.5695652173913044,"[0.4825, 0.6521739130434783]",0.6161793372319688,"[0.530214424951267, 0.6974658869395711]",0.34814814814814815,"[0.22203703703703703, 0.48148148148148145]",0.8842105263157894,"[0.7684210526315789, 0.9789473684210527]"
site_transfer,CIN_to_OSU,source7__age_motion__frozen_encoder,旧低头动7人 · 冻结+BCE头 · 年龄/头动,46,0.5664717348927876,"[0.5021442495126706, 0.6265107212475634]",0.45652173913043476,"[0.41304347826086957, 0.508695652173913]",0.5198830409356725,"[0.4781676413255361, 0.5662914230019492]",0.15555555555555556,"[0.08888888888888889, 0.23703703703703705]",0.8842105263157894,"[0.8421052631578947, 0.9263157894736842]"
site_transfer,CIN_to_OSU,source7__age_motion__last_layer,旧低头动7人 · 最后层+BCE头 · 年龄/头动,46,0.5871345029239766,"[0.4994054580896686, 0.6662768031189084]",0.43478260869565216,"[0.4043478260869565, 0.4782608695652174]",0.5169590643274854,"[0.48947368421052634, 0.5555555555555556]",0.044444444444444446,"[0.0, 0.1111111111111111]",0.9894736842105263,"[0.968421052631579, 1.0]"
site_transfer,CIN_to_OSU,source50__none,新增50人 · Logistic · 未调整,46,0.647953216374269,"[0.49355750487329436, 0.7867543859649122]",0.5652173913043478,"[0.44782608695652176, 0.6870652173913038]",0.5734892787524366,"[0.4569152046783626, 0.6935818713450291]",0.5259259259259259,"[0.34814814814814815, 0.6888888888888889]",0.6210526315789474,"[0.4421052631578947, 0.779210526315788]"
site_transfer,CIN_to_OSU,source50__age_motion,新增50人 · Logistic · 年龄/头动,46,0.5789473684210527,"[0.40545808966861596, 0.7407407407407407]",0.5217391304347826,"[0.41304347826086957, 0.6304347826086957]",0.5769980506822612,"[0.47173489278752434, 0.6773879142300194]",0.25925925925925924,"[0.1111111111111111, 0.4444444444444444]",0.8947368421052632,"[0.7368421052631579, 1.0]"
site_transfer,CIN_to_OSU,source46__none,新增低头动46人 · Logistic · 未调整,46,0.5469785575048733,"[0.3796881091617934, 0.7142300194931772]",0.5956521739130435,"[0.4782608695652174, 0.7130434782608696]",0.5666666666666667,"[0.4489083820662768, 0.6918372319688108]",0.7333333333333333,"[0.5775925925925925, 0.8814814814814815]",0.4,"[0.22105263157894736, 0.5789473684210527]"
site_transfer,CIN_to_OSU,source46__age_motion,新增低头动46人 · Logistic · 年龄/头动,46,0.5555555555555556,"[0.38670565302144244, 0.7220467836257308]",0.5956521739130435,"[0.46945652173913044, 0.7217391304347827]",0.5807017543859649,"[0.4489132553606238, 0.70859649122807]",0.6666666666666666,"[0.5035185185185185, 0.8296296296296296]",0.49473684210526314,"[0.29473684210526313, 0.6842105263157895]"
site_transfer,CIN_to_OSU,source50__none__frozen_encoder,新增50人 · 冻结+BCE头 · 未调整,46,0.5403508771929826,"[0.4767836257309941, 0.6003996101364522]",0.5347826086956522,"[0.5, 0.5695652173913044]",0.5569200779727096,"[0.5194931773879142, 0.5933723196881091]",0.42962962962962964,"[0.3925925925925926, 0.4740740740740741]",0.6842105263157895,"[0.6210526315789474, 0.7473684210526316]"
site_transfer,CIN_to_OSU,source50__none__last_layer,新增50人 · 最后层+BCE头 · 未调整,46,0.5614035087719298,"[0.47056530214424946, 0.6483528265107211]",0.4956521739130435,"[0.45652173913043476, 0.5347826086956522]",0.5360623781676412,"[0.498635477582846, 0.5750536062378168]",0.3037037037037037,"[0.2518518518518518, 0.362962962962963]",0.7684210526315789,"[0.7157894736842105, 0.8210526315789474]"
site_transfer,CIN_to_OSU,source50__age_motion__frozen_encoder,新增50人 · 冻结+BCE头 · 年龄/头动,46,0.5298245614035088,"[0.4604191033138401, 0.6007894736842105]",0.4608695652173913,"[0.41739130434782606, 0.5043478260869565]",0.4939571150097466,"[0.4522270955165692, 0.5382115009746589]",0.3037037037037037,"[0.24444444444444444, 0.362962962962963]",0.6842105263157895,"[0.6210526315789474, 0.7473684210526316]"
site_transfer,CIN_to_OSU,source50__age_motion__last_layer,新增50人 · 最后层+BCE头 · 年龄/头动,46,0.5228070175438597,"[0.451832358674464, 0.5984600389863548]",0.4260869565217391,"[0.39565217391304347, 0.45652173913043476]",0.498635477582846,"[0.46647173489278754, 0.5314083820662767]",0.08148148148148149,"[0.044444444444444446, 0.11851851851851852]",0.9157894736842105,"[0.8631578947368421, 0.968421052631579]"
site_transfer,CIN_to_OSU,source46__none__frozen_encoder,新增低头动46人 · 冻结+BCE头 · 未调整,46,0.5571150097465887,"[0.46429824561403504, 0.6499122807017543]",0.5260869565217391,"[0.47391304347826085, 0.5782608695652174]",0.5526315789473684,"[0.4978508771929825, 0.609551656920078]",0.4,"[0.3333333333333333, 0.4666666666666667]",0.7052631578947368,"[0.6210526315789474, 0.7894736842105263]"
site_transfer,CIN_to_OSU,source46__none__last_layer,新增低头动46人 · 最后层+BCE头 · 未调整,46,0.569980506822612,"[0.4717153996101364, 0.6635477582846004]",0.4826086956521739,"[0.43478260869565216, 0.5304347826086957]",0.5311890838206628,"[0.484780701754386, 0.5793469785575048]",0.2518518518518518,"[0.185, 0.32592592592592595]",0.8105263157894737,"[0.7473684210526316, 0.8736842105263158]"
site_transfer,CIN_to_OSU,source46__age_motion__frozen_encoder,新增低头动46人 · 冻结+BCE头 · 年龄/头动,46,0.531384015594542,"[0.4389766081871345, 0.6241812865497076]",0.45652173913043476,"[0.40869565217391307, 0.5043478260869565]",0.5152046783625731,"[0.46607212475633525, 0.5621832358674463]",0.17777777777777778,"[0.11851851851851852, 0.23703703703703705]",0.8526315789473684,"[0.7789473684210526, 0.9263157894736842]"
site_transfer,CIN_to_OSU,source46__age_motion__last_layer,新增低头动46人 · 最后层+BCE头 · 年龄/头动,46,0.5298245614035088,"[0.4471637426900584, 0.6144249512670565]",0.4217391304347826,"[0.391304347826087, 0.45652173913043476]",0.502729044834308,"[0.47212475633528267, 0.5354775828460039]",0.037037037037037035,"[0.0, 0.08888888888888889]",0.968421052631579,"[0.9157894736842105, 1.0]"
