stage	design	method	subjects	roc_auc	roc_auc_ci	accuracy	accuracy_ci	balanced_accuracy	balanced_accuracy_ci	sensitivity	sensitivity_ci	specificity	specificity_ci	brier	brier_ci
02_budget	primary99	source50_100_frozen	99	0.6267432321575062	[0.5318765381460213, 0.721086956521739]	0.5797979797979798	[0.503030303030303, 0.6586363636363634]	0.58084495488105	[0.5016386382280559, 0.6624876948318292]	0.5956521739130435	[0.47391304347826085, 0.717391304347826]	0.5660377358490566	[0.46037735849056605, 0.6716981132075471]	0.24009822844345355	[0.21707715418309523, 0.2631950418727585]
02_budget	primary99	source50_100_last	99	0.622231337161608	[0.5282116488925349, 0.7143129614438061]	0.5898989898989899	[0.5131313131313131, 0.6686868686868687]	0.590278917145201	[0.5154409351927809, 0.6694134536505331]	0.5956521739130435	[0.47391304347826085, 0.7130434782608696]	0.5849056603773585	[0.47924528301886793, 0.6830188679245283]	0.24025946874210732	[0.2165800373814691, 0.26417999991567875]
02_budget	primary99	ref30_frozen	99	0.6211648892534865	[0.5242719442165709, 0.7205106644790812]	0.597979797979798	[0.5191919191919192, 0.6808080808080809]	0.6004101722723544	[0.5216068498769484, 0.6836382280557833]	0.6347826086956522	[0.5130434782608696, 0.7521739130434782]	0.5660377358490566	[0.45660377358490567, 0.6754716981132075]	0.24054365705106018	[0.2189042534310779, 0.2617459261731778]
02_budget	primary99	ref30_last	99	0.6189499589827727	[0.5217350287120589, 0.7171595570139457]	0.602020202020202	[0.5272727272727272, 0.6808585858585856]	0.6033223954060705	[0.5288248564397046, 0.6831449958982773]	0.6217391304347826	[0.5043478260869565, 0.7391304347826086]	0.5849056603773585	[0.47924528301886793, 0.6867924528301886]	0.2399848589157382	[0.21726189847740138, 0.2617531386268412]
02_budget	primary99	ref_raw_screened_logistic	99	0.6390484003281378	[0.5449446267432322, 0.7250225594749795]	0.597979797979798	[0.5191919191919192, 0.6707070707070707]	0.5966776045939295	[0.5177563576702214, 0.6689499589827728]	0.5782608695652174	[0.46945652173913044, 0.6869565217391305]	0.6150943396226415	[0.5056603773584906, 0.7169811320754716]	0.3172906029337016	[0.25918746070801907, 0.3809756457725095]
02_budget	primary99	ref50_screened_logistic	99	0.6189499589827727	[0.5259844134536505, 0.7054183757178015]	0.5898989898989899	[0.509090909090909, 0.6666666666666666]	0.5897046759639049	[0.5100317883511075, 0.6669852337981952]	0.5869565217391305	[0.46956521739130436, 0.7]	0.5924528301886792	[0.47924528301886793, 0.6981132075471698]	0.2582156920238892	[0.22191278497059577, 0.29741739224573605]
02_budget	sensitivity96	source50_100_frozen	96	0.608479020979021	[0.5161538461538461, 0.70506993006993]	0.5854166666666667	[0.5125, 0.6625]	0.5830419580419581	[0.5092526223776224, 0.6596197552447552]	0.5545454545454546	[0.43636363636363634, 0.6637499999999994]	0.6115384615384616	[0.5038461538461538, 0.7193269230769226]	0.2412676598802452	[0.21945619005332484, 0.26278114106737277]
02_budget	sensitivity96	source50_100_last	96	0.6122377622377623	[0.5169558566433566, 0.7104042832167832]	0.6041666666666666	[0.53125, 0.6791666666666667]	0.6003496503496504	[0.5274475524475525, 0.6755244755244756]	0.5545454545454546	[0.44079545454545455, 0.6636363636363637]	0.6461538461538462	[0.5423076923076923, 0.7462499999999995]	0.24168768891970335	[0.2181169352583486, 0.26483441770963656]
02_budget	sensitivity96	ref30_frozen	96	0.6041083916083915	[0.5107473776223777, 0.7005310314685315]	0.5875	[0.51453125, 0.6625]	0.587062937062937	[0.5120541958041958, 0.6631206293706293]	0.5818181818181818	[0.4727272727272727, 0.6909090909090909]	0.5923076923076923	[0.49230769230769234, 0.6923076923076923]	0.24273085175599848	[0.2231664670166347, 0.2626576129695941]
02_budget	sensitivity96	ref30_last	96	0.6057692307692307	[0.5096131993006993, 0.7037041083916081]	0.5958333333333333	[0.5207812500000001, 0.675]	0.5933566433566433	[0.517298951048951, 0.6727272727272727]	0.5636363636363636	[0.44545454545454544, 0.6772727272727272]	0.6230769230769231	[0.5153846153846153, 0.7269230769230769]	0.24178335705812423	[0.22073953499292293, 0.26275165134310213]
02_budget	sensitivity96	ref_raw_screened_logistic	96	0.6203671328671329	[0.5290996503496503, 0.709534527972028]	0.58125	[0.5020833333333333, 0.6604166666666667]	0.5791958041958042	[0.49929632867132867, 0.6576923076923077]	0.5545454545454546	[0.4318181818181818, 0.6727272727272727]	0.6038461538461538	[0.49230769230769234, 0.7077884615384611]	0.3296099084890986	[0.2691246931767416, 0.39288397385156687]
02_budget	sensitivity96	ref50_screened_logistic	96	0.6374125874125874	[0.5428234265734265, 0.7316520979020977]	0.6083333333333333	[0.5291666666666667, 0.6854687499999997]	0.6055944055944056	[0.5255157342657343, 0.6847945804195804]	0.5727272727272728	[0.4590909090909091, 0.677386363636363]	0.6384615384615384	[0.5269230769230769, 0.7461538461538462]	0.25433010188348065	[0.21407624548544205, 0.29668010722082877]
